# Genesis Plus GX PS5: game names by ROM CRC32, from libretro-database (No-Intro; Redump for Sega CD)
#   md: Sega - Mega Drive - Genesis.dat (2026.08.01), 3365 entries
#   scd: Sega - Mega-CD - Sega CD.dat (2026.08.01), 463 entries
#   sms: Sega - Master System - Mark III.dat (2026.08.01), 1163 entries
#   gg: Sega - Game Gear.dat (2026.08.01), 915 entries
#   sg: Sega - SG-1000.dat (2026.08.01), 212 entries
md	AEB4B262	007 Shitou - The Duel (Japan) (En)
md	C19AE368	10 Super Jogos (Brazil) (En)
md	5DAE911B	14-in-1 (Taiwan) (En) (Pirate)
md	98149EAF	16t (Japan) (Game no Kanzume Otokuyou)
md	537F04B6	16t (Japan) (Sega Game Toshokan)
md	26DFBDB2	2 Ciclopes and Friends - The Fight Game (World) (Pt) (Beta)
md	5A272202	2 Ciclopes and Friends - The Fight Game - Winner Edition (World) (Pt)
md	18FD5A36	2 Ciclopes e Amigos - Fight Game - Winner Edition - New Challengers (World) (Pt)
md	2BBEE127	2020 Nen Super Baseball (Japan)
md	06C3E76D	3 Block Match (World)
md	DAE4963A	3 Block Match (World) (v1.1)
md	E5A24999	3 Ninjas Kick Back (USA)
md	8C9E3AF3	30 Years of Nintendon't (World)
md	C0A77062	30 Years of Nintendon't (World) (Digital)
md	1A6F45DC	6-Pak (USA)
md	F2C58BF7	688 Attack Sub (USA, Europe)
md	01199F5E	99 Balls (World)
md	3D45DE4F	A Ressha de Ikou MD (Japan)
md	39031784	AA6061 (World)
md	6F65BBF5	ASAP PLZ (World)
md	1A3DA8C5	ATP Tour (Europe)
md	8C822884	ATP Tour Championship Tennis (USA)
md	B17A8DBC	ATP Tour Championship Tennis (USA) (Beta 1)
md	CB927488	ATP Tour Championship Tennis (USA) (Beta 2)
md	A15D5051	ATP Tour Championship Tennis (USA) (Beta 3)
md	686A9FA1	ATP Tour Championship Tennis (USA) (Beta 4)
md	A1FEF967	ATP Tour Championship Tennis (USA) (Beta 5)
md	E6398864	ATP Tour Championship Tennis (USA) (Beta 6)
md	B83F4CA4	ATP Tour Championship Tennis (USA) (Beta 7)
md	065F6021	Aa Harimanada (Japan)
md	7AD115FF	Aaahh!!! Real Monsters (Europe)
md	FDC80BFC	Aaahh!!! Real Monsters (USA)
md	F4B44B82	Aaahh!!! Real Monsters (USA) (Beta)
md	8865EE24	Abbaye des Morts, L' (World) (Beta)
md	4A094FF9	Abyssal Infants (World) (Proto 1) (4MB Jam)
md	B893BEA7	Abyssal Infants (World) (Proto 2)
md	0A78953A	Abyssal Infants (World) (Proto 3)
md	A5D5369E	Academia do Saber (Brazil) (Mega Drive 4)
md	29FF58AE	Action 52 (USA)
md	AE4F2616	Addam (World)
md	B906B992	Addams Family Values (Europe) (En,Fr,De)
md	B360704B	Addams Family Values (USA) (Proto)
md	71F58614	Addams Family, The (USA, Europe)
md	2803A5CA	Addams Family, The (USA, Europe) (Beta)
md	42CF9B5B	Advanced Busterhawk Gley Lancer (Japan)
md	79CE299F	Advanced Busterhawk Gley Lancer (Japan) (Columbus Circle)
md	EF39FB40	Advanced Busterhawk Gley Lancer (World) (En,Ja) (Retro-Bit)
md	18FEE331	Advanced Busterhawk Gley Lancer (World) (Ratalaika Games)
md	6CE17E36	Advanced Daisenryaku - Deutsch Dengeki Sakusen (Japan) (Beta)
md	E0D5E18A	Advanced Daisenryaku - Deutsch Dengeki Sakusen (Japan) (Rev A)
md	355E8C39	Adventures of Batman & Robin, The (Europe)
md	0CAAA4AC	Adventures of Batman & Robin, The (USA)
md	F05CF389	Adventures of Batman & Robin, The (USA) (Beta 1)
md	FDAC8190	Adventures of Batman & Robin, The (USA) (Beta 10)
md	27A1524B	Adventures of Batman & Robin, The (USA) (Beta 11)
md	589AA203	Adventures of Batman & Robin, The (USA) (Beta 12)
md	D4F3A070	Adventures of Batman & Robin, The (USA) (Beta 2)
md	B5B5A290	Adventures of Batman & Robin, The (USA) (Beta 3)
md	6874142B	Adventures of Batman & Robin, The (USA) (Beta 4)
md	7002DA56	Adventures of Batman & Robin, The (USA) (Beta 5)
md	61F02F13	Adventures of Batman & Robin, The (USA) (Beta 6)
md	EB8236B2	Adventures of Batman & Robin, The (USA) (Beta 7)
md	253947F8	Adventures of Batman & Robin, The (USA) (Beta 8)
md	BC79F7EE	Adventures of Batman & Robin, The (USA) (Beta 9)
md	24F1A3BB	Adventures of Mighty Max, The (Europe)
md	55F13A00	Adventures of Mighty Max, The (USA)
md	EF02D57B	Adventures of Rocky and Bullwinkle and Friends, The (USA)
md	7C403C5B	Adventures of the Gummi Bears, The (Russia)
md	D4403913	Adventurous Boy - Maoxian Xiaozi (Taiwan) (En)
md	A00DA987	Aero Blasters (Japan) (En)
md	1A3EAF57	Aero the Acro-Bat (Europe)
md	DCD14B10	Aero the Acro-Bat (Europe) (Sample)
md	A3A7A8B5	Aero the Acro-Bat (USA)
md	A451F9A1	Aero the Acro-Bat 2 (Europe)
md	39EB74EB	Aero the Acro-Bat 2 (USA)
md	CFAA9BCE	Aerobiz (USA)
md	9377F1B5	Aerobiz Supersonic (USA)
md	4FF37E66	After Burner II (Japan) (En)
md	CCAFE00E	After Burner II (USA, Europe)
md	BE32D65B	Agent Hugo - Environment at Risk (Russia)
md	BD0EBE1C	Agent Hugo - In the World of Dinosaurs (Russia)
md	2C6CBD77	Ah Q Lianhuan Pao (Taiwan)
md	F3D65BAA	Air Buster (USA)
md	9E2D5B91	Air Diver (Japan) (En)
md	2041885E	Air Diver (USA)
md	6557AD66	Air Hockey (Brazil) (Mega Drive 4)
md	630C21F1	Air Hockey (Europe) (Sega Reactor)
md	B3DB0C71	Air Management - Oozora ni Kakeru (Japan)
md	4582817B	Air Management II - Koukuuou o Mezase (Japan)
md	E6FD715D	Akal (World) (Proto)
md	6D32D468	Akira (USA) (Proto)
md	A4F2F011	Al Michaels Announces HardBall III (USA, Europe)
md	EC9AFEB1	Al Unser Jr.'s Road to the Top (USA) (Proto)
md	D1845E8F	Aladdin (Europe)
md	FB5AACF0	Aladdin (Japan)
md	ED427EA9	Aladdin (USA)
md	78110310	Aladdin (USA) (Beta 1)
md	8C60EF73	Aladdin (USA) (Beta 2)
md	C4491714	Aladdin (USA) (Beta 3)
md	DD66B3FA	Aladdin (USA) (Final Cut)
md	404930F5	Aladdin (World) (Beta) (Disney Classic Games)
md	E4A7AA54	Aladdin (World) (En) (Disney Classic Games)
md	C4616DCB	Aladdin (World) (Ja) (Disney Classic Games)
md	BE5F9397	Aladdin II (Taiwan) (En)
md	5B0678FB	Alex Kidd - Cheongong Maseong (Korea)
md	8A5ED856	Alex Kidd - Tenkuu Majou (Japan)
md	778A0F00	Alex Kidd in the Enchanted Castle (Europe)
md	47DBA0AC	Alex Kidd in the Enchanted Castle (USA)
md	602FB6CC	Alex Kidd in the Enchanted Castle (USA) (Sega Channel)
md	4C65C035	Alfred Chicken (USA) (Proto)
md	6FEBDC32	Alien 3 (China) (En) (Pirate)
md	A3B00D6E	Alien 3 (USA, Europe)
md	B327FD1B	Alien 3 (USA, Europe) (Rev A)
md	FBD0B75D	Alien Cat 2 (World) (Evercade)
md	01010466	Alien Cat 2 (World) (v1.1)
md	159B1DA2	Alien Cat 2 (World) (v1.2) (itch.io)
md	0496E06C	Alien Soldier (Europe)
md	90FA1539	Alien Soldier (Japan)
md	9B1A1D7F	Alien Soldier (USA) (Virtual Console)
md	560CF8BB	Alien Soldier (USA, Europe) (Switch Online)
md	F5AC8DE5	Alien Storm (World)
md	5AB9C9F8	Alien Storm (World) (SEGA Classic Collection)
md	28165BD1	Alisia Dragoon (Europe)
md	4D476722	Alisia Dragoon (Japan)
md	3A6BF605	Alisia Dragoon (Japan) (Mega Drive Mini, Genesis Mini)
md	D28D5C40	Alisia Dragoon (USA)
md	4BFDFE9C	Alisia Dragoon (USA) (Mega Drive Mini, Genesis Mini)
md	8BC5C540	Alligator Game (World)
md	24BF6937	AlterEgo - Dreamwalker (World) (Evercade)
md	3BE95745	AlterEgo - Remastered (World)
md	B2233E87	Altered Beast (Japan, USA) (En) (Rev 1)
md	154D59BB	Altered Beast (USA, Europe) (Rev 2)
md	DDB628DB	Altered Beast II - The Seven Depths of Hell (World) (Proto)
md	9952FA85	American Gladiators (USA)
md	46A4B658	Anaconda (Brazil) (Mega Drive 4)
md	224256C7	Andre Agassi Tennis (Europe)
md	E755DD51	Andre Agassi Tennis (USA)
md	3BBF700D	Andre Agassi Tennis (USA) (Beta)
md	A7F4ACA9	Angry Birds (Russia) (En)
md	B7C39426	Angry Birds - Star Wars (Russia)
md	0A60C60A	Angry Birds in Russia (Russia)
md	92B6F255	Animaniacs (Europe) (En,Fr,De)
md	86224D86	Animaniacs (USA)
md	EBA40875	Aniversario (Brazil) (Mega Drive 4)
md	890BDE10	Annexed Territory (World)
md	E9742041	Another World (Europe)
md	10BE1D93	Aoki Ookami to Shiroki Mejika - Genchou Hishi (Japan)
md	2E399179	Aquaduto (Brazil) (Mega Drive 4)
md	400F4BA7	Aquatic Games Starring James Pond and the Aquabats, The (USA, Europe)
md	8AED2090	Arcade Classics (USA, Europe)
md	2362F1B9	Arcade Legends Sega Mega Drive (World) (Radica)
md	12CAA444	Arcade Legends Street Fighter II' - Special Champion Edition (World) (Radica)
md	E389D7E7	Arch Rivals - The Arcade Game (USA, Europe)
md	41C5FB4F	Arcus Odyssey (Japan)
md	BC4D9B20	Arcus Odyssey (USA)
md	127FBC14	Arcus Odyssey (World) (Evercade)
md	A35C2B2F	Argentina Soccer 2006 (Argentina) (Pirate)
md	DD03E83D	Ariel - The Little Mermaid (China) (En) (Pirate)
md	2B3F375E	Ariel - The Little Mermaid (USA) (Sega Channel)
md	58E297DF	Ariel - The Little Mermaid (USA, Europe)
md	8B33E732	Arkagis Revolution (World) (En,Es) (Beta 2)
md	E4E7F232	Arkagis Revolution (World) (En,Es) (Beta 3)
md	53D271FD	Arkagis Revolution (World) (En,Es) (Beta 4)
md	662C4A59	Arkagis Revolution (World) (En,Fr,Es) (Beta 1)
md	980E247E	Arkagis Revolution (World) (En,Fr,Es) (Beta 5)
md	C839231E	Arkagis Revolution (World) (En,Fr,Es) (Beta 6)
md	E3A71431	Arkagis Revolution (World) (En,Fr,Es) (Digital)
md	6F919261	Arkagis Revolution - Input Diagnostics (World)
md	35B995EF	Arnold Palmer Tournament Golf (USA, Europe)
md	09B67C70	Arnold Palmer Tournament Golf (USA, Europe) (Rev A) (Beta) (Sega Channel)
md	D49F8444	Arrow Flash (Japan, Europe) (En)
md	4D89E66B	Arrow Flash (USA)
md	F1B72CDD	Art Alive (World)
md	952C0375	Art Alive (World) (Sega Channel)
md	9970C422	Art of Fighting (Europe)
md	C9A57E07	Art of Fighting (USA)
md	19CE567D	Art of Fighting (USA) (Beta)
md	8625CBF7	Aruiwa Korega Risouno Seikatsu (World) (Ja)
md	64067C71	Asa Delta (Brazil) (Mega Drive 4)
md	D26AAB4A	Astebros (World) (Demo 1)
md	09D7A996	Astebros (World) (Demo 2)
md	FF29CEB7	Astebros (World) (En) (Demo 3)
md	577C3D2D	Astebros (World) (En,Ja,Fr,De,Es,It,Pt-BR,Zh) (Demo 4)
md	49DCA986	Astebros (World) (Fr) (Demo 3)
md	B11BCF7C	Asteraoult Wars (World) (Fr)
md	4735FEE6	Asterix and the Great Rescue (Europe) (En,Fr,De,Es,It)
md	7F112CD8	Asterix and the Great Rescue (USA)
md	45C8B5B7	Asterix and the Power of the Gods (Europe) (Beta)
md	4FF1D83F	Asterix and the Power of the Gods (Europe) (En,Fr,De,Es)
md	7323AE8E	Astro Robo Sasa (World) (Proto)
md	E833067E	Atomic Robo-Kid (Japan)
md	7CD8169E	Atomic Robo-Kid (USA)
md	B3C05418	Atomic Runner (Europe)
md	0677C210	Atomic Runner (USA)
md	51AEF53D	Aureole - Wings of Hope (Europe) (Promo)
md	AC5BC26A	Australian Rugby League (Europe)
md	51117C67	Australian Rugby League (Europe) (Beta)
md	5DF721FA	Automata (World) (Proto)
md	1D9C56F9	Avuado (World) (Proto)
md	8C64445E	Awesome Possum (Japan) (En,Ja)
md	1F07577F	Awesome Possum Kicks Dr. Machino's Butt (USA)
md	0158DC53	Awesome Possum Kicks Dr. Machino's Butt! (USA) (Beta 1)
md	A541AC1C	Awesome Possum Kicks Dr. Machino's Butt! (USA) (Beta 2)
md	65526763	Awesome Possum Kicks Dr. Machino's Butt! (USA) (Beta 3)
md	069C27C1	Aworg - Hero in the Sky (Japan) (Sega Game Toshokan)
md	60AF0F76	Ayrton Senna's Super Monaco GP II (Japan, Europe) (En,Ja)
md	EAC8DED6	Ayrton Senna's Super Monaco GP II (USA) (En,Ja)
md	27913EAD	Ayrton Senna's Super Monaco GP II (USA) (En,Ja) (Beta)
md	EAA2ACB7	B.O.B. (USA, Europe)
md	E3E8421E	B.O.B. (USA, Europe) (Beta)
md	C0D97F6F	Baby Boom (USA) (Proto 1)
md	6E0CF48D	Baby Boom (USA) (Proto 2)
md	BD697054	Baby Boom (USA) (Proto 3)
md	459B891C	Baby's Day Out (USA) (Proto 1)
md	B2E7CC49	Baby's Day Out (USA) (Proto 2)
md	2737F92E	Back to the Future Part III (Europe)
md	66A388C3	Back to the Future Part III (USA)
md	975693CE	Bad Omen (Japan, Korea) (En)
md	B1E268DA	Bahamut Senki (Japan)
md	983B1EBA	Bailey the Brave (World)
md	F5C3C54F	Ball Jacks (Japan, Europe) (En)
md	C89AD87E	Ballz 3D - Fighting at its Ballziest (USA, Europe) (Beta 1)
md	D349AB90	Ballz 3D - Fighting at its Ballziest (USA, Europe) (Beta 2)
md	B362B705	Ballz 3D - The Battle of the Ballz (USA, Europe)
md	E3521BB9	Bao Long Tu - Violent Dragon Rabbit (World) (Proto)
md	496EB1D1	Baoxiao Sanguo (Taiwan)
md	DF107B54	Baoxiao Sanguo (Taiwan) (Alt)
md	4FC515F5	Barbarian (World) (F.L.) (Amiga 500)
md	D63F8446	Barbarian (World) (F.L.) (Amstrad CPC)
md	FEC97705	Barbarian (World) (F.L.) (Atari ST)
md	D37F9AF0	Barbarian (World) (F.L.) (Commodore 64)
md	5360129D	Barbarian (World) (F.L.) (ZX Spectrum)
md	A887D287	Barbarian (World) (Z-team)
md	81C9662B	Barbie Super Model (USA)
md	D4823175	Barbie Super Model (USA) (Beta)
md	10E0BA69	Barbie Vacation Adventure (USA) (Proto)
md	0CF2ACBE	Bare Knuckle II (Japan) (En) (Beta)
md	5D09236F	Bare Knuckle III (Japan)
md	E7FF99DB	Bare Knuckle III (Japan) (Beta)
md	C0F80D9D	Bare Knuckled Princess (World) (Proto) (bitbitJAM 2016)
md	321BB6BD	Barkley Shut Up and Jam 2 (USA)
md	DE27357B	Barkley Shut Up and Jam 2 (USA) (Beta)
md	63FBF497	Barkley Shut Up and Jam! (USA, Europe)
md	1EFA9D53	Barney's Hide & Seek Game (USA)
md	19D9DC81	Barney's Hide & Seek Game (USA) (Sega Channel)
md	CF1FF00A	Bass Masters Classic (USA)
md	9EDDEB3D	Bass Masters Classic - Pro Edition (USA)
md	C6AD942D	Batalha Naval (Brazil) (Mega Drive 4)
md	61C60C35	Batman (Europe)
md	D7B4FEBF	Batman (Japan) (En)
md	CAA044A1	Batman - Revenge of the Joker (USA)
md	017410AE	Batman - The Video Game (USA)
md	DB41F2D5	Batman Forever (World)
md	4A3225C0	Batman Returns (World)
md	0A344AE4	Batman Returns MD (World) (Demo 1)
md	F6C4ECA5	Batman Returns MD (World) (Demo 2)
md	30F2EA20	Batman Returns MD (World) (Demo 3)
md	1751D35F	Battle City (World) (Proto) (Pirate)
md	B06674A8	Battle Frenzy (USA) (En,Fr,De,Es) (Sega Channel)
md	4AA03E4E	Battle Golfer Yui (Japan)
md	A76C4A29	Battle Mania (Japan)
md	BF0A017F	Battle Mania (Japan) (Beta)
md	312FA0F2	Battle Mania Daiginjou (Japan, Korea) (Ja)
md	0FEAA8BF	Battle Squadron (USA, Europe)
md	43A76B45	Battle Squadron (USA, Europe) (Rev 1) (Beta) (Sega Channel)
md	B15A50FE	Battle Women (World) (En,Fr,De,Es,It,Pt-BR,Pl,Ru,Uz)
md	FD2B35E3	Battlemaster (USA)
md	409E5D14	Battletech - A Game of Armored Combat (USA)
md	D10E103A	Battletoads (World)
md	8239DD17	Battletoads-Double Dragon (USA)
md	4646C694	Beast Warriors (Japan)
md	0CA5BB64	Beast Wrestler (USA)
md	E8734E9C	Beast Wrestler (USA) (Beta)
md	29D0D066	Beast Wrestler (World) (Evercade)
md	6A176576	Beastball (Europe) (Proto)
md	650545A1	Beastball (World) (Evercade)
md	BEFB6FAE	Beauty and the Beast - Belle's Quest (USA)
md	13E7B519	Beauty and the Beast - Roar of the Beast (USA)
md	C7B6435E	Beavis and Butt-Head (Europe)
md	F5D7B948	Beavis and Butt-Head (USA)
md	81ED5335	Beavis and Butt-Head (USA) (Beta)
md	1BD0C6A3	Beethoven's 2nd - The Quest for Pups (USA) (Proto)
md	6332EDCC	Beggar Prince (USA, Europe) (Rev 1) (Super Fighter Team)
md	F3AF46CD	Beggar Prince (USA, Europe) (Super Fighter Team)
md	842C12F9	Bell Sensei no Ongaku Kyoushitu (World) (Ja) (v1.02)
md	879A0CFC	Bell Sensei no Uranai-kan (World) (Ja)
md	0CFD501B	Bell Sensei no Uranai-kan 2 (World) (Ja)
md	C8BE0B26	Ben 10 (Russia)
md	1F86237B	Berenstain Bears' Camping Adventure, The (USA)
md	BFBCD7CC	Berenstain Bears' Camping Adventure, The (USA) (Beta 1)
md	9C3BF429	Berenstain Bears' Camping Adventure, The (USA) (Beta 10)
md	83CF19E4	Berenstain Bears' Camping Adventure, The (USA) (Beta 11)
md	A748E2CF	Berenstain Bears' Camping Adventure, The (USA) (Beta 12)
md	BF6AA405	Berenstain Bears' Camping Adventure, The (USA) (Beta 13)
md	C84AAD8E	Berenstain Bears' Camping Adventure, The (USA) (Beta 14)
md	ABEE4C5E	Berenstain Bears' Camping Adventure, The (USA) (Beta 15)
md	B7CD465C	Berenstain Bears' Camping Adventure, The (USA) (Beta 16)
md	383AD564	Berenstain Bears' Camping Adventure, The (USA) (Beta 17)
md	18F268A6	Berenstain Bears' Camping Adventure, The (USA) (Beta 18)
md	24159B6F	Berenstain Bears' Camping Adventure, The (USA) (Beta 19)
md	F222E946	Berenstain Bears' Camping Adventure, The (USA) (Beta 2)
md	58B6B0FC	Berenstain Bears' Camping Adventure, The (USA) (Beta 20)
md	E21493B4	Berenstain Bears' Camping Adventure, The (USA) (Beta 3)
md	713C14D8	Berenstain Bears' Camping Adventure, The (USA) (Beta 4)
md	F7B81C6A	Berenstain Bears' Camping Adventure, The (USA) (Beta 5)
md	E1855ADE	Berenstain Bears' Camping Adventure, The (USA) (Beta 6)
md	07C9F71F	Berenstain Bears' Camping Adventure, The (USA) (Beta 7)
md	913887B7	Berenstain Bears' Camping Adventure, The (USA) (Beta 8)
md	D33C0FA4	Berenstain Bears' Camping Adventure, The (USA) (Beta 9)
md	DE02F77A	Berenstain Bears' Camping Adventure, The (USA) (Sega Channel)
md	F842240B	Best of the Best - Championship Karate (Europe) (Proto)
md	C3D6A5D4	Best of the Best - Championship Karate (USA)
md	C4728225	Beyond Oasis (USA)
md	FA59F847	Beyond Oasis (USA) (Beta)
md	C61ED2ED	Beyond Zero Tolerance (USA) (Proto 1)
md	81A446F0	Beyond Zero Tolerance (USA) (Proto 2)
md	64446B77	Bible Adventures (USA)
md	85B15A30	Bil Bolha (Brazil) (Mega Drive 4)
md	3ED83362	Bill Walsh College Football (USA, Europe)
md	A582F45A	Bill Walsh College Football 95 (USA)
md	0E1F263F	Bill's Tomato Game (USA) (Proto)
md	D4DC5188	Bimini Run (USA)
md	09778768	Bio Evil (World) (Demo 1)
md	17C61F88	Bio Evil (World) (Demo 2)
md	F99DE8D7	Bio Evil (World) (Demo 3)
md	95B0EA2B	Bio Hazard Battle (USA, Europe)
md	4F19A73D	Bio Hazard Battle (USA, Europe) (Beta 1)
md	DD10DD1A	Bio Hazard Battle (USA, Europe) (Beta 2)
md	5E246938	Bishoujo Senshi Sailor Moon (Japan)
md	5C4D4EEC	Black Baron (World) (Proto)
md	EE26EBD5	Black Jewel Reborn (World) (Demo 1)
md	2961FCB6	Black Jewel Reborn (World) (Demo 2)
md	0ADEE51C	Black Jewel Reborn (World) (Demo 3)
md	74C65A49	Blades of Vengeance (USA, Europe)
md	C11E4BA1	Blaster Master 2 (USA)
md	A867F619	Blaster Master 2 (USA) (Beta 1)
md	08F78C70	Blaster Master 2 (USA) (Beta 2)
md	4385E366	Blockbuster World Video Game Championship II (USA)
md	5E2966F1	Blockout (World)
md	F9F2BCEB	Bloodshot (Europe) (En,Fr,De,Es)
md	7222EBB3	Blue Almanac (Japan)
md	649607D1	Body Count (Brazil) (En)
md	3575A030	Body Count (Europe) (En,Fr,De,Es,It)
md	B4FFB6CE	Body Count (Europe) (En,Fr,De,Es,It) (Beta)
md	66CA4E71	Body Count (USA) (Beta 1)
md	C5FED897	Body Count (USA) (Beta 2)
md	6ABC6E77	Body Count (USA) (Beta 3)
md	8965213F	Body Count (USA) (Beta 4)
md	08C13B2A	Body Count (USA) (Sega Channel)
md	0B924C20	Bomb on Basic City (World) (En,Fr)
md	076232FD	Bomb on Basic City - Special Edition + Papi Commando Tennis Demo (World) (En,Fr)
md	2A8C91CF	Bomber (Europe) (Sega Reactor)
md	6389A658	Bomber (USA) (Sega Gopher)
md	19F8533D	Bombx (World)
md	ADF6476C	Bonanza Bros. (Japan, Europe) (En,Ja)
md	C6AAC589	Bonanza Bros. (Japan, Europe) (En,Ja) (Rev A)
md	20D1AD4C	Bonanza Bros. (USA, Europe, Korea) (En) (Rev B)
md	6B533352	Bone Marrow (World) (En,Ru) (Demo 1)
md	CDE9EA8A	Bone Marrow (World) (En,Ru) (Demo 2)
md	D1E66017	Bonkers (USA, Europe)
md	CD67C588	Bonkers (USA, Europe) (Beta 1)
md	E4CD0D61	Bonkers (USA, Europe) (Beta 2)
md	913CC834	Bonkers (USA, Europe) (Beta 3)
md	3E5EDC4F	Bonkers (USA, Europe) (Beta 4)
md	7B84793E	Bonkers (USA, Europe) (Beta 5)
md	DBC4340C	Boogerman - A Pick and Flick Adventure (Europe)
md	1A7A2BEC	Boogerman - A Pick and Flick Adventure (USA)
md	CCF52828	Boogie Woogie Bowling (Japan)
md	3AC22D51	Bottle Taps Race (Europe) (Sega Reactor)
md	0AF12B94	Bottle Taps Race (USA)
md	00F225AC	Boxing Legends of the Ring (USA)
md	9BA5A063	Bram Stoker's Dracula (Europe)
md	077084A6	Bram Stoker's Dracula (USA)
md	F4554624	Brave Battle Saga - Legend of the Magic Warrior (USA, Europe)
md	121CE289	Breach (USA) (Proto)
md	F293655F	Break An Egg (World)
md	1A462FDA	Break An Egg (World) (Beta) (0h Game Jam)
md	7E6F126C	BreakThru! (USA) (Proto)
md	F7775A09	Brett Hull Hockey 95 (USA)
md	408CF5C3	Brian Lara Cricket (Australia)
md	90F5C2B7	Brian Lara Cricket (Europe)
md	FA3024AF	Brian Lara Cricket 96 (Europe)
md	FE52F7E1	Brian Lara Cricket 96 (Europe) (Rev 1)
md	7E9A8D32	Brutal - Paws of Fury (Europe) (En,Fr,De)
md	98D502CD	Brutal - Paws of Fury (USA)
md	B467432E	Bubba 'N' Stix (Europe)
md	D45CB46F	Bubba 'N' Stix (USA)
md	2DFA5E48	Bubba N Stix (Europe) (Beta)
md	B642C418	Bubble Gum Toad (World)
md	86151BF1	Bubble and Squeak (Europe)
md	28C4A006	Bubble and Squeak (USA)
md	F8BEFF56	Bubsy II (USA, Europe)
md	3E30D365	Bubsy in - Claws Encounters of the Furred Kind (USA, Europe)
md	44E3BFFF	Buck Rogers - Countdown to Doomsday (USA, Europe)
md	97ADD5BD	Budokan - The Martial Spirit (Europe)
md	43532E3D	Budokan - The Martial Spirit (USA) (Rev 1) (Beta)
md	ACD9F5FC	Budokan - The Martial Spirit (USA)
md	20175DE8	Bug Hunt (World)
md	10458E09	Bug's Life, A - Chong Chong Weiji (Taiwan) (En)
md	CEC0A0BB	Bugs Bunny in Double Trouble (Europe) (En,Fr,De,Es,It)
md	365305A2	Bugs Bunny in Double Trouble (USA)
md	D4E4B4E8	Bulls versus Blazers and the NBA Playoffs (USA, Europe)
md	B6376B36	Bulls vs Lakers (China) (En) (Pirate)
md	E56023A0	Bulls vs Lakers and the NBA Playoffs (USA, Europe)
md	A6793F3A	Bunny Girl Casino (World)
md	776FF6FF	Burning Force (Europe)
md	0C1DEB47	Burning Force (Japan) (En)
md	BDC8F02C	Burning Force (USA)
md	0C8581F7	Burning Force (World) (Evercade)
md	13BDF374	Cadash (USA, Korea) (En)
md	AD1AB6E2	Cadilac Dinosauro (World)
md	73B9D884	Cadilac Dinosauro (World) (v1.1)
md	5F20F907	Cadilac Dinosauro (World) (v1.2)
md	69796E93	Caesar no Yabou (Japan)
md	4F327B3A	Caesar no Yabou II (Japan)
md	8FDAA9BB	Caesars Palace (USA)
md	9B1C96C0	Cal Ripken Jr. Baseball (USA)
md	0A92DF3D	Calamity (World) (Fr) (v1.1)
md	44F4FA05	Caliber.50 (USA)
md	43B1B672	California Games (USA, Europe)
md	7A46A4A7	Call of Duty - Ghosts (Russia)
md	D6D7DE9F	Canhao (Brazil) (Mega Drive 4)
md	E6D6B7E1	Cannon Fire Chaos (World)
md	3F440D3F	Cannon Fodder (Europe)
md	39191BA3	Cannon Fodder (World) (Evercade)
md	F85DD66D	Canon - The Legend of the New Gods (USA) (Piko Interactive)
md	2AC1F6BA	Capoeira Boy (World) (Pt)
md	43225612	Captain America and the Avengers (Europe)
md	E0639CA2	Captain America and the Avengers (USA)
md	BAAC59C0	Captain America and the Avengers (USA) (Beta)
md	09CBD94C	Captain America and the Avengers (World) (Marvel MaXimum Collection)
md	61BA8199	Captain Lang (Japan) (En,Ja)
md	7672EFA5	Captain Planet and the Planeteers (Europe)
md	BF2CBD3A	Captain Planet and the Planeteers (Europe) (Beta)
md	C1049BC6	Carmageddon (World) (v1.1)
md	B57616BE	Carmageddon (World) (v1.6)
md	EFB12982	Carmageddon (World) (v1.7)
md	313A3165	Casanova - Love Mission (World) (En,Fr,De,It,Ru) (v5.7.9.1920)
md	E7B287FE	Cascade (World)
md	D3D8DEB6	Castle Cat (World)
md	FB4D9DE2	Castle Cat 2 - The Miami Invasion (World)
md	F8D1C504	Castle Cat 3 - The Vegas Connection (World)
md	BA4E9FD0	Castle of Illusion Starring Mickey Mouse (USA, Europe)
md	FB1EA6DF	Castlevania - Bloodlines (USA)
md	CA0DF45B	Castlevania - Bloodlines (USA) (Beta 1)
md	64D46357	Castlevania - Bloodlines (USA) (Beta 2)
md	E949FBE5	Castlevania - Bloodlines (USA) (Castlevania Anniversary Collection)
md	2E8597F2	Castlevania - Bloodlines (USA, Europe) (Switch Online)
md	4DD4E4A5	Castlevania - The New Generation (Europe)
md	BED7A379	Castlevania - The New Generation (Europe) (Beta)
md	6A5E58CD	Castlevania - The New Generation (Europe) (Mega Drive Mini, Genesis Mini)
md	96CA83FA	Cavalos & Peoes (Brazil) (Mega Drive 4)
md	86F88E64	Cave Story - Doukutsu Monogatari (World) (De) (v0.8.8)
md	4318AA05	Cave Story - Doukutsu Monogatari (World) (En) (v0.8.8)
md	5C2E57EE	Cave Story - Doukutsu Monogatari (World) (Es) (v0.8.8)
md	0683B619	Cave Story - Doukutsu Monogatari (World) (Fi) (v0.8.8)
md	6A9C8FAE	Cave Story - Doukutsu Monogatari (World) (Fr) (v0.8.8)
md	B1DB86F5	Cave Story - Doukutsu Monogatari (World) (It) (v0.8.8)
md	6FA4B89D	Cave Story - Doukutsu Monogatari (World) (Ko) (v0.8.8)
md	3C40F1BF	Cave Story - Doukutsu Monogatari (World) (Pt-BR) (v0.8.8)
md	A57002EF	Cave Story - Doukutsu Monogatari (World) (Pt-PT) (v0.8.8)
md	061BE793	Cave Story - Doukutsu Monogatari (World) (Ru) (v0.8.8)
md	A342AB5E	Cave Story - Doukutsu Monogatari (World) (Zh) (v0.8.8)
md	AC40F726	Cells & Bombs (World)
md	21283B14	Centurion - Defender of Rome (USA, Europe)
md	A7C83919	Centurion - Defender of Rome (USA, Europe) (Sega Channel)
md	046A48DE	Chakan (USA, Europe)
md	77B7E85F	Chakan (USA, Europe) (Sega Channel)
md	50217C80	Chameleon Kid (Japan) (En)
md	7B3EB69D	Champions World Class Soccer (World) (Beta)
md	883E33DB	Champions World Class Soccer (World) (En,Fr,De,Es)
md	1BF92520	Championship Bowling (USA)
md	253512CF	Championship Pool (USA)
md	B496DE28	Championship Pro-Am (USA)
md	2E2EA687	Chaoji Dafuweng (Taiwan)
md	2B4B40E3	Chaoji Mahjong Club (Taiwan)
md	C37E6858	Chaoji Poker (Taiwan) (En)
md	3FB045C2	Chaos Engine 2, The (Europe) (Proto)
md	A6E1D401	Chaos Engine, The (Europe)
md	F22F0836	Chaperon Violet, Le (World) (Fr) (Proto)
md	F39E4BF2	Chase H.Q. II (USA)
md	C714463C	Chase and the Gurgloos (World)
md	5BC0DBB8	Chavez II (Mexico)
md	FF634B28	Cheese Cat-Astrophe Starring Speedy Gonzales (Europe) (En,Fr,De,Es)
md	B2FE74D8	Chelnov (Japan)
md	7C161C48	Chengjisihan II - Yuanchao Mishi Zhi Canglang Yu Bailu (China) (Pirate)
md	47380EDD	Chess (Russia) (En)
md	109994D0	Chessmaster, The (USA) (Sega Channel)
md	250E3EC3	Chester Cheetah - Too Cool to Fool (USA)
md	B97B735D	Chester Cheetah - Wild Wild Quest (USA)
md	9C3973A4	Chi Chi's Pro Challenge Golf (USA)
md	91A144B8	Chibi Maruko-chan - Wakuwaku Shopping (Japan)
md	06918C17	Chiki Chiki Boys (Japan, Korea) (Ja)
md	813A7D62	Chiki Chiki Boys (USA, Europe)
md	836C03B8	Chip 'n Dale - Rescue Rangers (Russia)
md	4B97C744	Chip 'n Dale - Rescue Rangers 2 (Russia)
md	6D8C2206	Chou Kyuukai Miracle Nine (Japan)
md	81F939DE	Chou Touryuu Retsuden - Dino Land (Japan) (En)
md	60A2EE79	Chuck Rock (China) (En) (Pirate)
md	7CD40BEA	Chuck Rock (Europe)
md	F8AC454A	Chuck Rock (USA)
md	BFD24BE8	Chuck Rock II (Japan) (En)
md	1ADE9488	Chuck Rock II - Son of Chuck (Europe)
md	408B1CDB	Chuck Rock II - Son of Chuck (USA)
md	D6A3B324	Chuck Rock II - Son of Chuck (USA) (Beta)
md	48BF71E9	Citadel of Chaos, The (World) (En,Fr) (v2.0)
md	BFE255E3	Citadel of Chaos, The (World) (En,Fr) (v2.1)
md	FAC49E30	Citadel of Chaos, The (World) (En,Fr) (v2.23)
md	AEF2EA1F	Citadel of Chaos, The (World) (En,Fr) (v3.0)
md	73F948B1	Classic Collection (Europe)
md	1AAF7707	ClayFighter (Europe)
md	B12C1BC1	ClayFighter (USA)
md	EB5E0B28	Cliffhanger (Europe)
md	9CBF44D3	Cliffhanger (USA)
md	7753A296	Clue (USA)
md	67C309C6	Coach K College Basketball (USA)
md	B9075385	College Football USA 96 (USA)
md	E70BD01D	College Football USA 96 (USA) (Beta)
md	2EBB90A3	College Football USA 97 (USA)
md	172C5DBB	College Football's National Championship (USA)
md	D9772DEF	College Football's National Championship (USA) (Beta 1)
md	482E334A	College Football's National Championship (USA) (Beta 10)
md	C6766745	College Football's National Championship (USA) (Beta 11)
md	994DBC8F	College Football's National Championship (USA) (Beta 12)
md	9CA29321	College Football's National Championship (USA) (Beta 13)
md	B40B791E	College Football's National Championship (USA) (Beta 14)
md	D008DEBC	College Football's National Championship (USA) (Beta 15)
md	ECEF7DE7	College Football's National Championship (USA) (Beta 16)
md	C7E5A998	College Football's National Championship (USA) (Beta 17)
md	74988A9D	College Football's National Championship (USA) (Beta 18)
md	898C17FA	College Football's National Championship (USA) (Beta 19)
md	E0A1705F	College Football's National Championship (USA) (Beta 2)
md	D5FE66C3	College Football's National Championship (USA) (Beta 3)
md	99DA1973	College Football's National Championship (USA) (Beta 4)
md	DB1A3F66	College Football's National Championship (USA) (Beta 5)
md	0A538E75	College Football's National Championship (USA) (Beta 6)
md	CE65B294	College Football's National Championship (USA) (Beta 7)
md	8CFD4C86	College Football's National Championship (USA) (Beta 8)
md	F285385E	College Football's National Championship (USA) (Beta 9)
md	65B64413	College Football's National Championship II (USA)
md	96A42431	College Slam (USA)
md	51B99BCF	Color Jumper (World) (v1.1)
md	03163D7A	Columns (Japan) (En)
md	D783C244	Columns (USA, Europe)
md	7EEC1A45	Columns (USA, Europe) (Sega Channel)
md	0A0D1D51	Columns (World) (Sega Ages)
md	DC678F6D	Columns III (USA)
md	CD07462F	Columns III - Taiketsu! Columns World (Japan, Korea) (Ja)
md	84560D5A	Combat Aces (USA) (Proto)
md	E439B101	Combat Cars (USA, Europe)
md	939EFD4C	Comix Zone (Europe) (Beta 1)
md	E28C89C1	Comix Zone (Europe) (Beta 2)
md	1318E923	Comix Zone (Europe) (En,Fr,De,Es)
md	7A6027B8	Comix Zone (Japan) (En,Ja)
md	17DA0354	Comix Zone (USA)
md	2EFCB6EE	Comix Zone (USA) (Beta 1)
md	AFF32614	Comix Zone (USA) (Beta 10)
md	36029A1F	Comix Zone (USA) (Beta 2)
md	A72ECA2C	Comix Zone (USA) (Beta 3)
md	BA506835	Comix Zone (USA) (Beta 4)
md	BBE03CB6	Comix Zone (USA) (Beta 5)
md	413B9A94	Comix Zone (USA) (Beta 6)
md	9AE93C9D	Comix Zone (USA) (Beta 7)
md	1A4ABCF3	Comix Zone (USA) (Beta 8)
md	B5F0DAE5	Comix Zone (USA) (Beta 9)
md	918669F8	Comix Zone (USA) (Demo 1) (Sega Channel)
md	FB359C7B	Comix Zone (USA) (Demo 2) (Sega Channel)
md	C77DB9E1	Comix Zone (USA) (Demo 3) (Sega Channel)
md	2BB02A7D	Comix Zone (USA) (Sega Smash Pack 2)
md	E45A15F4	Comix Zone (USA) (Virtual Console)
md	13746716	Congo - The Game (USA) (Proto)
md	AF089CAF	Connection Crafts Museum (World)
md	74DDED00	Contra - Hard Corps (USA) (Contra Anniversary Collection)
md	042A81B0	Contra - Hard Corps (USA) (Mega Drive Mini, Genesis Mini)
md	C579F45E	Contra - Hard Corps (USA, Korea) (En)
md	2AB26380	Contra - The Hard Corps (Japan)
md	F1F4B361	Contra - The Hard Corps (Japan) (Contra Anniversary Collection)
md	76C211CB	Contra - The Hard Corps (Japan) (Mega Drive Mini, Genesis Mini)
md	5F09FA41	Cool Spot (Europe)
md	E869EFB1	Cool Spot (Japan, Korea) (En)
md	F024C1A1	Cool Spot (USA)
md	0EBAA4A8	Cool Spot (USA) (Beta)
md	A80D18AA	Corporation (Europe)
md	B0F5FED3	Corrida de Tampinhas (Brazil) (Mega Drive 4)
md	CB89E605	Cosmic Spacehead (Europe) (En,Fr,De,Es) (Rev 1)
md	C593D31C	Cosmic Spacehead (USA, Europe) (En,Fr,De,Es)
md	ADFED3B7	Cowboy Shooters (World) (Proto)
md	D012A47A	Crack Down (Europe)
md	538AAA5D	Crack Down (Japan) (En)
md	B9CE9051	Crack Down (USA)
md	97FC42D2	Crayon Shin-chan - Arashi o Yobu Enji (Japan)
md	AFE82CCF	Crazy Driver (World)
md	254FD959	Crazy Driver (World) (v1.1)
md	91D31B0F	Criatura (World)
md	CC73F3A9	CrossFire (USA)
md	FF9E9F45	CrossFire (USA) (Sample)
md	73F038EA	Crude Buster (China) (En) (Pirate)
md	AFFB4B00	Crude Buster (Japan) (En)
md	514C53E2	Crue Ball (Japan) (En)
md	4B195FC0	Crue Ball - Heavy Metal Pinball (USA, Europe)
md	41858F6F	Crusader of Centy (USA)
md	4ABA1D6A	Crying - Aseimei Sensou (Japan) (En)
md	6CF7A4DF	Crystal's Pony Tale (USA)
md	EAC9D74B	Crystal's Pony Tale (USA) (Beta 1)
md	16AC2E4F	Crystal's Pony Tale (USA) (Beta 10)
md	24BC4354	Crystal's Pony Tale (USA) (Beta 11)
md	6D67A87C	Crystal's Pony Tale (USA) (Beta 12)
md	2BFC0A53	Crystal's Pony Tale (USA) (Beta 13)
md	3577DC72	Crystal's Pony Tale (USA) (Beta 14)
md	C67B6DBA	Crystal's Pony Tale (USA) (Beta 15)
md	DC50B741	Crystal's Pony Tale (USA) (Beta 2)
md	A2EABA55	Crystal's Pony Tale (USA) (Beta 3)
md	14C6347C	Crystal's Pony Tale (USA) (Beta 4)
md	83E8CAC9	Crystal's Pony Tale (USA) (Beta 5)
md	9E1DD267	Crystal's Pony Tale (USA) (Beta 6)
md	4CCC19AF	Crystal's Pony Tale (USA) (Beta 7)
md	03BE7F66	Crystal's Pony Tale (USA) (Beta 8)
md	DD8C73FB	Crystal's Pony Tale (USA) (Beta 9)
md	A4FBF9A9	Curse (Japan) (En)
md	DEE8876D	Curse (USA) (Proto) (Sega Channel)
md	0FD997F5	Curse of Illmoore Bay, The (World) (Demo 1)
md	FB825096	Curse of Illmoore Bay, The (World) (Demo 2)
md	615818E5	Curse of Illmoore Bay, The (World) (Demo 3)
md	744CD246	Cursed Knight, The (World) (Demo 1)
md	B276840F	Cursed Knight, The (World) (Demo 2)
md	B08237CB	Cursed Knight, The (World) (Demo 3)
md	974FADDC	Cursed Knight, The (World) (Demo 5)
md	6F31E5B4	Cursed Knight, The (World) (En,Fr) (Demo 4)
md	52C6EF0F	Cursed Knight, The (World) (En,Fr) (Demo 6)
md	EBABBC70	CutThroat Island (USA, Europe)
md	7F4939F2	CutThroat Island (USA, Europe) (Beta)
md	13795DCA	Cutie Suzuki no Ringside Angel (Japan)
md	16EBDC47	Cyber Mission (World) (Demo 1)
md	B7048B3E	Cyber Mission (World) (Demo 2)
md	87B636A2	Cyber Police - ESWAT (Japan) (En)
md	01E719C8	Cyber-Cop (USA)
md	76120E96	Cyberball (World)
md	AB0D1269	Cyborg Justice (USA, Europe)
md	BB84928C	Cyborg Justice (USA, Europe) (Beta)
md	73DC0DD8	DEcapAttack (USA, Europe, Korea) (En)
md	860E749A	DJ Boy (Europe)
md	202ABAA8	DJ Boy (Japan) (En)
md	DC9F02DB	DJ Boy (USA)
md	BE56AD59	DOOM Sixternal (World)
md	B2F18328	Da Hanghai Shidai (Taiwan) (Pirate)
md	5171A4E4	Da Hanghai Shidai II (Taiwan) (Simplified) (Pirate)
md	75B4A604	Da Hanghai Shidai II (Taiwan) (Traditional) (Pirate)
md	06653575	Da Zhanlue - Shandian Qixi (China) (Pirate)
md	10829EA1	Daana (Korea)
md	23FE7AD8	Daemon Claw - Origins of Nnar (World)
md	0EAA4740	Daffy Duck in Hollywood (Europe) (Beta)
md	1FDC66B0	Daffy Duck in Hollywood (Europe) (En,Fr,De,Es,It)
md	13DC2724	Dahna - Megami Tanjou (China) (Ja) (Pirate)
md	4602584F	Dahna - Megami Tanjou (Japan)
md	5A652458	Daikoukai Jidai (Japan)
md	E040F0DA	Daikoukai Jidai II (Japan)
md	5659F379	Daimakaimura (Japan)
md	05FCB837	Dan Marino's Power Play Football (USA) (Proto)
md	A2990031	Dangerous Seed (Japan) (En)
md	0E356A3C	Danny Sullivan's Indy Heat (USA) (Proto)
md	26CA4234	Darius (World) (Mega Drive Mini, Genesis Mini)
md	0A885405	Darius - Extra Version (Japan) (En) (Columbus Circle)
md	7FDC6236	Darius - Extra Version (USA, Europe) (Strictly Limited Games)
md	25DFE62A	Darius II (Japan)
md	E8E29BE2	Darius II (World) (Ja) (Darius Cozmic Collection)
md	0464ACA4	Dark Castle (USA, Europe)
md	BB6D4187	Dark Empires (USA) (Proto)
md	E99C4C47	Darkwing Duck (Russia)
md	7A33B0CB	Darwin 4081 (Japan, Korea) (En)
md	DB68D1AC	Darwin 4081 (Japan, Korea) (En) (Beta)
md	98D224A5	Dashin' Desperadoes (Europe) (Proto)
md	DCB76FB7	Dashin' Desperadoes (USA)
md	B573E63A	Dashin' Desperadoes (USA) (Beta)
md	9177088C	David Crane's Amazing Tennis (USA)
md	56164B00	David Robinson Basketball (Japan) (En)
md	875BB1A0	David Robinson Basketball (Japan) (En) (Beta)
md	512B7599	David Robinson's Supreme Court (USA, Europe)
md	6F4183C0	Davis Cup II (Europe) (Proto 1)
md	76F2BED8	Davis Cup II (USA) (Proto 2)
md	802CD123	Davis Cup Tennis (Japan)
md	894686F0	Davis Cup World Tour (USA, Europe)
md	7C6B0646	Davis Cup World Tour (USA, Europe) (Beta)
md	B95E25C9	Daze Before Christmas (Australia)
md	317C9491	Daze Before Christmas (Australia) (Beta)
md	35CBD237	Deadly Moves (USA)
md	3CD2C797	Death Caliber (Russia)
md	A9804DCC	Death Duel (USA)
md	2F979365	Death Duel (USA) (Beta)
md	12A01F70	Death Sword (World) (Apple II)
md	AAEAEB87	Death Sword (World) (PC)
md	CFC440E8	Death and Return of Superman, The (Europe)
md	982242D3	Death and Return of Superman, The (USA)
md	C16C2AA4	Debtor (World)
md	7BB67106	Debtor (World) (v1.1) (itch.io)
md	6AE8A57A	Deer Hunter (Russia)
md	DA11978B	Deer Hunter (Russia) (Alt)
md	36A58102	Deflektor (World)
md	B0E589F4	Defrag Death Race (World) (v1.1.0)
md	5FF71877	Demolition Man (USA, Europe)
md	57FFAD7A	Demolition Man (USA, Europe) (Beta)
md	8163415E	Demons of Asteborg (World) (Demo 2)
md	C7CDD236	Demons of Asteborg (World) (En) (Demo 1)
md	DDA1A052	Demons of Asteborg (World) (En,Fr,De,Es,It,Pt-BR) (v1.1) (Demo 1)
md	B9A8F84A	Demons of Asteborg (World) (En,Fr,De,Es,It,Pt-BR) (v1.1) (Demo 2)
md	98C8962A	Demons of Asteborg (World) (En,Fr,De,Es,It,Pt-BR) (v1.1) (Demo 3)
md	2D7CF52D	Demons of Asteborg (World) (En,Fr,De,Es,It,Pt-BR) (v1.11) (Evercade)
md	51ACEBAA	Demons of Asteborg (World) (Fr) (Demo 1)
md	D27FE9E5	Desert Demolition (USA, Europe) (Beta 1)
md	69AAEAB6	Desert Demolition (USA, Europe) (Beta 2)
md	5DAD49D7	Desert Demolition (USA, Europe) (Beta 3)
md	16F19283	Desert Demolition (USA, Europe) (Beta 4)
md	375DEE15	Desert Demolition (USA, Europe) (Beta 5)
md	39F9F304	Desert Demolition (USA, Europe) (Beta 6)
md	5109736A	Desert Demolition (USA, Europe) (Beta 7)
md	573FABFB	Desert Demolition (USA, Europe) (Beta 8)
md	B0ECE758	Desert Demolition (USA, Europe) (Beta 9)
md	C287343D	Desert Demolition Starring Road Runner and Wile E. Coyote (USA, Europe)
md	67A9860B	Desert Strike - Return to the Gulf (USA, Europe)
md	1E740145	Desert Strike - Wangan Sakusen (Japan, Korea) (Ja)
md	ED17976C	Devi to Pii (Japan) (Mega Drive Mini 2, Genesis Mini 2)
md	535D0A69	Devil Crash MD (China) (En) (Pirate)
md	4C4CAAD8	Devil Crash MD (Japan) (En)
md	6C8EB5A2	Devilish (USA) (Beta)
md	D3F300AC	Devilish - The Next Possession (USA)
md	C53C9CEE	Devwill Too MD (World) (Demo 1)
md	7E1F260C	Devwill Too MD (World) (Demo 2)
md	039F9700	Devwill Too MD (World) (Evercade)
md	E0D61258	Devwill Too MD (World) (v1.1) (Evercade)
md	4371F046	Dexstar (USA, Europe) (Beta 1)
md	D0C74FDD	Dexstar (USA, Europe) (Beta 2)
md	C632E5AF	Dial Q o Mawase! (Japan)
md	EF887533	Dick Tracy (World)
md	1312CF22	Dick Vitale's 'Awesome, Baby!' College Hoops (USA)
md	095B9A15	Diguo Wangchao (Ya Se Chuanshuo) (Taiwan)
md	6C097CB1	Diguo Wangchao (Ya Se Chuanshuo) (Taiwan) (Alt)
md	4608F53A	Dino Dini's Soccer (Europe) (En,Fr,De)
md	1996E394	Dino Land (China) (En) (Pirate)
md	5FE351B8	Dino Land (USA)
md	6E5AEE10	Dino Land (World) (Evercade)
md	37D2741E	Dino Runner (World) (v1.2)
md	E9979232	Dinosaur Game (World) (En,Es) (v3.52)
md	70155B5B	Dinosaur's Tale, A (USA)
md	ADFDE883	Disney Collection, The - QuackShot Starring Donald Duck + Castle of Illusion Starring Mickey Mouse (Europe)
md	03EC3331	Dithered Nightmare Fuel (World) (Demo 2)
md	CA72973C	Divine Sealing (Japan)
md	AEA8B9B0	Domine o Territorio (Brazil) (Mega Drive 4)
md	4A1ED102	Domino (Russia)
md	A36166DA	Dominus (USA) (Proto)
md	30006EBD	Dominus (USA) (Proto) (Alt)
md	77772691	Donald in Maui Mallard (Brazil) (En)
md	FA5A79F7	Donald in Maui Mallard (Europe) (Rev A)
md	5F9B9A48	Donald in Maui Mallard (USA) (Sega Channel)
md	CDA69107	Dongfang Sheng Zhong Yi - Trouble Lotus (World) (Proto)
md	E32F0B1C	Dongguri Techi Jakjeon (Korea)
md	11194414	Doom Troopers (USA)
md	EEED1130	Doraemon - Yume Dorobou to 7 Nin no Gozans (Japan)
md	D98C623C	Double Clutch (Europe)
md	43E7A117	Double Clutch (Europe) (Beta)
md	74A01195	Double Cooked (World)
md	6237E057	Double Cooked (World) (v1.1)
md	054F5D53	Double Dragon (USA, Europe)
md	B36AB75C	Double Dragon 3 - The Arcade Game (USA, Europe)
md	A8BFDBD6	Double Dragon II - The Revenge (Japan) (En)
md	E11F8543	Double Dragon II - The Revenge (Japan) (En) (Beta)
md	27E59E35	Double Dragon V - The Shadow Falls (USA)
md	8352B1D0	Double Dribble - The Playoff Edition (USA)
md	A06FB574	Double Symbol (World) (v1.34)
md	5570C674	Double Symbol (World) (v1.35)
md	BAA38769	Doukutsu Monogatari (World) (Ja) (v0.8.8)
md	C8ADECD3	Downforce - Red Hot Princess Carnage (World) (Proto) (bitbitJAM 2016)
md	70680706	Dr. Robotnik's Mean Bean Machine (Europe)
md	C7CA517F	Dr. Robotnik's Mean Bean Machine (USA)
md	4D0E5273	Dr. Robotnik's Mean Bean Machine (USA) (Beta 1)
md	C631BFFF	Dr. Robotnik's Mean Bean Machine (USA) (Beta 2)
md	FDEED51D	Dragon - The Bruce Lee Story (Europe)
md	EFE850E5	Dragon - The Bruce Lee Story (USA)
md	63847005	Dragon Ball - Final Bout (Taiwan) (En)
md	AF8F3371	Dragon Ball Z - Buyuu Retsuden (Japan)
md	F035C737	Dragon Ball Z - L'Appel du Destin (France)
md	01BC1604	Dragon Slayer - Eiyuu Densetsu (Japan)
md	46924DC3	Dragon Slayer - Eiyuu Densetsu II (Japan)
md	6995B120	Dragon's Castle (World) (Proto)
md	81F0C3CF	Dragon's Eye Plus - Shanghai III (Japan)
md	58037BC6	Dragon's Fury (USA, Europe)
md	A33EB522	Dragon's Lair (USA) (Proto)
md	D8D2EFD7	Dragon's Revenge (Japan) (En)
md	841EDBC0	Dragon's Revenge (USA, Europe)
md	E2E21B72	Dream Team USA (Japan)
md	7319F173	Driftin Rage (World) (Proto)
md	E43CE81E	Drunk as I Like (World) (Beta)
md	AACBF0C1	Drunk as I Like (World) (GitHub)
md	CB40705B	Drunk as I Like (World) (Itch.io)
md	65ADC7C6	Drunk as I Like 2 - Drunk... Again (World)
md	1D81A67C	Du Shen Zhi - Menghuan Poker (Taiwan)
md	6BD2ACCB	Duke Nukem 3D (Brazil) (En)
md	7A851B5A	Duke Nukem 3D (USA) (Piko Interactive)
md	17D108ED	Duli Zhanzheng (China) (Pirate)
md	4DEA40BA	Dune - The Battle for Arrakis (USA)
md	692CD794	Dune - The Battle for Arrakis (USA) (Beta)
md	39790728	Dune II - Kampf um den Wuestenplaneten (Germany)
md	B58AE71D	Dune II - The Battle for Arrakis (Europe)
md	781CB285	Dune II - The Battle for Arrakis (Europe) (Beta)
md	AF4A9CD7	Dungeons & Dragons - Warriors of the Eternal Sun (USA, Europe)
md	360C1B20	Dyna Brothers (Japan)
md	47E0A64E	Dyna Brothers 2 (Japan)
md	BA3554BC	Dyna Brothers 2 Special (Japan) (Virtual Console)
md	39D01C8C	Dynamite Duke (World)
md	7D2CD95C	Dynamite Duke (World) (Beta)
md	246F0BDA	Dynamite Duke (World) (Rev A)
md	D03CDB53	Dynamite Headdy (Japan)
md	5C25E934	Dynamite Headdy (Japan) (En) (Beta 1)
md	971EF24C	Dynamite Headdy (Japan) (En) (Beta 2)
md	F8A96719	Dynamite Headdy (Japan) (En) (Beta 3)
md	3DFEEB77	Dynamite Headdy (USA, Europe)
md	61001EC8	Dynamite Headdy (USA, Europe) (Beta)
md	D625E584	DynoBlaze (USA) (Proto)
md	9BFC279C	EA Hockey (Europe)
md	9DCDC894	EA Hockey (Japan) (En)
md	A0B54CBC	EA Sports Double Header (Europe)
md	96D8440C	ESPN Baseball Tonight (USA)
md	401DC618	ESPN National Hockey Night (USA)
md	A427814A	ESPN National Hockey Night (USA) (Beta)
md	F50BE478	ESPN Speed World (USA)
md	AB12849A	ESPN Speed World (USA) (Beta)
md	61E9C309	ESPN Sunday Night NFL (USA)
md	D13AECDC	ESPN Sunday Night NFL (USA) (Beta)
md	E72F8A36	ESWAT - City under Siege (USA, Europe) (Rev A)
md	A243816D	Earnest Evans (USA)
md	11475FAC	Earnest Evans (USA) (Beta)
md	3519C422	Earth Defense (USA, Taiwan) (En)
md	1C07B337	Earthworm Jim (Europe)
md	DF3ACF59	Earthworm Jim (USA)
md	24AA391B	Earthworm Jim (USA) (Beta)
md	6B50AFE6	Earthworm Jim (World) (Evercade)
md	AF235FDF	Earthworm Jim 2 (Europe)
md	F92A931D	Earthworm Jim 2 (Europe) (Beta)
md	D57F8BA7	Earthworm Jim 2 (USA)
md	69E4B38E	Earthworm Jim 2 (USA) (Beta)
md	7F9A6FD8	Earthworm Jim VideoHints 1 (USA) (Auto Demo) (Sega Channel)
md	0125FC8B	Earthworm Jim VideoHints 2 (USA) (Auto Demo) (Sega Channel)
md	7B1BF89C	Ecco - The Tides of Time (Europe) (En,Fr,De,Es)
md	CCB21F98	Ecco - The Tides of Time (USA)
md	8DB60749	Ecco - The Tides of Time (USA) (Beta 1)
md	B5D64817	Ecco - The Tides of Time (USA) (Beta 2)
md	5AF83ECB	Ecco - The Tides of Time (USA) (Beta 3)
md	0BDF05A8	Ecco - The Tides of Time (USA) (Sega Channel)
md	6C6F4B89	Ecco Jr. (USA, Australia)
md	3C517975	Ecco Jr. (USA, Australia) (Beta)
md	6520304D	Ecco the Dolphin (Japan)
md	17E24509	Ecco the Dolphin (Japan) (Beta)
md	45547390	Ecco the Dolphin (USA, Europe, Korea) (En)
md	6FB62649	Ecco the Dolphin (USA, Europe, Korea) (En) (Rev A) (Beta)
md	062D439C	Ecco the Dolphin II (Japan)
md	6091C36E	El.Viento (Japan)
md	070A1CEB	El.Viento (USA)
md	41F0DAA6	El.Viento (World) (Evercade)
md	C1C7B2AC	El.Viento (World) (Retro-Bit)
md	3D43C780	Eldritch Monarch, The (World) (Proto)
md	5F553E29	Elemental Master (Japan)
md	390918C6	Elemental Master (USA)
md	BEF8CE8D	Elf Run (World)
md	48467542	Eliminate Down (Japan) (En)
md	CF76ECD0	Eliminate Down (World) (Retro-Bit)
md	9A0B03C1	Elite (Europe) (Demo 1) (Game)
md	C393EBEF	Elite (Europe) (Demo 2) (Soaker)
md	4A6A7DA3	Elite (Europe) (Demo 3) (Viewer)
md	E10A25C0	Elitserien 95 (Sweden)
md	9821D0A3	Elitserien 96 (Sweden)
md	E5517B77	Empire of Steel (Europe)
md	E3C2271E	Escape from Mars Starring Taz (USA) (Beta 1)
md	3C4B1E9C	Escape from Mars Starring Taz (USA) (Beta 10)
md	F00F4203	Escape from Mars Starring Taz (USA) (Beta 11)
md	BFA776EC	Escape from Mars Starring Taz (USA) (Beta 2)
md	11727086	Escape from Mars Starring Taz (USA) (Beta 3)
md	6E2666DE	Escape from Mars Starring Taz (USA) (Beta 4)
md	EA344FD2	Escape from Mars Starring Taz (USA) (Beta 5)
md	39F345C2	Escape from Mars Starring Taz (USA) (Beta 6)
md	3481E709	Escape from Mars Starring Taz (USA) (Beta 7)
md	832F4CB4	Escape from Mars Starring Taz (USA) (Beta 8)
md	2BADB65B	Escape from Mars Starring Taz (USA) (Beta 9)
md	B9512F5E	Eternal Champions (Europe)
md	E0665F06	Eternal Champions (Europe) (Beta)
md	66AA3C64	Eternal Champions (Japan, Korea) (En)
md	C486B439	Eternal Champions (Japan, Korea) (En) (Beta)
md	48F1A42E	Eternal Champions (USA)
md	B0416C60	Europa Sensen (Japan)
md	085F8C5A	European Club Football (Europe) (Beta)
md	6A5CF104	European Club Soccer (Europe)
md	4E63F90A	European Club Soccer (Europe) (Beta)
md	4FEF37C8	Evander Holyfield's 'Real Deal' Boxing (World)
md	33B1979F	Ex-Mutants (USA, Europe)
md	6EFBA291	Ex-Mutants (USA, Europe) (Beta)
md	349BB68D	Ex-Ranza (Japan) (En)
md	C642FDF4	Ex-Ranza (Japan) (En) (Beta)
md	1B569DC2	Exile (USA)
md	8C6E2AA3	Exile (USA) (Sega Channel)
md	28655F23	Exile (World) (Evercade)
md	880BF311	Exile - Toki no Hazama he (Japan)
md	B599B9F9	Exo Squad (Europe)
md	10EC03F3	Exo Squad (USA)
md	70EDF964	Exo Squad (USA) (Beta)
md	22E6FC04	Exodus - Journey to the Promised Land (USA)
md	FB0F2A1B	F-1 Hero MD (China) (Ja) (Pirate)
md	1BF67A07	F-117 Night Storm (USA, Europe)
md	EA6E421A	F-117 Stealth - Operation - Night Storm (Japan)
md	E98EE370	F-15 Strike Eagle II (Europe)
md	412C4D60	F-15 Strike Eagle II (USA)
md	FD4F5A01	F-15 Strike Eagle II (USA) (Beta)
md	DC5F07BA	F-15 Strike Eagle II (USA) (Sample)
md	D6A880A4	F-22 Interceptor (USA) (Beta)
md	BD468C42	F-22 Interceptor (USA) (Sega Channel)
md	FB55C785	F-22 Interceptor - Advanced Tactical Fighter (Japan)
md	98FAE0E1	F-22 Interceptor - Advanced Tactical Fighter (USA) (Rev 1)
md	9CF552C2	F-22 Interceptor - Advanced Tactical Fighter (USA, Europe) (F-202)
md	FBDD4520	F1 (Europe)
md	74CEE0A7	F1 - World Championship Edition (Europe)
md	2269ED6B	F1 - World Championship Edition (Europe) (Beta)
md	2613C005	F1 - World Championship Edition (USA) (Proto 1)
md	5A72FCE8	F1 - World Championship Edition (USA) (Proto 2)
md	5D30BEFB	F1 Circus MD (Japan)
md	CD1A1AD8	F1 Circus MD (USA) (Proto) (Sega Channel)
md	419BCB02	FIFA 2003 (Argentina) (Pirate)
md	96947F57	FIFA 98 - Road to World Cup (Europe) (En,Fr,Es,It,Sv)
md	B555E8B4	FIFA International Soccer (Japan) (En,Ja)
md	BDDBB763	FIFA International Soccer (USA, Europe) (En,Fr,De,Es)
md	647DF504	FIFA Soccer 2000 (China) (En,Fr,De,Es,It,Sv) (Pirate)
md	CAD374E6	FIFA Soccer 95 (China) (En,Fr,De,Es) (Pirate)
md	012591F9	FIFA Soccer 95 (Korea) (En,Fr,De,Es)
md	B389D036	FIFA Soccer 95 (USA, Europe) (En,Fr,De,Es)
md	BAD30FFA	FIFA Soccer 96 (USA, Europe) (En,Fr,De,Es,It,Sv)
md	A33D5803	FIFA Soccer 97 (USA, Europe) (En,Fr,De,Es,It,Sv)
md	C5C5A4B0	FIFA Soccer 99 (China) (En,Fr,De,Es,It,Sv) (Pirate)
md	963F4969	Faery Tale Adventure, The (USA, Europe)
md	1AA628B0	Family Feud (USA)
md	2C3CA371	Fantasia (China) (En) (Pirate)
md	D351B242	Fantasia (USA, Europe)
md	34E04627	Fantasia (USA, Europe) (Sega Channel)
md	FC43DF2D	Fantasia (World) (Rev A)
md	831C20D6	Fantastic Dizzy (USA, Europe) (Beta)
md	46447E7A	Fantastic Dizzy (USA, Europe) (En,Fr,De,Es,It)
md	56D2C71B	Fantasy Pinball (Brazil) (Mega Drive 4)
md	DA31F3AC	Fantasy Zone (World) (Mega Drive Mini 2, Genesis Mini 2)
md	BB43F0DE	Fastest 1 (Japan) (En)
md	71AA889E	Fatal Fury (Europe, Korea) (En)
md	98D49170	Fatal Fury (USA)
md	1B1754CB	Fatal Fury 2 (USA, Korea) (En)
md	004A99E1	Fatal Fury One (World)
md	5F0BD984	Fatal Labyrinth (USA, Europe) (En,Ja)
md	E91AED05	Fatal Rewind (USA, Europe)
md	21DBB69D	Fatal Rewind (USA, Europe) (Rev 1)
md	7867DA3A	Fatman (Japan) (En)
md	BF9BA3BC	Felix the Cat (Russia)
md	2DA34294	Feliz 2025 (World) (Proto)
md	6A382B60	Feng Shen Yingjie Chuan (Taiwan)
md	8D40D64F	Fengkuang Taohuayuan (China)
md	2F15BB22	Fengkuang Taohuayuan (Taiwan)
md	B03507C4	Ferias Frustradas do Pica Pau (Brazil)
md	250111DF	Ferrari Grand Prix Challenge (Europe)
md	F73F6BEC	Ferrari Grand Prix Challenge (USA)
md	FAC29677	Fever Pitch Soccer (Europe) (En,Fr,De,Es,It)
md	627D9651	Fica 1 (Brazil) (Mega Drive 4)
md	C6D4A240	Fido Dido (USA) (Proto)
md	EC16F8E3	Fight Game 3 500 (World)
md	D754B607	Fight Game II 1000 (World)
md	769DE2F6	Fight Game II 3000 (World)
md	39BE80EC	Fighting Masters (Japan, Korea) (En)
md	5F51983B	Fighting Masters (USA)
md	48AD505D	Final Blow (Japan) (En)
md	A26E957D	Final Blow (Japan) (En) (Beta)
md	2D5321A3	Final Fight MD (World) (Demo 1)
md	9E986670	Final Fight MD (World) (Demo 2)
md	4849D534	Final Fight MD (World) (Demo 3)
md	4554EDE2	Final Fight MD (World) (Proto 1)
md	6F5BE1BC	Final Fight MD (World) (Proto 2)
md	FA21D81E	Final Fight MD (World) (Proto 3)
md	AB36A032	Final Fight MD (World) (Proto 4)
md	AE245026	Final Fight MD (World) (Proto 5)
md	731FA4A1	Final Zone (Japan, USA) (En)
md	63C461E2	Final Zone (World) (Evercade)
md	EB7E36C3	Fire Mustang (Japan)
md	2351CE61	Fire Shark (Europe)
md	9C175146	Fire Shark (USA)
md	54B072A1	Fire Shark (World) (Retro-Bit)
md	8E8AB680	Firebrawl (World) (v1.02)
md	424FF451	Fix-It Felix Jr. (World) (Pirate)
md	0B3AB7E9	Fix-It Felix Jr. (World) (Beta) (Pirate)
md	953D598F	FlammenWerfer (World)
md	DC2B8192	Flappy Bird (World) (Ru)
md	0655074D	Flash Point (Japan) (En) (Proto)
md	EDE60E88	Flashback (Europe) (En,Fr)
md	82095CB6	Flashback (Europe) (En,Fr) (Beta)
md	02FB0747	Flashback (Japan)
md	9FEFB1AB	Flashback - The Quest for Identity (USA) (En,Fr)
md	4291C8AB	Flicky (USA, Europe)
md	BEF9A4F4	Flink (Europe) (En,Fr,De)
md	47B47AFC	Flink (Europe) (En,Fr,De) (Beta)
md	21845D61	Flintstones, The (Europe)
md	920A3031	Flintstones, The (Japan)
md	8CA71C6B	Flintstones, The (USA) (En-US,En-GB,Fr,De,Es,It) (Ocean) (Sega Channel)
md	9281FF45	Flintstones, The (USA) (Ocean) (Proto)
md	7C982C59	Flintstones, The (USA)
md	41A2A7EE	Flintstones, The (USA) (Beta)
md	9D2510BD	Forca Alienigena (Brazil)
md	BA6EAECA	Foreman for Real (World)
md	D0EE6434	Forgotten Worlds (World) (En,Ja)
md	95513985	Forgotten Worlds (World) (En,Ja) (Rev A)
md	CCD73738	Formula One (USA)
md	5395825A	Formula One (USA) (Beta)
md	BA322EEE	Foxy Land (World) (Digital)
md	0586B293	Foxy Land (World) (v1.1) (Evercade)
md	0BA40013	Foxy Land (World) (v1.1) (itch.io)
md	863E0950	Frank Thomas Big Hurt Baseball (USA, Europe)
md	C5E80CE2	Frog Dude (Europe) (Proto)
md	EA2E48C0	Frogger (USA)
md	FD75BC31	Frogger (USA) (Rev 1)
md	6A277F51	From Below (World) (Proto)
md	CDF5678F	From TV Animation Slam Dunk - Kyougou Makkou Taiketsu! (Japan)
md	DA4AB3CD	Fun 'n Games (Europe)
md	B5AE351D	Fun 'n' Games (USA)
md	42E27845	Fun Car Rally (USA) (Beta)
md	A82F05F0	Funny World & Balloon Boy (USA)
md	4762062A	Fushigi no Umi no Nadia (Japan)
md	DFECFDAC	Futari de Puyo Puyo Sun (Japan) (Mega Drive Mini 2, Genesis Mini 2)
md	65071CCC	Futbol Argentino 96 (Argentina) (Pirate)
md	5C015888	Futbol Argentino 98 - Pasion de Multitudes (Argentina) (Pirate)
md	74CA4060	Futbol Argentino Deluxe (Argentina) (Pirate)
md	C6BC06FD	G-LOC - Air Battle (USA) (Sega Channel)
md	F2AF886E	G-LOC - Air Battle (World)
md	175C7E63	G-LOC - Air Battle (World) (Beta)
md	CFD4DC1C	G-Zero (World) (Demo 1)
md	E1827D3F	G-Zero (World) (Demo 2) (15 Cars)
md	0B079771	G-Zero (World) (Demo 2) (5 Cars)
md	7AE5E248	Gadget Twins (USA)
md	5D8BF68B	Gaiares (Japan, USA) (En)
md	D5274DAC	Gaiares (World) (Evercade)
md	2C612FBD	Gaiares (World) (Retro-Bit)
md	AEE20A64	Gain Ground (Europe)
md	8641A2AB	Gain Ground (Japan) (En)
md	83E7B8AE	Gain Ground (USA)
md	F5C0B45F	Gain Ground (USA) (Beta)
md	81516EAC	Galaxy Force II (China) (Ja) (Pirate)
md	CAE883C5	Galaxy Force II (Japan) (En)
md	BC3646BB	Galaxy Force II (Japan) (En) (Virtual Console)
md	D15F5C3C	Galaxy Force II (USA, Europe) (Rev B)
md	E4D84E4A	Galaxy Force II (USA, Europe) (SEGA Classic Collection)
md	05650B7A	Gambler Jiko Chuushinha - Katayama Masayuki no Mahjong Doujou (Japan)
md	CDAD7E6B	Game no Kanzume Otokuyou (Japan) (Sega Channel)
md	D320D5D3	Gang Du Shaonian (China) (Pirate)
md	F0FF078E	Garfield - Caught in the Act (USA, Europe)
md	4A633F40	Garfield - Caught in the Act (USA, Europe) (Beta)
md	A9E35705	Garfield - The Lost Levels (USA) (Sega Channel)
md	2D965364	Gargoyles (USA)
md	BAF965D0	Gargoyles (USA) (Beta 1)
md	2FD5E801	Gargoyles (USA) (Beta 2)
md	F21E39D2	Gargoyles (USA) (Gargoyles Remastered)
md	7C594E1A	Garou Densetsu - Shukumei no Tatakai (Japan)
md	2AF4427F	Garou Densetsu 2 - Aratanaru Tatakai (Japan)
md	B0B5E3C9	Garry Kitchen's Super Battletank - War in the Gulf (USA)
md	F9872055	Gauntlet (Japan) (En,Ja)
md	7D478079	Gauntlet (Japan) (En,Ja) (Beta)
md	F9D60510	Gauntlet IV (USA, Europe) (Beta)
md	3BF46DCE	Gauntlet IV (USA, Europe) (En,Ja)
md	E6B64DBB	Gedou Tiequan (China) (En,Ja) (Pirate)
md	0496D01E	Gemesis (World)
md	A091AABE	Gemesis (World) (v1.1)
md	3D36135B	Gemfire (USA)
md	577E32D7	Gen Poker (World)
md	F1ECC4DF	General Chaos (USA, Europe)
md	05CC7369	General Chaos Daikonsen (Japan)
md	AEB3C10C	Generals of the Yang Family - Clan of Heroes (USA) (Piko Interactive)
md	131F36A6	Generations Lost (USA, Europe)
md	5792A5EF	Genesis Clicker (World)
md	87A281AE	Genghis Khan II - Clan of the Gray Wolf (USA)
md	888193BC	Gensou Senki Kokou no Ryuu - Crying Dragon (Japan) (Proto)
md	BD556381	George Foreman's KO Boxing (Europe)
md	E1FDC787	George Foreman's KO Boxing (USA)
md	02D25ABD	Ghost Baseball (World) (v2.0)
md	00419DA3	Ghostbusters (Japan) (En,Ja)
md	792DF93B	Ghostbusters (USA, Europe) (En,Ja)
md	4FC33173	Ghostbusters (USA, Europe) (En,Ja) (Beta)
md	D31BD910	Ghouls'n Ghosts (Japan, USA) (En,Ja)
md	4F2561D5	Ghouls'n Ghosts (World) (En,Ja) (Rev A)
md	4552A3DE	Ghouls'n Ghosts (World) (En,Ja) (Rev A) (Sega Channel)
md	5C218C6A	Global Gladiators (Europe)
md	F8FE1043	Gluf (World) (Evercade)
md	CE5AFAC9	Gluf (World) (Itch.io)
md	07BB03BE	Gnome Runner (World)
md	94717ECB	Gnome Runner (World) (v1.0.1)
md	DB30F773	Go Net (Japan)
md	70104F66	Go to Terry House (World) (v1.1)
md	64176D1B	Goblin Coffee Break (World)
md	78B09BA9	Goblin Coffee Break (World) (v1.0.1)
md	6C415016	Gods (Europe)
md	E4F50206	Gods (Japan)
md	FD234CCD	Gods (USA)
md	2C06BB64	Gods (USA) (Beta)
md	DF83E43E	Gold Rush (World)
md	31227079	Golden Axe (USA) (Rev B) (Sega Smash Pack)
md	E8182B90	Golden Axe (World)
md	B01B26FF	Golden Axe (World) (Beta)
md	665D7DF9	Golden Axe (World) (Rev A)
md	3E640C09	Golden Axe (World) (Rev A) (Beta)
md	725E0A18	Golden Axe II (World)
md	E62EA1BB	Golden Axe II (World) (Beta)
md	1D90DC83	Golden Axe III (Europe) (Virtual Console)
md	C7862EA3	Golden Axe III (Japan) (En)
md	89A9CF76	Golfanalia (World)
md	872858D8	Golfanalia (World) (v1.0.1)
md	F054F1C8	Golfanalia (World) (v1.1.0)
md	49218C27	Golfanalia (World) (v1.1.1)
md	E402AFD1	Golfanalia (World) (v1.2.0)
md	889A0107	Golfanalia 2 (World)
md	915B8536	Golfanalia 2 (World) (Beta)
md	4E1CC833	Goofy's Hysterical History Tour (USA)
md	ABE9C415	Gouketsuji Ichizoku (Japan)
md	7F45719B	Granada (Japan, USA) (En)
md	E89D1E66	Granada (Japan, USA) (En) (Rev A)
md	129A37DD	Granada (Japan, USA) (En) (Rev A) (Beta)
md	60E03261	Granada (World) (Evercade)
md	6000C0AC	GrandSlam (China) (Ja) (Pirate)
md	30CF37D0	GrandSlam - The Tennis Tournament '92 (Japan)
md	8C2670DE	GrandSlam - The Tennis Tournament (Europe)
md	0D66D022	Gravibots (World)
md	14944613	Gravibots (World) (dmaSafe)
md	5AA0F3A0	Great Circus Mystery - Mickey to Minnie Magical Adventure 2 (Japan)
md	14744883	Great Circus Mystery Starring Mickey & Minnie, The (USA)
md	8C5C93B8	Great Waldo Search, The (USA)
md	9778C181	Greatest Heavyweights (Europe)
md	7EF8B162	Greatest Heavyweights (Japan) (En)
md	6E3621D5	Greatest Heavyweights (USA)
md	C4820A03	Greendog - The Beached Surfer Dude! (USA, Europe)
md	E1C3E75C	Griel's Quest (World) (En,Fr,Es,It,Pt-BR,Fi,Ca,Gl)
md	7E6BEF15	Grind Stormer (USA)
md	F60EF143	Growl (USA)
md	AA973DE7	Growl (USA) (Beta)
md	44455209	Grubbin (World)
md	FE187C5D	Guaishou Jingji Chang - Pokemon Stadium (Taiwan) (En)
md	38F51F5A	Guerra dos Monstros (Brazil) (Mega Drive 4)
md	9079691C	GunSlugs (World) (Beta 1)
md	C2A265E3	GunSlugs (World) (Beta 2)
md	62A7D310	GunSlugs (World) (Beta 3)
md	A083759C	GunSlugs (World) (Beta 4)
md	9C78FE80	GunSlugs (World) (Beta 5)
md	E5785D45	Gunfight 3 in 1 (Taiwan) (En)
md	DA1440C9	Gunship (Europe)
md	CD423A99	Gunslinger (World)
md	6A266887	Gunslinger (World) (PAL)
md	866ED9D0	Gunstar Heroes (Europe)
md	1CFD0383	Gunstar Heroes (Japan)
md	6F90B502	Gunstar Heroes (Japan) (Beta)
md	B813CF0D	Gunstar Heroes (USA)
md	03405102	Gynoug (Europe)
md	1B69241F	Gynoug (Japan) (En)
md	B4DDC90F	Gynoug (World) (Ratalaika Games)
md	7597A5C2	Haidi Liang Wanli (Lanbaoshi Zhi Mi) (China) (Pirate)
md	19F38AE5	Hangkong Baye II (China) (Pirate)
md	3225BAAF	Hard Drivin' (World)
md	EA9C4878	HardBall '94 (USA, Europe)
md	ED10BC9E	HardBall '95 (USA)
md	BD1B9A04	HardBall! (USA, Europe)
md	2BFF8B7C	Hardwired (USA, Europe) (Beta)
md	3B859A1E	Harry Potter (China) (En)
md	C9FC876D	Haunting Starring Polterguy (USA, Europe)
md	46277CD7	Haunting Starring Polterguy (USA, Europe) (Beta)
md	76E6D20D	Havoc (Europe)
md	7F54BE40	Hayato's Journey (World)
md	DCFFA327	Head-On Soccer (USA)
md	F72F3705	Headship MD - With Lasers (World)
md	F6B6A9D8	Heavy Nova (USA)
md	1ACBE608	Heavy Unit - Mega Drive Special (Japan) (En)
md	31449113	Hei Tao 2 - Super Big 2 (Taiwan)
md	CF30ACEC	Hellfire (Europe)
md	8E5E13BA	Hellfire (Japan) (En)
md	26C6AF9E	Hellfire (Japan) (En) (Mega Drive Mini 2, Genesis Mini 2, Toaplan Arcade Garage)
md	184018F9	Hellfire (USA)
md	772CBD90	Hellfire (USA) (Beta)
md	7E805B9A	Hellfire (USA) (Mega Drive Mini 2, Genesis Mini 2, Toaplan Arcade Garage)
md	FF095325	Hellfire (World) (Retro-Bit)
md	292623DB	Hercules 2 (Taiwan) (En)
md	3AD08887	Heroes of Loot (World) (RC1)
md	4CF676B3	Herzog Zwei (Japan)
md	A605B65B	Herzog Zwei (USA, Europe)
md	5B167D78	Hex Sweeper (World)
md	58987EA8	Hexaduel (World) (Proto)
md	2F6F3168	Hexagonos (Brazil) (Mega Drive 4)
md	A4C7BD9B	Hide the Baby (World) (v1.1)
md	17BE551C	High Seas Havoc (USA) (En,Ja)
md	89418D48	High Seas Havoc (USA) (En,Ja) (Beta)
md	85B23606	Hit the Ice - VHL - The Official Video Hockey League (USA)
md	1B6585E7	Hokuto no Ken - Shin Seikimatsu Kyuuseishu Densetsu (Japan)
md	AA0D4387	Home Alone (USA, Europe)
md	3A235FB9	Home Alone (USA, Europe) (Beta)
md	CBF87C14	Home Alone 2 - Lost in New York (USA)
md	C2F37AE2	Home Alone 2 - Lost in New York (USA) (Sega Channel)
md	9BE2F14D	Honey Soldier MD (World)
md	065D2019	Hongzha Xiaozi - Bomboy (Taiwan) (En)
md	630F07C6	Honoo no Toukyuuji - Dodge Danpei (Japan)
md	A154433A	Hook (Europe)
md	2C48E712	Hook (USA)
md	C2DBF2AE	Hoops Shut Up and Jam 2 (World) (Evercade)
md	DF72BD79	Hoops Shut Up and Jam! (World) (Evercade)
md	9AAC51E5	Hover Tank X-Treme (World) (Proto)
md	429FAF0A	Huangshi Xue Yi (China) (Pirate)
md	DECDF740	Huanle Taoqi Shu - Smart Mouse (Taiwan) (En)
md	A0CF4366	Humans, The (USA)
md	AD9C96D3	Hunter Girls (World) (En,Fr,De,Es,It,Pt-BR,Pl,Ru,Uz) (Digital)
md	A046C36E	Huoqiang Yingxiong (China) (Pirate)
md	DECCC874	Hurricanes (Europe)
md	A1F1CFE7	Hybrid Front, The (Japan)
md	04F02687	Hybrid Front, The (Japan) (Beta)
md	72253BDB	Hyokkori Hyoutan-jima - Daitouryou wo Mezase! (Japan)
md	F27C576A	Hyper Dunk (Europe)
md	5BAF53D7	Hyper Dunk - The Playoff Edition (Japan) (En)
md	DB124BBB	Hyper Dunk - The Playoff Edition (Japan) (En) (Beta)
md	9ED72146	Hyper Marbles (Japan) (Game no Kanzume Otokuyou)
md	83BB2799	Hyper Marbles (Japan) (Sega Game Toshokan)
md	CE8333C6	I Love Mickey Mouse - Fushigi no Oshiro Daibouken (Japan)
md	CB9EE238	I Love Mickey and Donald - Fushigi na Magic Box (Japan)
md	277BDB4C	I Love Mickey and Donald - Fushigi na Magic Box (Japan) (Rev 1)
md	BF949018	IK+ Deluxe (World)
md	E04FFC2B	IMG International Tour Tennis (USA, Europe)
md	22736650	Ikasuze! Koi no Doki Doki Penguin Land MD (Japan) (Game no Kanzume Otokuyou)
md	0053BFD6	Ikasuze! Koi no Doki Doki Penguin Land MD (Japan) (Sega Game Toshokan)
md	F653C508	Immortal, The (USA, Europe)
md	28A0611B	Immortal, The (World) (Evercade)
md	EF19494B	Immortal, The (World) (QUByte Classics)
md	C6EA5CF0	ImpossibleTicTacToe (World) (Proto)
md	1F6E574A	Incredible Crash Dummies, The (USA, Europe)
md	623A920F	Incredible Crash Dummies, The (USA, Europe) (Beta)
md	84A5A2DC	Incredible Hulk, The (USA, Europe)
md	EB8F4374	Indiana Jones and the Last Crusade (Europe)
md	3599A3FD	Indiana Jones and the Last Crusade (USA)
md	70D56F50	Inkventure (World)
md	E5487539	Insane Pain (World)
md	9625C434	Insector X (Japan, Korea) (En)
md	70626304	Insector X (USA)
md	4E384EF0	Instruments of Chaos Starring Young Indiana Jones (USA)
md	AD6C2050	Instruments of Chaos Starring Young Indiana Jones (USA) (Beta 1)
md	14443A29	Instruments of Chaos Starring Young Indiana Jones (USA) (Beta 2)
md	F285AD46	Instruments of Chaos Starring Young Indiana Jones (USA) (Beta 3)
md	51CA641C	Instruments of Chaos Starring Young Indiana Jones (USA) (Beta 4)
md	94B02351	Instruments of Chaos Starring Young Indiana Jones (USA) (Beta 5)
md	263F1A4C	Instruments of Chaos Starring Young Indiana Jones (USA) (Beta 6)
md	3C46D83D	Instruments of Chaos Starring Young Indiana Jones (USA) (Beta 7)
md	F3498542	Instruments of Chaos Starring Young Indiana Jones (USA) (Beta 8)
md	F43112C3	Instruments of Chaos Starring Young Indiana Jones (USA) (Beta 9)
md	D97D1699	International Rugby (Europe)
md	04E3BCCA	International Sensible Soccer (Europe) (En,Fr,De,It)
md	9BB3B180	International Superstar Soccer Deluxe (Europe, Brazil) (En)
md	23689237	Iraq War 2003 (China) (En)
md	01CC364C	Iraq War 2003 (Russia)
md	5787EFEB	Irena - Genesis Metal Fury (World) (Demo 1)
md	B9931497	Irena - Genesis Metal Fury (World) (Demo 2)
md	5D4F1141	Irena - Genesis Metal Fury (World) (Demo 3)
md	46920AE8	Irena - Genesis Metal Fury (World) (Demo 4)
md	32126357	Irena - Genesis Metal Fury (World) (Demo 5)
md	F0AB7CF3	Irena - Genesis Metal Fury (World) (Demo 6)
md	A642A696	Irmaos Aratu (World) (Pt-BR)
md	7302F98D	Iron Hammer (USA) (Sega Channel)
md	2DD1E4CC	Iron Man (Russia)
md	D9117899	Iron Man (World)
md	5FD1CF02	Iron Man (World) (v1.01)
md	B1DE7D5E	Ishido - The Way of Stones (USA)
md	BDB4293F	Iso Shooter (World)
md	25AFB4F7	It Came from the Desert (USA) (Proto)
md	81B7725D	Itchy & Scratchy Game, The (USA) (Proto)
md	FD9FF851	Ivanhoe (World) (Proto)
md	E48DFE76	Ixion (World) (Proto)
md	77B416E4	Izzy's Quest for the Olympic Rings (USA, Europe)
md	453C405E	J. League Champion Soccer (Japan)
md	EC229156	J. League Pro Striker (Japan)
md	2D5B7A11	J. League Pro Striker (Japan) (Rev A)
md	9FE71002	J. League Pro Striker 2 (Japan)
md	0ABED379	J. League Pro Striker Perfect (Japan)
md	5545E909	Jack Nicklaus' Power Challenge Golf (USA, Europe)
md	87BBCF2A	James 'Buster' Douglas Knockout Boxing (USA, Europe)
md	291A3E4B	James Bond 007 - The Duel (Europe)
md	4E614548	James Bond 007 - The Duel (USA)
md	D0E7B466	James Pond - Underwater Agent (USA, Europe)
md	26F64B2A	James Pond 3 (USA, Europe)
md	98794702	James Pond II (Japan, Korea) (Ja)
md	F4ABEDBA	James Pond II - Codename - Robocod (USA, Europe)
md	D91B52B8	Jammit (USA)
md	B5EF97C6	Janou Touryuumon (Japan)
md	8A1B19AD	Jantei Monogatari (Japan)
md	1EA07AF2	Jashin Draxos (Japan, Korea) (En)
md	7CFADC16	Jelly Boy (Europe) (Proto)
md	AB2ABC8E	Jennifer Capriati Tennis (USA)
md	56CFF3F1	Jeopardy! (USA)
md	25E2F9D2	Jeopardy! - Deluxe Edition (USA)
md	13F924D2	Jeopardy! - Sports Edition (USA)
md	E7F48D30	Jerry Glanville's Pigskin Footbrawl (USA)
md	65242680	Jesse 'The Body' Ventura - Wrestling Superstars (USA) (Proto)
md	2CF6926C	Jewel Master (Japan) (En)
md	CEE98813	Jewel Master (USA, Europe)
md	1CF3238B	Jim Power - The Arcade Game (USA) (Proto)
md	F9CD7079	Jim Power - The Lost Dimension in 3D (World)
md	526D72BE	Jimmy The Fruit Catcher (World) (v1.01)
md	0AEF5B1F	Jimmy White's Whirlwind Snooker (Europe)
md	72DD884F	Jin Guanjun Xiongdi Xiang - Shijie Zhibang Zhengba Zhan (Taiwan)
md	E9829B22	Jiuji Mahjong II (Taiwan)
md	85BCC1C7	Joe & Mac (USA)
md	8AA6A1DD	Joe Montana Football (World)
md	D459F396	Joe Montana II - Sports Talk Football (China) (En) (Pirate)
md	F2363A4A	Joe Montana II - Sports Talk Football (World)
md	A45DA893	Joe Montana II - Sports Talk Football (World) (Rev A)
md	046E3945	John Madden Football '92 (USA, Europe)
md	CA323B3E	John Madden Football '93 (USA, Europe)
md	6756D749	John Madden Football '93 (USA, Europe) (Rev 1)
md	90FB8818	John Madden Football (USA, Europe)
md	E361DB13	John Madden Football (USA, Europe) (Sega Channel)
md	CA534B1A	John Madden Football - Championship Edition (USA)
md	0460611C	John Madden Football - Pro Football (Japan) (En)
md	22D77E6D	Jordan vs Bird (USA, Europe)
md	4D3DDD7C	Jordan vs Bird (USA, Europe) (Rev 1)
md	8837E896	Jordan vs Bird - One on One (Japan)
md	DA9E25AA	Joshua & the Battle of Jericho (USA)
md	42589B79	Journey from Darkness - Strider Returns (USA)
md	83CEC2E6	Journey to Oblivion (World) (En,Pt) (Demo 1)
md	4DB77BC3	Journey to Oblivion (World) (En,Pt) (Demo 2)
md	F6BF2C3F	Joyzz Controller Test Program (World)
md	D09B1EF1	JuJu Densetsu (Japan) (En)
md	EA342ED8	Judge Dredd (World)
md	8D46F4DA	Judge Dredd (World) (Beta)
md	94CDCE8D	Junction (Japan, USA) (En)
md	B9709A99	Jungle Book, The (Europe)
md	20B97D87	Jungle Book, The (Europe) (Beta)
md	3FB6D92E	Jungle Book, The (USA)
md	87780266	Jungle Book, The (USA) (Blockbuster Flash ROM)
md	F48EB5DA	Jungle Book, The (World) (Disney Classic Games)
md	A5D29735	Jungle Strike (USA, Europe)
md	0CD540D4	Jungle Strike (USA, Europe) (Beta)
md	BA7A870B	Jungle Strike - Uketsugareta Kyouki (Japan)
md	23534949	Junker's High (Japan) (En) (Beta 1)
md	73022C67	Junker's High (Japan) (En) (Beta 2)
md	D8C97667	Junte 4 (Brazil) (Mega Drive 4)
md	448341F6	Jurassic Park (Europe)
md	64B8BEB5	Jurassic Park (Europe) (Sega Channel)
md	EC8E5783	Jurassic Park (Japan) (En)
md	7B31DEEF	Jurassic Park (USA)
md	CF890EED	Jurassic Park (USA) (Beta)
md	B44968E7	Jurassic Park (USA) (Sega Channel)
md	98B4AA1B	Jurassic Park - Rampage Edition (USA, Europe)
md	1280FA5C	Jurassic Park - Rampage Edition (USA, Europe) (Beta 1)
md	53582F2B	Jurassic Park - Rampage Edition (USA, Europe) (Beta 2)
md	BFF4B396	Jurassic Park - Rampage Edition (USA, Europe) (Beta 3)
md	F4C78BD0	Jurassic Park - Rampage Edition (USA, Europe) (Beta 4)
md	8475A105	Jurassic Park - Rampage Edition (USA, Europe) (Beta 5)
md	9BF0E28D	Jurassic Park - Rampage Edition (USA, Europe) (Beta 6)
md	D2202BE5	Jurassic Park - Rampage Edition (USA, Europe) (Beta 7)
md	2EAE6140	Jurassic Park - Rampage Edition (USA, Europe) (Beta 8)
md	1A62B826	Jurassic Park - Rampage Edition (USA, Europe) (Beta 9)
md	A7A56B9B	Jurl (World)
md	88BB241F	Justice League Task Force (World)
md	1B7C96C0	Juuouki (Japan) (En)
md	81A2C800	Juusou Kihei Leynos (Japan)
md	01278F1C	Juusou Kihei Leynos (Japan) (Switch Online)
md	AF5018F6	Juusou Kihei Leynos (Japan) (Virtual Console)
md	391866A1	Ka-Ge-Ki (Japan)
md	EFFC0FA6	Ka-Ge-Ki - Fists of Steel (USA)
md	631CC8E9	Kawasaki Superbike Challenge (USA, Europe)
md	55934D1B	Kawasaki Superbike Challenge (USA, Europe) (Beta)
md	9BDC230C	Kick Boxing, The (Japan, Korea) (En)
md	A281B628	Kick Off 3 - European Challenge (Europe) (Beta 1) (Menu)
md	E2A69E19	Kick Off 3 - European Challenge (Europe) (Beta 1) (Menu) (Alt)
md	4282CDAC	Kick Off 3 - European Challenge (Europe) (Beta 1) (Players)
md	B69A43B8	Kick Off 3 - European Challenge (Europe) (Beta 2)
md	BC37401A	Kick Off 3 - European Challenge (Europe) (En,Fr,De,Es,It)
md	CE36E6CC	Kid Chameleon (USA, Europe)
md	2E1F3AA9	Kid Chameleon (USA, Europe) (Beta)
md	D4969A02	Kid Chameleon (World) (Mega Drive PlayTV)
md	21A0E749	Kidou Keisatsu Patlabor - 98-Shiki Kidou Seyo! (Japan)
md	B8E7668A	Killing Game Show, The (Japan) (En)
md	4E6B7134	King & Balloon MD (World)
md	2CFC9F61	King Salmon (Japan)
md	F516E7D9	King Salmon - The Big Catch (USA)
md	AB82AFBE	King of Fighters '99, The (Taiwan) (En)
md	34CBAC5D	King of Fighters 2000, The (Taiwan) (En)
md	C79E1074	King of Fighters 98', The (Taiwan) (En)
md	7A94FD49	King of the Monsters (Europe)
md	3AF7E74E	King of the Monsters (Japan)
md	F390D406	King of the Monsters (USA)
md	EE1638AC	King of the Monsters 2 (USA)
md	AA68A92E	King's Bounty - The Conqueror's Quest (USA, Europe)
md	09C2F2A6	Kingdom Euphoria (World)
md	22E1F04A	Kishi Densetsu (Japan)
md	E487088C	Kiss Shot (Japan) (Sega Game Toshokan)
md	1AFCC1DA	Klax (Japan) (Namco)
md	248CD09E	Klax (USA, Europe) (Tengen)
md	B6B9C758	Klax (USA, Europe) (Tengen) (Beta)
md	4DDE4910	Klirk, The (World)
md	41CDD18A	Klirk, The (World) (PAL)
md	B8D4E0BD	Klondike (USA) (Sega Channel)
md	BC0B66BD	Knights & Demons (World)
md	D4072A86	Koini (World)
md	C4C55BAB	Kolobok - Pyramid (Russia)
md	E5715AD5	Kongque Wang 2 - Huanying Cheng (China) (Pirate)
md	755D0B8A	Koutetsu Teikoku (Japan)
md	F764005E	Krusty's Super Fun House (USA, Europe)
md	56976261	Krusty's Super Fun House (USA, Europe) (Rev A)
md	AFFD56BC	Kujaku Ou 2 - Geneijou (Japan)
md	0040DADF	Kunio no Nekketsu - School Fighters (World) (Beta 1)
md	49EB730D	Kunio no Nekketsu - School Fighters (World) (En,Ja) (v1.7)
md	1054A215	Kunio no Nekketsu - School Fighters (World) (Ja) (Beta 2)
md	DBAC2FB4	Kunio no Nekketsu - School Fighters (World) (v1.5)
md	3B0DB849	Kunio no Nekketsu - School Fighters (World) (v1.6)
md	83B6B6BA	Kuuga - Operation Code 'Vapor Trail' (Japan)
md	DE48DCE3	Kyuukai Douchuuki (Japan)
md	CCCAB8AE	Kyuukai Douchuuki (Japan) (Rev 1) (Beta) (Sega Channel)
md	61276D21	Kyuukyoku Tiger (Japan) (En)
md	157332B6	Kyuukyoku Tiger (Japan) (En) (Toaplan Arcade Garage)
md	224FF103	LHX Attack Chopper (Japan)
md	70C3428D	LHX Attack Chopper (USA, Europe)
md	3F848A92	La Russa Baseball 95 (USA, Australia)
md	12DEC95B	Ladder's Room (World) (En,Ja)
md	0E33FC75	Lakers versus Celtics and the NBA Playoffs (USA, Europe)
md	E818B0AA	Lakers versus Celtics and the NBA Playoffs (USA, Europe) (Beta)
md	FBBB5B97	Landstalker (USA)
md	70483D03	Landstalker (USA) (Beta)
md	F2D14A6A	Landstalker (USA) (Mega Drive Mini, Genesis Mini)
md	8866FB16	Landstalker (USA) (Sega Channel)
md	10FEDB8F	Landstalker - Die Schatze von Konig Nolo (Germany)
md	FC64BB8C	Landstalker - Die Schatze von Konig Nolo (Germany) (Mega Drive Mini, Genesis Mini)
md	60D4CEDB	Landstalker - Koutei no Zaihou (Japan)
md	B0AFA45A	Landstalker - Koutei no Zaihou (Japan) (Mega Drive Mini, Genesis Mini)
md	5DE7D917	Landstalker - Le Tresor du Roi Nole (France)
md	365D282A	Landstalker - Le Tresor du Roi Nole (France) (Mega Drive Mini, Genesis Mini)
md	E3C65277	Landstalker - The Treasures of King Nole (Europe)
md	1EC0EC97	Landstalker - The Treasures of King Nole (Europe) (Mega Drive Mini, Genesis Mini)
md	B816446E	Landstalker - The Treasures of King Nole (Europe) (SEGA Classic Collection)
md	B6EA5016	Langrisser (Japan)
md	7F891DFC	Langrisser II (Japan)
md	0CAA0593	Langrisser II (Japan) (Rev A)
md	4967C9F9	Langrisser II (Japan) (Rev B)
md	15357DDE	Last Action Hero (USA)
md	BBFAAD77	Last Battle (USA, Europe, Korea) (En)
md	D84F24C5	Last Defense (World) (En,Es)
md	F04AFF53	Last Defense 2 (World) (En,Es)
md	A7CACD59	Lawnmower Man, The (USA, Europe)
md	F3A1BF70	Lawnmower Man, The (USA, Europe) (Beta)
md	7CAC1D5D	Left Right Up Down You and Me (World)
md	679557BC	Legend of Galahad, The (USA, Europe)
md	72F11771	Legend of Wukong (USA, Europe) (Super Fighter Team)
md	B97CCA1C	Legende de Thor, La (France)
md	A9359029	Legende de Thor, La (France) (Mega Drive Mini, Genesis Mini)
md	00DA53A9	Lego Batman (Russia)
md	664680AE	Lego Pirates of the Caribbean (Russia)
md	D5FCC49F	Leidian Chuanshuo II (Thunderbolt II) (Taiwan) (En)
md	6A1A4579	Lemmings (Europe)
md	68C70362	Lemmings (Japan, Korea) (En)
md	F015C2AD	Lemmings (USA)
md	741EB624	Lemmings 2 - The Tribes (Europe)
md	DE59A3A3	Lemmings 2 - The Tribes (USA)
md	CA2BF99D	Lethal Enforcers (Europe)
md	F25F1E49	Lethal Enforcers (Japan) (En)
md	51D9A84A	Lethal Enforcers (USA)
md	F4010503	Lethal Enforcers (USA) (Beta)
md	4BFE045C	Lethal Enforcers II - Gun Fighters (Europe)
md	E5FDD28B	Lethal Enforcers II - Gun Fighters (USA)
md	2ADB0364	Liberty or Death (USA)
md	52C7252B	Light Crusader (Europe) (En,Fr,De,Es)
md	600E5709	Light Crusader (Europe) (En,Ja,Fr,De,Es) (Mega Drive Mini, Genesis Mini)
md	237076A4	Light Crusader (Japan) (En,Ja)
md	F6550938	Light Crusader (Japan) (En,Ja) (Mega Drive Mini, Genesis Mini)
md	6D0CBCB2	Light Crusader (Korea) (En,Ko)
md	BEB715DC	Light Crusader (USA)
md	C947BC07	Light Crusader (USA) (Beta 1)
md	E350CCFA	Light Crusader (USA) (Beta 2)
md	84390291	Light Crusader (USA) (Mega Drive Mini, Genesis Mini)
md	C8F8C0E0	Lightening Force - Quest for the Darkstar (USA)
md	CA90FF51	Lightening Force - Quest for the Darkstar (USA) (Sega Ages)
md	1B86E623	Link Dragon (Taiwan) (En)
md	15065DEB	Lion King 3, The (Russia)
md	AFF46765	Lion King II, The - Simba's Mighty Adventure (Taiwan) (En)
md	C004219D	Lion King III, The (Taiwan) (En)
md	5696A5BC	Lion King, The (World)
md	4381EAB2	Lion King, The (World) (Beta)
md	5D4287E6	Lion King, The (World) (Disney Classic Games)
md	B5E09338	Lobo (USA) (Proto)
md	A366DBCA	Lobo (USA) (Proto) (Alt)
md	2FA0E2BB	Lock and Toad (World)
md	238BF5DB	Lord Monarch - Tokoton Sentou Densetsu (Japan)
md	513EA675	Lord of the Rings 3 - The Return of the King (China) (En)
md	1F14EFC6	Lost Vikings, The (Europe) (En,Fr,De)
md	17BED25F	Lost Vikings, The (Europe) (En,Fr,De) (Beta)
md	7BA49EDB	Lost Vikings, The (USA)
md	63729B74	Lost Vikings, The (USA) (Rev 1)
md	140A284C	Lost World, The - Jurassic Park (USA, Europe)
md	1D8EE010	Lotus II (USA, Europe)
md	2997B7D4	Lotus II (USA, Europe) (Beta)
md	A3CF6E9C	Lotus Turbo Challenge (USA, Europe)
md	2B4C3EC1	Lufia & The Fortress of Doom (USA) (Proto)
md	1A70F525	Lunch Break (World)
md	C1C50812	Lyle in Cube Sector (World) (v1.01)
md	1E2F74CF	M-1 Abrams Battle Tank (USA, Europe)
md	13FC4E61	MD Soft Checker (USA) (Proto)
md	23A11500	MD Sonic The Hedgehog (World)
md	11E367A1	MK5 - Mortal Kombat Mythologies - Sub-Zero (Taiwan) (En)
md	14A8064D	MLBPA Baseball (USA)
md	58A7F7B4	MUSHA - Metallic Uniframe Super Hybrid Armor (USA)
md	EE61BAEA	MUSHA - Metallic Uniframe Super Hybrid Armor (USA, Europe) (Switch Online)
md	64E7F1CD	Mad Stalker - Full Metal Forth (Japan) (En) (Columbus Circle)
md	18DA06C5	Mad Stalker - Full Metal Forth (USA, Europe) (Strictly Limited Games)
md	D14B811B	Madden NFL '94 (USA, Europe)
md	DB0BE0C2	Madden NFL 95 (USA, Europe)
md	F126918B	Madden NFL 96 (USA, Europe)
md	C4B4E112	Madden NFL 97 (USA, Europe)
md	E051EA62	Madden NFL 98 (USA)
md	DD82C401	Madou Monogatari I (Japan)
md	3EC61DC1	Magic Bubble (Taiwan) (En)
md	8362D852	Magic Girl (USA, Europe) (Super Fighter Team)
md	82C88EC9	Magic Girl (World) (Evercade)
md	1A5D4412	Magic School Bus, The - Space Exploration Game (USA)
md	946346F9	Magic School Bus, The - Space Exploration Game (USA) (Beta 1)
md	B6BD2D87	Magic School Bus, The - Space Exploration Game (USA) (Beta 10)
md	9B6BAE87	Magic School Bus, The - Space Exploration Game (USA) (Beta 11)
md	A2315F1C	Magic School Bus, The - Space Exploration Game (USA) (Beta 12)
md	7805B5C9	Magic School Bus, The - Space Exploration Game (USA) (Beta 2)
md	2B7A88C0	Magic School Bus, The - Space Exploration Game (USA) (Beta 3)
md	26C71EB8	Magic School Bus, The - Space Exploration Game (USA) (Beta 4)
md	37A6A1AF	Magic School Bus, The - Space Exploration Game (USA) (Beta 5)
md	B065DA40	Magic School Bus, The - Space Exploration Game (USA) (Beta 6)
md	CD788DEF	Magic School Bus, The - Space Exploration Game (USA) (Beta 7)
md	883023BC	Magic School Bus, The - Space Exploration Game (USA) (Beta 8)
md	7844B7AD	Magic School Bus, The - Space Exploration Game (USA) (Beta 9)
md	E43E853D	Magical Hat no Buttobi Turbo! Daibouken (Japan)
md	F11060A5	Magical Taruruuto-kun (Japan)
md	1CCBC782	Mahjong Cop Ryuu - Shiro Ookami no Yabou (Japan)
md	12E35994	Mahjong Emo Ta - Devilish Mahjong Tower (Taiwan)
md	DDD02BA4	Mahjong Qingren (Taiwan)
md	FC7C2995	Mai Nurse (World) (v1.02)
md	10BB359B	Mamono Hunter Youko - Dai 7 no Keishou (Japan)
md	CAE0E3A6	Man Overboard! (Europe)
md	41FBCE9D	Manganga (World) (Proto)
md	8D98A339	Mansion of Sadness (World) (El)
md	67B5ED5C	Mansion of Sadness (World) (En)
md	24A7F28C	Maou Renjishi (Japan)
md	775BC464	Marble Madness (Japan) (En)
md	79EBA28A	Marble Madness (USA, Europe)
md	6F630EBD	Mario 3 - Around the World (Russia)
md	96B0ECD9	Mario 4 - Space Odyssey (Russia)
md	7F1DC0AA	Mario Andretti Racing (USA, Europe)
md	F664EB6C	Mario Lemieux Hockey (USA, Europe)
md	2B8C8CCE	Marko (USA)
md	2307B905	Marko's Magic Football (Europe) (En,Fr,De,Es)
md	0273E564	Marko's Magic Football (Europe) (En,Fr,De,Es) (Beta)
md	E09BBD70	Marsupilami (Europe) (En,Fr,De,Es,It)
md	C76558DF	Marsupilami (USA) (En,Fr,De,Es,It)
md	5D162D21	Marvel Land (Japan)
md	CD7EEEB7	Marvel Land (USA)
md	CE1AED2C	Marvel Land (USA) (Beta)
md	48993DC3	Mary Shelley's Frankenstein (USA)
md	D51EE8C2	Master of Monsters (Japan)
md	BD1683A8	Master of Monsters (Japan) (Beta)
md	91354820	Master of Monsters (USA)
md	12AD6178	Master of Weapon (Japan) (En)
md	B804A105	Maten no Soumetsu (Japan)
md	D055A462	Math Blaster - Episode 1 (USA)
md	36459B59	Mazin Saga (Asia) (En)
md	45B3A34B	Mazin Saga (Japan, Korea) (Ja)
md	1BD9FEF1	Mazin Saga - Mutant Fighter (USA)
md	4B07A105	Mazin Wars (Europe)
md	6AB6A8DA	McDonald's Treasure Land Adventure (Europe)
md	FEBCFD06	McDonald's Treasure Land Adventure (Japan)
md	7BF477E8	McDonald's Treasure Land Adventure (Japan) (En,Ja) (Beta)
md	04EF4899	McDonald's Treasure Land Adventure (USA)
md	3EF4135D	Medal City (Japan) (Sega Game Toshokan)
md	80174799	Mega 6 Vol. 3 (Europe)
md	AED217FC	Mega Ataxx (World)
md	54AB3BEB	Mega Bomberman (Europe, Korea) (En)
md	4BD6667D	Mega Bomberman (USA)
md	F65128E4	Mega Bomberman - Special 8-Player-Demo (Europe) (Proto)
md	C03FD6A1	Mega Casanova (World) (En,Ru) (v1.3) (Digital)
md	6E570D41	Mega Casanova 2 (World) (En,De,Ru) (Digital)
md	B1BFEDF9	Mega Casanova 3 (World) (En,De,Ru) (Digital)
md	77AFA0B1	Mega Cheril Perils (World) (En,Es)
md	D2CA75B7	Mega Flappy Sis (World)
md	30D59F2F	Mega Games 2 (Europe)
md	B4247D98	Mega Games 3 (Europe, Asia) (En)
md	B66FB80D	Mega Games 6 (Europe)
md	E8D10DB9	Mega Games 6 Vol. 2 (Europe)
md	DB753224	Mega Games I (USA, Europe)
md	BB87EC69	Mega Man - The Sequel Wars - Episode Red (World) (Pirate)
md	9C6433CE	Mega Man - The Sequel Wars - Episode Red (World) (v1.1) (Pirate)
md	DCF6E8B2	Mega Man - The Wily Wars (Europe)
md	0CD405DB	Mega Man - The Wily Wars (USA) (Mega Drive Mini, Genesis Mini)
md	0831020B	Mega Man - The Wily Wars (World) (Retro-Bit)
md	CD188BDC	Mega Man X (World) (ROM 2) (Demo 1)
md	2E6F86C1	Mega Man X (World) (ROM 2) (Demo 2)
md	F3BB8165	Mega Mindtris (World)
md	BEF5482F	Mega Mindtris (World) (v1.2)
md	540E06AD	Mega Pang (World) (Proto)
md	259CA10F	Mega Platform Countdown (World)
md	8E48002D	Mega Q-bert (World) (v1.2)
md	AEDAA291	Mega Q-bert (World) (v1.2) (PAL)
md	B913A319	Mega R-Type (World) (Demo 1)
md	3ACD1AFB	Mega R-Type (World) (Demo 2)
md	78C2F046	Mega SWIV (Europe)
md	313427EB	Mega Slow Mole (World) (Demo 3)
md	CC2FFF0D	Mega Slow Mole (World) (Demo 4)
md	D3BBD1F5	Mega Slow Mole (World) (Demo 5)
md	B1D15D0F	Mega Turrican (Europe)
md	3BA35ACD	Mega Turrican (Japan) (En) (Proto)
md	FE898CC9	Mega Turrican (USA)
md	11326504	Mega Turrican (USA, Europe) (Virtual Console)
md	CDE15A2A	Mega Turrican - Director's Cut (USA, Europe)
md	50348291	Mega Xmas '89 (World)
md	A60D8619	Mega lo Mania (Japan)
md	2148D56D	Mega-lo-Mania (Europe)
md	AB9FED30	Mega-lo-Mania (Europe) (Beta)
md	3B3231ED	Mega-lo-Mania (France)
md	F90DF2C2	Mega-lo-Mania (World) (Evercade)
md	76DF2AE2	MegaMind (Japan) (Sega Game Toshokan)
md	6240F579	MegaPanel (Japan)
md	7205F23A	MegaSurvivor (World)
md	A0837741	MegaTrax (Japan) (En)
md	3EA0BC10	Megapong (World) (v1.1)
md	C07A75D2	Megarunner (World)
md	E8A9FD04	Meka Grappler X (World)
md	936B85F7	Menacer - 6-Game Cartridge (USA, Europe)
md	195B7E1F	Menghuan Moni Zhan (China) (Pirate)
md	3F02618E	Menghuan Moni Zhan 2 (China) (Pirate)
md	42DC03E4	Menghuan Shuiguo Pan - 777 Casino (Taiwan)
md	0DE4590C	Menghuan Zhi Xing III (China) (Pirate)
md	75D2E54D	Mengnake Huangzu - Zuizhong Zhandou Chuanshuo (China) (Pirate)
md	16113A72	Mercs (World) (En,Ja)
md	F7B72D48	Merry Xmas (World) (Proto)
md	DFD4FE49	Metal Blast 2277 (World)
md	A8DF1C4C	Metal Fangs (Japan)
md	9F6A5F55	Metal Gear (World)
md	724FE7B3	Metal Gear (World) (v1.1)
md	33346FAC	Metal Slug (World) (Proto)
md	2C086E08	Metal Slug Warfare (World) (Demo 1)
md	6F768136	Metal Slug Warfare (World) (Demo 2)
md	389152FF	Metal Slug Warfare (World) (Demo 3)
md	28C505DC	Metal Slug Warfare (World) (Demo 4)
md	BEBA682B	Metal Slug Warfare (World) (Demo 5)
md	6A70791B	Michael Jackson's Moonwalker (Japan, USA) (En)
md	DC7ED8C1	Michael Jackson's Moonwalker (Japan, USA) (En) (Beta)
md	11CE1F9E	Michael Jackson's Moonwalker (World) (Rev A)
md	40F17BB3	Mick & Mack as the Global Gladiators (USA)
md	08C2AF21	Mick & Mack as the Global Gladiators (USA) (Beta)
md	CB5A8B85	Mickey Mania (Europe)
md	23180CF7	Mickey Mania - The Timeless Adventures of Mickey Mouse (Japan)
md	629E5963	Mickey Mania - The Timeless Adventures of Mickey Mouse (USA)
md	7FC1BDF0	Mickey Mania - The Timeless Adventures of Mickey Mouse (USA) (Beta 1)
md	BAB821F2	Mickey Mania - The Timeless Adventures of Mickey Mouse (USA) (Beta 2)
md	30B512EE	Mickey's Ultimate Challenge (USA)
md	7FFBD1AD	Micro Machines (Europe)
md	E5CF560D	Micro Machines (Europe) (Rev 1)
md	50081A0B	Micro Machines (Europe) (Rev 2)
md	82FE2D3F	Micro Machines (USA)
md	54E4CFF1	Micro Machines (USA) (Rev 1)
md	B33D01BC	Micro Machines - Military (Europe) (Beta)
md	B3ABB15E	Micro Machines - Military (Europe) (J-Cart)
md	7492B1DE	Micro Machines - Turbo Tournament 96 (Europe) (J-Cart)
md	23319D0D	Micro Machines - Turbo Tournament 96 (Europe) (Rev 1) (J-Cart)
md	42BFB7EB	Micro Machines 2 - Turbo Tournament (Europe)
md	01C22A5D	Micro Machines 2 - Turbo Tournament (Europe) (Beta 1)
md	51C9F851	Micro Machines 2 - Turbo Tournament (Europe) (Beta 2)
md	8F3F6E4D	Midnight Resistance (Japan)
md	187C6AF6	Midnight Resistance (USA)
md	7600E829	Midnight Resistance (World) (Evercade)
md	C0DCE0E5	Midway Presents Arcade's Greatest Hits (Europe)
md	70B0A5D7	Mig-29 Fighter Pilot (Europe) (En,Fr,De,Es,It,Nl,Sv,Fi)
md	3D239046	Mig-29 Fighter Pilot (Japan)
md	59CCABB2	Mig-29 Fighter Pilot (USA)
md	F509145F	Might and Magic - Gates to Another World (USA, Europe)
md	6EF7104A	Might and Magic III - Isles of Terra (USA) (Proto)
md	7E22DF70	Mighty Mighty Missile (World)
md	5497317D	Mighty Mighty Missile (World) (Classic Gaming Expo 2004)
md	7F96E663	Mighty Morphin Power Rangers (Europe)
md	E79CD214	Mighty Morphin Power Rangers (Europe) (Beta)
md	715158A9	Mighty Morphin Power Rangers (USA)
md	E6916C54	Mighty Morphin Power Rangers (USA) (Beta 1)
md	5ACCDB1A	Mighty Morphin Power Rangers (USA) (Beta 2)
md	F3AE5AAF	Mighty Morphin Power Rangers (USA) (Beta 3)
md	57644549	Mighty Morphin Power Rangers (USA) (Beta 4)
md	4356FE0A	Mighty Morphin Power Rangers (USA) (Beta 5)
md	254A4972	Mighty Morphin Power Rangers - The Movie (Europe)
md	AA941CBC	Mighty Morphin Power Rangers - The Movie (USA)
md	227BF7FD	Mighty Morphin Power Rangers - The Movie (USA) (Beta 1)
md	579DE657	Mighty Morphin Power Rangers - The Movie (USA) (Beta 2)
md	C2CA3A8B	Mighty Morphin Power Rangers - The Movie (USA) (Beta 3)
md	3429FA3A	Mighty Morphin Power Rangers - The Movie (USA) (Beta 4)
md	6078B310	Mike Ditka Power Football (USA, Europe)
md	DE50CA8E	Mike Ditka Power Football (USA, Europe) (Alt)
md	F3DB5F3A	Mikeyeldey - The Album (World)
md	BD89FD09	Minato no Traysia (Japan)
md	D5DB4972	Miner Mole (World) (Proto)
md	48460E4A	Miniplanets (World) (v1.2)
md	8EA40D2F	Miniplanets (World) (v1.3)
md	6C531B9D	Miniplanets Remix (World)
md	38174F40	Minnesota Fats - Pool Legend (USA)
md	A719542E	Miracle Piano Teaching System, The (USA)
md	D79FD3EC	Misplaced (World) (En)
md	1997B949	Misplaced (World) (Ru)
md	E83FC03C	Mission - Cleanup (World)
md	754188F9	Mondu's Fight Palace (USA) (Beta)
md	C10268DA	Monopoly (USA)
md	DFBCC3FA	Monopoly (USA) (Beta)
md	36A3AAA4	Monster World IV (Japan)
md	AF050C46	Monster World IV (USA, Europe) (En,Ja) (Virtual Console)
md	D26A32B6	Monster World IV (World) (En,Ja) (Mega Drive Mini, Genesis Mini)
md	33F19AB6	Mortal Kombat (USA, Europe) (Rev A) (Beta)
md	1AA3A207	Mortal Kombat (World)
md	195B0397	Mortal Kombat (World) (Beta)
md	92528AB9	Mortal Kombat 3 (China) (En) (Pirate)
md	AF6DE3E8	Mortal Kombat 3 (Europe)
md	DD638AF6	Mortal Kombat 3 (USA)
md	7AB140E1	Mortal Kombat 3 (USA) (Beta)
md	A9E013D8	Mortal Kombat II (World)
md	F75A9AB3	Mosaico (Brazil) (Super Mega Drive 3)
md	025482A8	Mountain Sports (USA) (Auto Demo)
md	0786EA0B	Mr. Nutz (Europe)
md	2BFCAA3E	Mr. Nutz - Hoppin' Mad (Europe) (Proto)
md	54AFB8AE	Ms. Bell's Music Class (World) (En)
md	AF041BE6	Ms. Pac-Man (USA, Europe)
md	24431625	Mugen Senshi Valis (Japan)
md	A920C852	Muhammad Ali Heavyweight Boxing (Europe)
md	B638B6A3	Muhammad Ali Heavyweight Boxing (USA)
md	7B852653	Muhammad Ali Heavyweight Boxing (USA) (Beta 1)
md	BE6E8F2B	Muhammad Ali Heavyweight Boxing (USA) (Beta 2)
md	796882B8	Mulan (Taiwan)
md	8FDE18AB	Musha Aleste (Japan)
md	12C68EEE	Musha Aleste (Japan) (Switch Online)
md	2A97E6AF	Mutant League Football (Japan)
md	DCE29C9D	Mutant League Football (USA, Europe)
md	3529180F	Mutant League Hockey (USA, Europe)
md	FD047500	Mutuca (World) (Proto 1)
md	03ABE826	Mutuca (World) (Pt) (Proto 2)
md	E1B7B97A	Mysterious Adventures (World) (Proto)
md	F9CE1AB8	Mystic Defender (USA, Europe) (En,Ja)
md	5AC0D238	Mystic Defender (USA, Europe) (En,Ja) (Beta)
md	50FD5D93	Mystic Defender (USA, Europe) (En,Ja) (Rev A)
md	B2F2A69B	Mystical Fighter (USA)
md	A55645AC	Mythdragon - A Dream of Hunting (World) (v1.6.0)
md	99C348BA	NBA Action '94 (USA)
md	2491DF2F	NBA Action '94 (USA) (Beta 1)
md	FE43C79D	NBA Action '94 (USA) (Beta 2)
md	AA7006D6	NBA Action '95 Starring David Robinson (USA, Europe)
md	2D411E4B	NBA Action '95 Starring David Robinson (USA, Europe) (Beta 1)
md	582A378F	NBA Action '95 Starring David Robinson (USA, Europe) (Beta 10)
md	374AF160	NBA Action '95 Starring David Robinson (USA, Europe) (Beta 11)
md	0A6B7B9E	NBA Action '95 Starring David Robinson (USA, Europe) (Beta 12)
md	B47FF025	NBA Action '95 Starring David Robinson (USA, Europe) (Beta 13)
md	9C6A1F27	NBA Action '95 Starring David Robinson (USA, Europe) (Beta 14)
md	C4A0A624	NBA Action '95 Starring David Robinson (USA, Europe) (Beta 15)
md	E337BDFB	NBA Action '95 Starring David Robinson (USA, Europe) (Beta 16)
md	7BD7CA47	NBA Action '95 Starring David Robinson (USA, Europe) (Beta 17)
md	15ABCF41	NBA Action '95 Starring David Robinson (USA, Europe) (Beta 18)
md	79C7FB00	NBA Action '95 Starring David Robinson (USA, Europe) (Beta 19)
md	4650CFCC	NBA Action '95 Starring David Robinson (USA, Europe) (Beta 2)
md	EF7F608B	NBA Action '95 Starring David Robinson (USA, Europe) (Beta 20)
md	97D7075D	NBA Action '95 Starring David Robinson (USA, Europe) (Beta 21)
md	57C2C69C	NBA Action '95 Starring David Robinson (USA, Europe) (Beta 22)
md	2FAC80B2	NBA Action '95 Starring David Robinson (USA, Europe) (Beta 23)
md	2C02A79D	NBA Action '95 Starring David Robinson (USA, Europe) (Beta 24)
md	A9167903	NBA Action '95 Starring David Robinson (USA, Europe) (Beta 25)
md	04BF6F6E	NBA Action '95 Starring David Robinson (USA, Europe) (Beta 3)
md	2B198487	NBA Action '95 Starring David Robinson (USA, Europe) (Beta 4)
md	10A3B46D	NBA Action '95 Starring David Robinson (USA, Europe) (Beta 5)
md	F92BA323	NBA Action '95 Starring David Robinson (USA, Europe) (Beta 6)
md	DDB04550	NBA Action '95 Starring David Robinson (USA, Europe) (Beta 7)
md	DCEBE32A	NBA Action '95 Starring David Robinson (USA, Europe) (Beta 8)
md	D87956C9	NBA Action '95 Starring David Robinson (USA, Europe) (Beta 9)
md	C4674ADF	NBA All-Star Challenge (USA, Europe)
md	EDB4D4AA	NBA Hang Time (Europe)
md	176B0338	NBA Hang Time (USA)
md	A6C6305A	NBA Jam (Japan) (En)
md	10FA248F	NBA Jam (USA, Europe)
md	E35F7EEE	NBA Jam (USA, Europe) (Beta)
md	EB8360E6	NBA Jam (USA, Europe) (Rev 1)
md	E9FFCB37	NBA Jam - Tournament Edition (World)
md	66018ABC	NBA Live 95 (USA, Europe)
md	49DE0062	NBA Live 96 (USA, Europe)
md	7024843A	NBA Live 97 (USA, Europe)
md	23473A8A	NBA Live 98 (USA)
md	779C1244	NBA Live Nong-gu 95 (Korea)
md	EAE8C000	NBA Playoffs - Bulls vs Blazers (Japan)
md	EEA19BCE	NBA Pro Basketball '94 (Japan)
md	4416CE39	NBA Pro Basketball - Bulls vs Lakers and the NBA Playoffs (Japan)
md	160B7090	NBA Showdown '94 (USA, Europe)
md	48FB7E7C	NCAA Final Four Basketball (USA)
md	6A7E606E	NCAA Final Four Special Edition (USA) (Demo 1) (Sega Channel)
md	C019CFF2	NCAA Final Four Special Edition (USA) (Demo 2) (Sega Channel)
md	081012F0	NCAA Football (USA)
md	B58E4A81	NFL '95 (USA)
md	5A57EA4E	NFL '95 (USA) (Beta 1)
md	C360521E	NFL '95 (USA) (Beta 10)
md	9240FCAA	NFL '95 (USA) (Beta 11)
md	FF049A49	NFL '95 (USA) (Beta 12)
md	60604D40	NFL '95 (USA) (Beta 13)
md	DBDF61AC	NFL '95 (USA) (Beta 14)
md	123985A5	NFL '95 (USA) (Beta 15)
md	624B8699	NFL '95 (USA) (Beta 16)
md	AE8AA4BE	NFL '95 (USA) (Beta 17)
md	22C5E289	NFL '95 (USA) (Beta 18)
md	55DF1066	NFL '95 (USA) (Beta 19)
md	88D51773	NFL '95 (USA) (Beta 2)
md	21614C4F	NFL '95 (USA) (Beta 20)
md	111AC6A0	NFL '95 (USA) (Beta 21)
md	A3C5710B	NFL '95 (USA) (Beta 3)
md	3D23633B	NFL '95 (USA) (Beta 4)
md	CC86A259	NFL '95 (USA) (Beta 5)
md	655966C8	NFL '95 (USA) (Beta 6)
md	A6015C29	NFL '95 (USA) (Beta 7)
md	B01434E5	NFL '95 (USA) (Beta 8)
md	D0E0A436	NFL '95 (USA) (Beta 9)
md	F73EC54C	NFL 98 (USA)
md	9F605018	NFL 98 (USA) (Beta)
md	E490DC4A	NFL Football '94 (Japan) (En)
md	2C50EBF6	NFL Football '94 (Japan) (En) (Sega Channel)
md	0D486ED5	NFL Football '94 Starring Joe Montana (USA)
md	96C947F3	NFL Pro Football '94 (Japan)
md	21979ABB	NFL Quarterback Club (World)
md	D5A37CAB	NFL Quarterback Club 96 (USA, Europe)
md	CE0B1FE1	NFL Sports Talk Football '93 Starring Joe Montana (USA, Europe)
md	646AE909	NFL Sports Talk Football '93 Starring Joe Montana (USA, Europe) (Rev A)
md	09FBB30E	NHK Taiga Drama - Taiheiki (Japan)
md	9438F5DD	NHL '94 (USA, Europe)
md	7B344D0C	NHL '94 (USA, Europe) (NHL 06)
md	E8EE917E	NHL 95 (USA, Europe)
md	8135702C	NHL 96 (USA, Europe)
md	F067C103	NHL 97 (USA, Europe)
md	7B64CD98	NHL 98 (USA)
md	E6C0218B	NHL All-Star Hockey 95 (USA)
md	5D4BC48D	NHL All-Star Hockey 95 (USA) (Beta 1)
md	88D4FC38	NHL All-Star Hockey 95 (USA) (Beta 10)
md	658FFE52	NHL All-Star Hockey 95 (USA) (Beta 11)
md	51AD0056	NHL All-Star Hockey 95 (USA) (Beta 12)
md	A060A60B	NHL All-Star Hockey 95 (USA) (Beta 13)
md	112E4CB3	NHL All-Star Hockey 95 (USA) (Beta 14)
md	C209D720	NHL All-Star Hockey 95 (USA) (Beta 15)
md	01D6A6C7	NHL All-Star Hockey 95 (USA) (Beta 16)
md	96BAE44F	NHL All-Star Hockey 95 (USA) (Beta 2)
md	B1C0FBB2	NHL All-Star Hockey 95 (USA) (Beta 3)
md	17EB2238	NHL All-Star Hockey 95 (USA) (Beta 4)
md	E8F2C88F	NHL All-Star Hockey 95 (USA) (Beta 5)
md	82624073	NHL All-Star Hockey 95 (USA) (Beta 6)
md	CD0F588A	NHL All-Star Hockey 95 (USA) (Beta 7)
md	CFE4059D	NHL All-Star Hockey 95 (USA) (Beta 8)
md	81D30FE6	NHL All-Star Hockey 95 (USA) (Beta 9)
md	2641653F	NHL Hockey (USA)
md	010D8735	NHL Hockey (USA) (Rev 1) (Beta)
md	C845860D	NHLPA Hockey (USA) (Proto) (HeartBeat Catalyst)
md	CBBF4262	NHLPA Hockey 93 (USA, Europe)
md	F361D0BF	NHLPA Hockey 93 (USA, Europe) (Rev 1)
md	93E509EA	NHLPA Hockey 93 (USA, Europe) (Rev 1) (Sample)
md	EFA0D2CB	NHLPA Hockey 93 (USA, Europe) (Rev 2)
md	24F87987	Nakajima Satoru Kanshuu - F-1 Hero MD (Japan)
md	93BE47CF	Nakajima Satoru Kanshuu - F1 Grand Prix (Japan)
md	8774BC79	Nakajima Satoru Kanshuu - F1 Super License (Japan)
md	F49C3A86	Nekketsu Koukou Dodgeball-bu - Soccer Hen MD (Japan)
md	BD090C67	New 3D Golf Simulation - Devil's Course (Japan)
md	D2A9BF92	New 3D Golf Simulation - Harukanaru Augusta (Japan)
md	96ED2E5D	New 3D Golf Simulation - Pebble Beach no Hatou (Japan)
md	CBE2C1F6	New 3D Golf Simulation - Waialae no Kiseki (Japan)
md	EAD69824	New Horizons (USA)
md	568F7994	New Super Mario Bros. + Tanchiki (Russia)
md	8FD6A616	New World Merchants (World)
md	1C77AD21	NewZealand Story, The (Japan) (En)
md	1233A229	Newman Haas IndyCar Featuring Nigel Mansell (World)
md	072FDA95	Nick Faldo's Championship Golf (Europe) (Proto)
md	3FE3D63B	Nigel Mansell's World Championship Racing (Europe)
md	6BC57B2C	Nigel Mansell's World Championship Racing (USA)
md	7BC177A5	NightVein (World) (Demo 1)
md	F2A4EC56	NightVein (World) (Demo 2)
md	FF730F1B	NightVein (World) (Demo 3)
md	06DA3217	Nightmare Circus (Brazil) (En)
md	EE96F1B8	Nightmare Circus (Brazil) (En) (Beta 1)
md	31DE5A94	Nightmare Circus (Brazil) (En) (Beta 2)
md	7070B6B3	Nightmare Fuel (World) (Demo 1)
md	C3655A59	Nikkan Sports Pro Yakyuu VAN (Japan)
md	A8D828A0	Ninja Burai Densetsu (Japan)
md	49089471	Ninja Burai Densetsu (Japan) (Beta)
md	0D7F74BA	Ninja Gaiden (Japan) (En) (Proto)
md	44EE5F20	No Escape (USA)
md	30BF8637	Nobunaga no Yabou - Bushou Fuuunroku (Japan)
md	96C01FC6	Nobunaga no Yabou - Haouden (Japan)
md	1381B313	Nobunaga no Yabou - Zenkoku Ban (Japan)
md	B9BC07BC	Nobunaga's Ambition (USA)
md	B56A8220	Normy's Beach Babe-O-Rama (USA, Europe)
md	A2DD6D09	Nuclear Rush (USA) (Proto)
md	43B261D4	Numbloxx (World)
md	39316242	Nyordax (World)
md	47AEBFCB	Nyuushi Chokuzen Check - Nanmon Kimon Kiki Kaikai (Japan) (Sega Channel)
md	06218EE7	Ocean Beach Volley (World) (Proto)
md	770969B6	Odeio Carros (World)
md	B7F68B29	Oh Mummy Genesis (World)
md	C66D9C37	Old Towers (USA) (Piepacker)
md	1BB20E74	Old Towers (World)
md	1A7E29FC	Old Towers (World) (v1.1)
md	D875E97D	Old Towers (World) (v1.2)
md	924E57D3	Olympic Gold (Europe) (En,Fr,De,Es,It,Nl,Pt,Sv)
md	339594B4	Olympic Gold (Japan, USA) (En,Fr,De,Es,It,Nl,Pt,Sv)
md	E9C925B8	Olympic Gold (Japan, USA, Korea) (En,Fr,De,Es,It,Nl,Pt,Sv) (Rev A)
md	CC506D37	Olympic Summer Games (Europe)
md	9E470FB9	Olympic Summer Games (USA)
md	62CBB56C	Omega Blast (World) (Ja)
md	67CCB1CA	On Dal Jang Goon (Korea)
md	9F19D6DF	Onslaught (USA, Europe)
md	E16B102C	Ooze, The (Europe)
md	7CF868E7	Ooze, The (Europe) (Beta)
md	1C0DD42F	Ooze, The (Japan, USA) (En)
md	921106FD	Ooze, The (USA) (Beta 1)
md	FA39281D	Ooze, The (USA) (Beta 2)
md	CE1F139F	Ooze, The (USA) (Beta 3)
md	70419442	Ooze, The (USA) (Beta 4)
md	1776763B	Ooze, The (USA) (Beta 5)
md	CA93E93B	Ooze, The (USA) (Beta 6)
md	E7CBA1D8	Operation Europe - Path to Victory 1939-45 (USA)
md	1CDED9BB	Or Maybe This Is the Perfect Life (World)
md	32E898C9	Or Maybe This Is the Perfect Life - The Harry Fox Story (World)
md	D77AC26E	Ordinary Gerbil (World)
md	2453350C	Osomatsu-kun Hachamecha Gekijou (Japan)
md	C6E3DD23	Ottifants, The (Europe) (De) (Beta)
md	41AC8003	Ottifants, The (Europe) (En,Fr,De,Es,It)
md	2DA36E01	Out of This World (USA)
md	4FFDF6B6	Out of This World (USA) (Beta)
md	F3657012	Out of the Vortex (USA) (Proto 1)
md	B09A22D9	Out of the Vortex (USA) (Proto 2)
md	B9C013DF	OutRun (China) (En) (Pirate)
md	EE7D9F4A	OutRun (Japan) (En)
md	24AD1E55	OutRun (Japan) (En) (Mega Drive Mini 2, Genesis Mini 2)
md	E6821FB1	OutRun (USA) (Sega Smash Pack)
md	FDD9A8D2	OutRun (USA, Europe)
md	F30E97AC	OutRun (USA, Europe) (Mega Drive Mini 2, Genesis Mini 2)
md	5CB3536A	OutRun 2019 (Europe)
md	0EAC7440	OutRun 2019 (Japan) (En)
md	E32E17E2	OutRun 2019 (USA)
md	D2ECDDFA	OutRun 2019 (USA) (Beta)
md	E164A09F	OutRunners (Japan) (En)
md	EDE636B9	OutRunners (USA)
md	98E5B197	OutRunners (USA) (Sega Channel)
md	10ABD93F	Outback Joey (USA) (HeartBeat Catalyst)
md	FE6F2350	Outlander (USA)
md	C5BA7BBF	Outlander (USA) (Beta)
md	69412AE8	Outworld 2375 A.D. (USA) (HeartBeat Catalyst)
md	3DEB19A9	Overdrive (World) (Evoke 2013)
md	03826F26	Overdrive (World) (v1.1)
md	F0429FD6	Overdrive 2 (World) (Revision 2017)
md	088BA825	Ozaki Naomichi no Super Masters (Japan)
md	FE9B4C7F	P-47 II MD (Japan) (En)
md	2FE6BF42	P-47 II MD (USA, Europe)
md	D9D4C6E2	P.T.O. - Pacific Theater of Operations (USA)
md	8CA45ACD	PGA European Tour (USA, Europe)
md	9698BBDE	PGA Tour 96 (USA, Europe)
md	0489FF8E	PGA Tour Golf (USA, Europe)
md	C1F0B4E1	PGA Tour Golf (USA, Europe) (Rev 1)
md	C05B7A4A	PGA Tour Golf II (Japan)
md	3EFF8B37	PGA Tour Golf II (USA) (HeartBeat Catalyst)
md	16B2D816	PGA Tour Golf II (USA, Europe)
md	E82B8606	PGA Tour Golf II (USA, Europe) (Rev 1)
md	AEB3F65F	PGA Tour Golf III (USA, Europe)
md	79587507	Pac-Attack (USA)
md	FE7A7ED1	Pac-Man 2 - The New Adventures (USA)
md	74BBA09B	Pac-Mania (USA, Europe)
md	EBD6D5BA	Pac-Panic (Europe)
md	9D137E7F	Pachinko Kuunyan (Japan)
md	EBEF05A4	Paddle Fighter (Japan) (Game no Kanzume Otokuyou)
md	3D8147E6	Paddle Fighter (Japan) (Sega Game Toshokan)
md	79A180E2	Pagemaster, The (Europe)
md	75A96D4E	Pagemaster, The (USA)
md	E0A3385A	Pagemaster, The (USA) (Beta)
md	9E57D92E	Panorama Cotton (Japan)
md	54D82F86	Panorama Cotton (Japan) (Beta)
md	D70F49C6	Panorama Cotton (USA) (Strictly Limited Games)
md	43386DFD	Paperboy & RoadBlasters (USA) (Auto Demo)
md	E14250AE	Paperboy (Japan) (En,Ja)
md	0A44819B	Paperboy (USA, Europe)
md	9856D9EA	Paperboy (USA, Europe) (Beta)
md	1DE28BB1	Paperboy 2 (USA, Europe)
md	EC16D540	Papi Commando (World)
md	D15C6391	Papi Commando Remix (World)
md	227A251B	Papi Commando Remix Deluxe (World)
md	6C8EE0B0	Papi Commando Remix Deluxe (World) (v1.1)
md	1BEC6156	Parachute (World) (Pt) (v1.1)
md	9D4B447A	Party Quiz Mega Q (Japan)
md	190E9602	Passing Breeze - An Arcade Adventure (World)
md	3D9318A7	Pat Riley Basketball (USA)
md	00F4C7CC	Pat Riley Basketball (USA) (Beta)
md	1EE27E49	Payne Stewart Pro Golf (USA) (Proto 1)
md	602F556A	Payne Stewart Pro Golf (USA) (Proto 2)
md	6CFC7297	Pebble Beach Golf Links (Europe)
md	95823C43	Pebble Beach Golf Links (USA)
md	D124CE9C	Pebble Beach Golf Links (USA) (Rev A) (Sega Channel)
md	D2943456	Pedreiro Polar (Brazil) (Super Mega Drive 3)
md	05A486E9	Pele II - World Tournament Soccer (USA, Europe)
md	5A8ABE51	Pele! (USA, Europe)
md	D2BBB00E	Pele! (USA, Europe) (Sample)
md	E531826B	Pense Bem (Brazil) (Mega Drive 4)
md	D1E2324B	Pepenga Pengo (Japan) (En)
md	7C95BD0D	Perlin & Pinpin - The Robin Tower - Back to School (World) (Demo 1)
md	4EB5EC1F	Perlin & Pinpin - The Robin Tower - Back to School (World) (Demo 2)
md	AA8B19BC	Pete Sampras Tennis (Europe) (Rev 2) (MDSTEE13)
md	94E505B2	Pete Sampras Tennis (USA, Europe) (MDST6636) (J-Cart)
md	9EF5BBD1	Pete Sampras Tennis (USA, Europe) (Rev 1) (MDST17FF) (J-Cart)
md	F0BFAD42	Phantasy Star - Sennenki no Owari ni (Japan)
md	B23CD7AA	Phantasy Star - Sennenki no Owari ni (Japan) (Mega Drive Mini, Genesis Mini)
md	FE45F95D	Phantasy Star - Sennenki no Owari ni (Japan) (SEGA Classic Collection)
md	07301F83	Phantasy Star Fukkokuban (Japan)
md	E6688B66	Phantasy Star II (Brazil)
md	0D07D0EF	Phantasy Star II (USA, Europe)
md	B034C46E	Phantasy Star II (USA, Europe) (Beta)
md	904FA047	Phantasy Star II (USA, Europe) (Rev A)
md	B94CF31B	Phantasy Star II (USA, Europe) (Rev A) (Mega Drive Mini 2, Genesis Mini 2)
md	75AF3D59	Phantasy Star II (USA, Europe) (Rev A) (SEGA Classic Collection)
md	67DB982A	Phantasy Star II (USA, Europe) (Rev A) (Virtual Console)
md	B1E01B9F	Phantasy Star II - Amia's Adventure (Japan) (Game no Kanzume Vol. 1)
md	A3A724AA	Phantasy Star II - Amia's Adventure (Japan) (Sega Game Toshokan)
md	699A64DF	Phantasy Star II - Anne's Adventure (Japan) (Game no Kanzume Vol. 2)
md	FAFA5B6F	Phantasy Star II - Anne's Adventure (Japan) (Sega Game Toshokan)
md	BCCF4FA7	Phantasy Star II - Huey's Adventure (Japan) (Game no Kanzume Vol. 1)
md	1A076F83	Phantasy Star II - Huey's Adventure (Japan) (Sega Game Toshokan)
md	BEC8EB5A	Phantasy Star II - Kaerazaru Toki no Owari ni (Japan)
md	F85CC51F	Phantasy Star II - Kaerazaru Toki no Owari ni (Japan) (Mega Drive Mini 2, Genesis Mini 2)
md	FB5A6AE4	Phantasy Star II - Kinds's Adventure (Japan) (Game no Kanzume Vol. 2)
md	C334F308	Phantasy Star II - Kinds's Adventure (Japan) (Sega Game Toshokan)
md	3D9AD465	Phantasy Star II - Nei's Adventure (Japan) (Sega Game Toshokan)
md	6B5916D2	Phantasy Star II - Rudger's Adventure (Japan) (Sega Game Toshokan)
md	1F83BEB2	Phantasy Star II - Shilka's Adventure (Japan) (Sega Game Toshokan)
md	D40C76D6	Phantasy Star II - Yushis's Adventure (Japan) (Sega Game Toshokan)
md	2E9B4C23	Phantasy Star III - Generations of Doom (Brazil)
md	1D1C62FB	Phantasy Star III - Generations of Doom (USA, Europe) (SEGA Classic Collection)
md	C6B42B0F	Phantasy Star III - Generations of Doom (USA, Europe, Korea) (En)
md	389C2968	Phantasy Star IV (Europe)
md	FE236442	Phantasy Star IV (USA)
md	B32B17E1	Phantasy Star IV (USA) (Beta 1)
md	DC2E1C0A	Phantasy Star IV (USA) (Beta 2)
md	60137F25	Phantasy Star IV (USA) (Beta 3)
md	12A2590A	Phantasy Star IV (USA) (Beta 4)
md	BDA29CDF	Phantasy Star IV (USA) (Beta 5)
md	2EE18BC3	Phantasy Star IV (USA) (Mega Drive Mini, Genesis Mini)
md	1C82E0E3	Phantasy Star IV (USA) (Sample)
md	B024882E	Phantom 2040 (Europe) (En,Fr,De)
md	FB36E1F3	Phantom 2040 (USA)
md	D6CF8CDB	Phantom Gear (World) (Demo 1)
md	0ED12792	Phantom Gear (World) (Demo 10)
md	81D96E08	Phantom Gear (World) (Demo 11)
md	40C23595	Phantom Gear (World) (Demo 2)
md	D5D3E335	Phantom Gear (World) (Demo 3)
md	3DF43D25	Phantom Gear (World) (Demo 4)
md	FD39B961	Phantom Gear (World) (Demo 5)
md	3607A42C	Phantom Gear (World) (Demo 6)
md	1C413837	Phantom Gear (World) (Demo 7)
md	EB689D17	Phantom Gear (World) (Demo 8)
md	7DCCDA30	Phantom Gear (World) (Demo 9)
md	13ABC2B2	Phelios (Europe)
md	94596174	Phelios (Japan) (En)
md	14DC2668	Phelios (Japan) (En) (Virtual Console)
md	11C79320	Phelios (USA)
md	FF0DCD3C	Phelios (World) (Evercade)
md	25B7063E	Pier Solar and the Great Architects (Europe) (En,Fr,De) (Reprint A)
md	4261EA9B	Pier Solar and the Great Architects (Europe) (En,Fr,De) (Reprint)
md	045A5D71	Pier Solar and the Great Architects (Europe) (En,Fr,De) (Rev 1) (Collector's Edition)
md	003A0754	Pier Solar and the Great Architects (Japan) (En,Fr,Es)
md	55FFB501	Pier Solar and the Great Architects (USA) (Beta)
md	DFB94F1B	Pier Solar and the Great Architects (USA) (En,Es,Pt) (Reprint B)
md	F68F6367	Pikachu - Pocket Monster (Taiwan) (En)
md	FB176667	Pikachu - Pocket Monster (Taiwan) (En) (Alt)
md	30F7031F	Pikachu II - Pocket Monster II (Taiwan) (En)
md	B5804771	Pink Goes to Hollywood (USA, Europe)
md	56087CFF	Pink Goes to Hollywood (USA, Europe) (Beta)
md	28014BDC	Pinocchio (Europe)
md	CD4128D8	Pinocchio (USA)
md	1BDC1A5E	Pirates of Dark Water, The (Europe)
md	0C45B9F7	Pirates of Dark Water, The (USA)
md	63C90C7C	Pirates of the Caribbean - On Stranger Tides (Russia)
md	ED50E75C	Pirates! Gold (USA)
md	F61E5417	Pirates! Gold (USA) (Beta 1)
md	0A525641	Pirates! Gold (USA) (Beta 2)
md	E7DB6883	Piruja (World) (Proto)
md	F447E7A4	Pistoleiro (World) (Proto)
md	7D6367A7	Pit-Fighter (China) (En) (Pirate)
md	D48A8B02	Pit-Fighter (World) (En,Ja)
md	1E0E0831	Pit-Fighter (World) (En,Ja) (Beta)
md	9EEFE971	Pit-Fighter II (USA) (Proto)
md	C9198E19	Pitfall - The Mayan Adventure (Europe)
md	F917E34F	Pitfall - The Mayan Adventure (USA)
md	F466EEDD	Planet Message Quiz (Japan) (Sega Channel)
md	414648D2	Plants vs. Zombies (Russia)
md	68322BB3	Plants vs. Zombies (World)
md	C15E137D	Plato Protagoras (World)
md	165E7987	Pocahontas (Europe)
md	6DDD1C6D	Pocahontas (USA)
md	84F49061	Pokemon Crazy Drummer (China) (En)
md	A5EF0B96	Pokemon II (China) (En)
md	AE28D9EB	Poker Club 6 in 1 (Taiwan)
md	17654DF8	Pop'n Wizz (World) (Proto)
md	6C92E44D	Popeye in High Seas High-Jinks (USA) (Proto)
md	83D56F64	Populous (Europe)
md	97C26818	Populous (Japan) (En)
md	BD74B31E	Populous (USA)
md	B41B77CF	Power Athlete (Japan, Korea) (En)
md	8C00AD61	Power Drive (Europe) (En,Fr,De,Es,Pt)
md	9D134001	Power Drive (USA) (En,Fr,De,Es,Pt) (Sega Channel)
md	8280D1B3	Power Football (World) (Evercade)
md	553289B3	Power Monger (Japan, Korea) (Ja)
md	FB599B86	Power Monger (USA, Europe)
md	1046D696	Power Rangers - The Fighting Edition (Russia) (En)
md	99F414FF	Power Wing (USA) (Proto)
md	7ADF232F	Powerball (USA)
md	BDBA113E	Predator 2 (USA, Europe)
md	40221A2D	Prefrontal Mega (World) (Proto)
md	303B889F	Premier Manager (Europe)
md	FCCBF69B	Premier Manager 97 (Europe)
md	D14D79E6	Premier Manager 97 (World) (Evercade)
md	9789EA79	Primal Rage (USA) (Demo 1) (Test Drive) (Sega Channel)
md	5E19C1C0	Primal Rage (USA) (Demo 2) (Sega Channel) (Rental)
md	C9E3F2DC	Primal Rage (USA) (Demo 3) (Sega Channel) (Showdown)
md	2884C6D1	Primal Rage (USA, Europe)
md	843479A1	Primal Rage (USA, Europe) (Beta)
md	5AA53CBC	Prime Time NFL Starring Deion Sanders (USA)
md	61DE6FE0	Prince of Persia (Europe)
md	425E6A87	Prince of Persia (Europe) (Beta 1)
md	294B7EB1	Prince of Persia (Europe) (Beta 2) (Debug)
md	505314B6	Prince of Persia (Europe) (Beta 3)
md	13C181A4	Prince of Persia (USA)
md	3AB44D46	Prince of Persia 2 (Europe) (Proto)
md	A397BC66	Pringles Game (World)
md	58FE6EA8	Prisonela MD (World) (v1.1)
md	D16AC11C	Prisonela MD (World) (v1.2)
md	707017E5	Pro Moves Soccer (USA)
md	CC8B2B69	Pro Quarterback (USA)
md	E35E25FB	Pro Striker - Final Stage (Japan)
md	A948AB7E	Pro Yakyuu Super League '91 (Japan)
md	BC597D48	Probotector (Europe) (En,Fr,De)
md	5E42179D	Probotector (Europe) (En,Fr,De) (60 Hz) (Contra Anniversary Collection)
md	C14F4E78	Probotector (Europe) (En,Fr,De) (Contra Anniversary Collection)
md	6ED9E471	Probotector (Europe) (En,Fr,De) (Mega Drive Mini, Genesis Mini)
md	DCB38C0F	Professor Bell's House of Fortune (World)
md	E630567A	Professor Bell's House of Fortune 2 (World)
md	45208EEE	Project MD (World)
md	2434A203	Project MD (World) (v1.1)
md	EC97D98B	Project MD (World) (v1.2)
md	B193E549	Project MD (World) (v1.3)
md	8BA7E6C5	Psy-O-Blade (Japan)
md	F29A5532	Psycho Pinball (Europe) (Beta)
md	1AB8F1A1	Psycho Pinball (Europe) (En,Fr,De,Es,It)
md	32DD8351	Psycho Pinball (Europe) (En,Fr,De,Es,It) (Rev 1)
md	8376D319	Psycho Pinball (World) (Evercade)
md	5D5C9ADE	Puggsy (Europe)
md	70132168	Puggsy (USA)
md	E13ED54E	Puggsy (USA) (Beta)
md	138A104E	Pulseman (Japan)
md	99EE9AC9	Pulseman (Japan) (Beta)
md	729EDD17	Punisher, The (Europe)
md	695CD8B8	Punisher, The (USA)
md	A6557FAA	Putter Golf (Japan) (Game no Kanzume Otokuyou)
md	20F168A6	Putter Golf (Japan) (Sega Game Toshokan)
md	4974AE73	Putty Squad (Europe) (Proto 1)
md	2348DA80	Putty Squad (Europe) (Proto 2)
md	7F26614E	Puyo Puyo (Japan)
md	51AD7797	Puyo Puyo Tsuu (Japan)
md	25B7B2AA	Puyo Puyo Tsuu (Japan) (Rev A)
md	EB6E1894	Puyo Puyo Tsuu (Japan) (Rev A) (Virtual Console)
md	7BDEC762	Puzzle & Action - Ichidanto-R (Japan)
md	8C00DD10	Puzzle & Action - Ichidanto-R (World) (Ja) (Sega Ages)
md	D2D2D437	Puzzle & Action - Tanto-R (Japan)
md	53ECA258	Puzzli (World) (v1.1)
md	B20272EA	Pyramid Magic (Japan) (Game no Kanzume Otokuyou)
md	306D839E	Pyramid Magic (Japan) (Sega Game Toshokan)
md	C9DDAC72	Pyramid Magic II (Japan) (Sega Game Toshokan)
md	8329820A	Pyramid Magic III (Japan) (Sega Game Toshokan)
md	153A3AFA	Pyramid Magic Special (Japan) (Sega Game Toshokan)
md	45D104A7	QuackShot Starring Donald Duck (USA) (En,Ja) (Sega Channel)
md	88C8DD94	QuackShot Starring Donald Duck (World) (En,Ja)
md	5DD28DD7	QuackShot Starring Donald Duck (World) (En,Ja) (Rev A)
md	A5C946B3	QuackShot Starring Donald Duck (World) (En,Ja) (Rev A) (Alt)
md	74736A80	Quad Challenge (USA)
md	8D46F0FA	Quad Challenge (World) (Evercade)
md	9823D808	Question, The (World) (Proto 1)
md	40BC39D2	Question, The (World) (Proto 2)
md	414360E3	Question, The (World) (Proto 3)
md	9549D31F	Question, The (World) (Proto 4)
md	BEAFCE84	R.B.I. Baseball '93 (USA)
md	DBEA568D	R.B.I. Baseball '93 (USA) (Beta)
md	4EB4D5E4	R.B.I. Baseball '94 (USA, Europe)
md	9D44F9D1	R.B.I. Baseball '95 (USA) (Proto)
md	4840348C	R.B.I. Baseball 3 (USA)
md	D0430946	R.B.I. Baseball 3 (USA) (Beta)
md	8F4E1005	R.B.I. Baseball 4 (Japan) (En,Ja)
md	FECF9B94	R.B.I. Baseball 4 (USA)
md	F7420278	R.B.I. Baseball 4 (USA) (Beta)
md	D0D548FA	RGB Pals (World)
md	D737CF3D	Race Drivin' (USA)
md	9DE9EB4A	Race Drivin' (USA) (Beta)
md	FF25FAAD	Racer (World) (v1.2) (Digital)
md	D02D3282	Radical Rex (Europe)
md	BF2912E3	Radical Rex (Europe) (Beta)
md	2E6EEC7E	Radical Rex (USA)
md	0C70B0FF	Radical Rex (World) (QUByte Classics)
md	F839A811	Raiden Trad (Japan, USA) (En)
md	C74DCB35	Rainbow Islands Extra (Japan) (En)
md	AC8E0DE5	Ralph (Russia) (Pirate)
md	2232F03D	Rambo III (Japan, USA) (En,Ja)
md	4D47A647	Rambo III (USA, Europe, Korea) (En,Ja) (Rev A)
md	16EAD64C	Rampart (Japan, Korea) (Ja)
md	9C4DD057	Rampart (USA)
md	B8C04804	Ranger X (Europe)
md	55915915	Ranger X (USA)
md	A9A0083D	Ransei no Hasha (Japan)
md	EBACFB5A	Rastan Saga II (Japan) (En)
md	C7EE8965	Rastan Saga II (USA)
md	3E3D1E24	Red Queen Rampage (World) (Proto) (bitbitJAM 2016)
md	56512EE5	Red Zone (USA, Europe)
md	A9BAA048	Redline Reaver (World) (Proto)
md	9A6F0098	Reknum (World) (Demo 1)
md	C40CD1E6	Reknum (World) (Demo 2)
md	C276C220	Ren & Stimpy Show Presents, The - Stimpy's Invention (Europe)
md	1B475ED3	Ren & Stimpy Show Presents, The - Stimpy's Invention (Europe) (Sega Channel)
md	D9503BA5	Ren & Stimpy Show Presents, The - Stimpy's Invention (USA)
md	FCB86336	Ren & Stimpy Show Presents, The - Stimpy's Invention (USA) (Beta)
md	2E515F82	Rent a Hero (Japan)
md	107CBF61	Renzhe Wu lei Chuanshuo (China) (Pirate)
md	558E35E0	Resq (Europe) (Proto)
md	73CC29C9	Retro Games Hunters (World) (Demo 1)
md	779CC59F	Return to Genesis (World)
md	5C7E5EA6	Revenge of Shinobi, The (Japan, USA) (En)
md	05F27994	Revenge of Shinobi, The (USA, Europe)
md	FE91AB7E	Revenge of Shinobi, The (USA, Europe) (Rev A)
md	E488EB46	Revenge of Shinobi, The (USA, Europe) (Rev A) (Beta)
md	4D35EBE4	Revenge of Shinobi, The (USA, Europe) (Rev B)
md	5CA24F66	Revenge of Shinobi, The (World) (Rev B) (Virtual Console)
md	5FB0C5D4	Revolution X (USA, Europe)
md	7BB60C3F	Richard Scarry's Busytown (USA)
md	1E92D6FF	Richard Scarry's Busytown (USA) (Beta 1)
md	C48CBC30	Richard Scarry's Busytown (USA) (Beta 2)
md	650ED917	Richard Scarry's Busytown (USA) (Beta 3)
md	3B9C3F4A	Richard Scarry's Busytown (USA) (Beta 4)
md	A0C013BA	Richard Scarry's Busytown (USA) (Beta 5)
md	1AD270F3	Richard Scarry's Busytown (USA) (Beta 6)
md	760CFF62	Richard Scarry's Busytown (USA) (Beta 7)
md	566216BD	Richard Scarry's Busytown (USA) (Sega Channel)
md	545CBBE4	Rick Dangerous (World)
md	4366ADD7	Rick Dangerous 2 (World) (v1.1)
md	98F62EE5	Rick Dangerous DX (World) (v1.2)
md	82FB7B96	Rick Dangerous DX (World) (v1.3)
md	FAE3D720	Riddle Wired (Japan) (Sega Game Toshokan)
md	26FE0235	Right 2 Repair (World)
md	0F6C6915	Right 2 Repair (World) (Global Game Jam 2020)
md	41FCC497	Rings of Power (USA, Europe)
md	5650780B	Rise of the Robots (Europe)
md	80416D0D	Risk (USA)
md	D975E93C	Risky Woods (USA, Europe)
md	6511AA61	Ristar (USA, Europe)
md	9700139B	Ristar (USA, Europe) (Beta)
md	7C5C7A0A	Ristar - The Shooting Star (Japan) (En) (Beta 1)
md	6BECCCC9	Ristar - The Shooting Star (Japan) (En) (Beta 2)
md	CE464F0E	Ristar - The Shooting Star (Japan, Korea) (En)
md	256A21D2	Road Rash (Japan)
md	DEA53D19	Road Rash (USA, Europe)
md	15785956	Road Rash 3 (USA, Europe)
md	B6626083	Road Rash 3 (USA, Europe) (Beta)
md	9A5723B6	Road Rash II (Japan)
md	6CFA9048	Road Rash II (Japan) (Mega Drive Mini, Genesis Mini)
md	C25ABD9E	Road Rash II (USA) (Mega Drive Mini, Genesis Mini)
md	7B29C209	Road Rash II (USA, Europe)
md	0876E992	Road Rash II (USA, Europe) (Rev 1)
md	10C89166	Road Riot 4WD (USA) (Proto)
md	A0015440	RoadBlasters (Japan) (En)
md	EC6CD5F0	RoadBlasters (USA)
md	E4EF86B9	RoadBlasters (USA) (Beta)
md	FC88D889	Robert Cop 2 (World)
md	743B0556	Robert Cop 2 (World) (Beta)
md	34FB7B27	RoboCop 3 (USA, Europe)
md	C66A34A6	RoboCop Versus The Terminator (China) (En) (Pirate)
md	85A93F8D	RoboCop Versus The Terminator (Europe)
md	2487049F	RoboCop Versus The Terminator (Europe) (Beta)
md	D444E1F0	RoboCop Versus The Terminator (Japan, Korea) (En)
md	BBAD77A4	RoboCop Versus The Terminator (USA)
md	ECEBFF29	RoboCop Versus The Terminator (USA) (Beta)
md	FDF23EFF	Robot Battler (Japan) (Sega Game Toshokan)
md	C67DDB14	Robot Wreckage (USA) (Beta)
md	BC5A0562	Rock 'n' Roll Racing (Europe)
md	6ABAB577	Rock n' Roll Racing (USA)
md	8EEDFD51	Rocket Knight Adventures (Europe)
md	8ACB071B	Rocket Knight Adventures (Europe) (Beta)
md	D1C8C1C5	Rocket Knight Adventures (Japan) (En)
md	A6EFEC47	Rocket Knight Adventures (USA)
md	9CBEE37B	Rocket Knight Adventures (USA) (Beta)
md	ECBD5BA8	Rocket Panda (USA, Europe)
md	09140B26	Rocket Panda (USA, Europe) (Demo 1)
md	85A3BBEA	Rocket Panda (USA, Europe) (Demo 2)
md	DAB4DFDD	Rockheaven (Asia) (Ja) (Pirate)
md	85C956EF	Rockman - Mega World (Japan)
md	E8F5668E	Rockman - Mega World (Japan) (Mega Drive Mini, Genesis Mini)
md	3EE639F0	Rockman X3 (Taiwan) (En)
md	60B5616F	Rockworld (Asia) (Ja) (Pirate)
md	83699E34	Roger Clemens' MVP Baseball (USA)
md	C440F292	Rolling Thunder 2 (Europe)
md	965B2628	Rolling Thunder 2 (Japan) (En)
md	3ACE429B	Rolling Thunder 2 (USA)
md	64FB13AA	Rolling Thunder 3 (USA)
md	306861A2	Rolo to the Rescue (USA, Europe)
md	3D842478	Romance of the Three Kingdoms II (USA)
md	7E41C8FE	Romance of the Three Kingdoms III - Dragon of Destiny (USA)
md	AAACDF9E	Romeow and Julicat (World) (Evercade)
md	DD27C84E	Ronaldinho 98 (Brazil) (Pirate)
md	0E0107F1	Royal Blood (Japan)
md	752BF5BB	Rue The Rosey Buddy 3 (World)
md	61F90A8A	Rugby World Cup 95 (USA, Europe) (En,Fr,It)
md	0894D8FB	Runark (Japan, Korea) (En)
md	848256D0	Runes (World)
md	D802BAA4	Ryuthela (World)
md	054CF5F6	Ryuuko no Ken (Japan)
md	1AEF72EA	SD Valis (Japan)
md	8AD82CF6	SEGA Master System Brawl (World)
md	87A8C533	SMB4MD (World) (Pirate)
md	A85491AE	ST II' Turbo (USA) (Proto) (Pirate)
md	5F873042	Sacred Line Genesis (World) (Beta 1)
md	47A0B02D	Sacred Line Genesis (World) (Beta 2)
md	5ACA236D	Sacred Line Genesis (World) (Demo 1)
md	21042CF2	Sacred Line Genesis (World) (Demo 2)
md	3560FC58	Sacred Line II (World) (v1.0.2) (Standard Pack)
md	D8A662AF	Sacred Line Zero (World) (Proto 2)
md	F1E22F43	Sagaia (USA)
md	3960A00F	Saint Sword (Japan) (En)
md	44F66BFF	Saint Sword (USA)
md	77BBD841	Same! Same! Same! (Japan) (En)
md	6FD46DC2	Same! Same! Same! (Japan) (En) (Beta)
md	14E3FB7B	Sampras Tennis 96 (Europe) (J-Cart)
md	C972014F	Samurai Shodown (Europe)
md	5BB8B2D4	Samurai Shodown (USA)
md	B11BD611	Samurai Shodown vs Soul Edge (Taiwan) (En)
md	0EA2AE36	Samurai Spirits (Japan)
md	3B5CC398	San Guo Zhi Lie Zhuan - Luan Shi Qun Ying (Asia)
md	437BA326	Sangokushi II (Japan)
md	A8DE6AEA	Sangokushi III (Japan)
md	0F56785A	Sangokushi Retsuden - Ransei no Eiyuutachi (Japan)
md	3A71E961	Sanguo Yanyi - Huoshao Chibi (Taiwan)
md	CD7E53D0	Sanguozhi V (Taiwan)
md	84081204	Sanrin San-chan - Spatter (World) (Mega Drive Mini 2, Genesis Mini 2)
md	5B85DEED	Sansan (Japan)
md	F6B9AEA0	Satan Claus (World)
md	08FA5A3F	Saturday Night Slammasters (Europe)
md	2FB4EABA	Saturday Night Slammasters (USA)
md	E6038BF4	Satyr in Hell, A (World)
md	79F87299	Satyr in Hell, A (World) (Beta 1)
md	6CAF6B8B	Satyr in Hell, A (World) (Beta 2)
md	F4148D5C	Satyr in Hell, A (World) (Digital)
md	B28BDD69	Schtroumpfs Autour du Monde, Les (Europe) (En,Fr,De,Es)
md	7BB9DD9B	Scooby-Doo Mystery (USA)
md	360B2610	Scrabble (Europe) (Proto)
md	5DE6EA13	Scream Mr. Jack (World)
md	708E615D	Scream Mr. Jack (World) (Retro Platform Jam #1)
md	6A916E44	Seasaw Space Security Squad (World)
md	714C264F	Seasaw Space Security Squad (World) (v1.5.1)
md	17B1FA00	Seasaw Space Security Squad (World) (v1.6.0)
md	47457BDC	Seasaw Space Security Squad (World) (v1.6.1)
md	78E92143	Second Samurai (Europe)
md	12D646B8	Second Samurai (World) (QUByte Classics)
md	F081E18B	Secret of the Four Winds, The (World) (En,Ja,Es)
md	85C10705	Secret of the Four Winds, The (World) (En,Ja,Es) (Demo 1)
md	1000ECD0	Secret of the Four Winds, The (World) (En,Ja,Es) (Demo 2)
md	08330578	Secret of the Four Winds, The (World) (En,Ja,Es) (Demo 3)
md	07FEDAF1	Sega Sports 1 (Europe)
md	61069069	Sega Top Five (Brazil) (En)
md	91537567	SegaSonic Bros. (World) (Proto)
md	3134C42A	Segapede (USA) (Proto)
md	F9B396B8	Sensible Soccer (Europe) (En,Fr,De,It)
md	EF52664D	Sensible Soccer (Europe) (En,Fr,De,It) (Beta)
md	5F26995D	Sensible Soccer (World) (En,Fr,De,It) (Evercade)
md	0A4F48C3	Sesame Street Counting Cafe (USA)
md	713D377B	Shadow Blasters (USA)
md	80865E29	Shadow Dancer (China) (En) (Pirate)
md	5CD3E295	Shadow Dancer - The Secret of Shinobi (USA, Europe) (SEGA Classic Collection)
md	EBE9AD10	Shadow Dancer - The Secret of Shinobi (World)
md	8497CD8D	Shadow Dancer - The Secret of Shinobi (World) (Beta)
md	E0BEC681	Shadow of the Beast (China) (En) (Pirate)
md	BD385C27	Shadow of the Beast (USA, Europe)
md	0CD09D31	Shadow of the Beast - Mashou no Okite (Japan) (En)
md	2DEDE3DB	Shadow of the Beast II (USA, Europe)
md	D32199F7	Shadowrun (Asia) (En)
md	FBB92909	Shadowrun (USA)
md	2455ADD2	Shadowrun (USA) (Beta 1)
md	BBB5E2FA	Shadowrun (USA) (Beta 2)
md	2A964BCD	Shadowrun (USA) (Beta 3)
md	6E2BBCA8	Shadowrun (USA) (Beta 4)
md	B67D4400	Shadows of the Wind (Europe) (Proto)
md	68865F6F	Shane Warne Cricket (Australia)
md	EBE9E840	Shanghai II - Dragon's Eye (USA)
md	154ACA2D	Shanghai II - Dragon's Eye (USA) (Beta)
md	7BD5E34F	Shaolin Carcara (World) (Pt-BR)
md	499955F2	Shaq-Fu (USA, Europe)
md	7C8E895A	Shattering Jaws (World) (bitbitJAM 2016)
md	98C368CE	Shengzhan Fengyun (China) (Pirate)
md	40C44CD3	Shi no Meikyuu - Labyrinth of Death (Japan) (En,Ja) (Game no Kanzume Otokuyou)
md	A6D7E02D	Shi no Meikyuu - Labyrinth of Death (Japan) (Sega Game Toshokan)
md	40F4AACC	Shijou Saidai no Soukoban (Japan)
md	5EA0C97D	Shikinjou (Japan)
md	A40972A1	Shikong Yibian (China) (Pirate)
md	36407C82	Shiliu Zhang Mahjong - Xiangyan Meiren Pian (Taiwan)
md	B4F4249F	Shiliu Zhang Mahjong II (Taiwan)
md	77B5B10B	Shin Changsegi - Ragnacenty (Korea)
md	6A3F5AE2	Shin Souseiki Ragnacenty (Japan)
md	43797455	Shin Souseiki Ragnacenty (Japan) (Beta)
md	B7278199	Shining Force (Europe)
md	E82ACDFC	Shining Force (USA)
md	CE67143A	Shining Force (USA) (Beta)
md	4391175E	Shining Force (USA) (Mega Drive Mini, Genesis Mini)
md	9378FBCD	Shining Force - Kamigami no Isan (Japan)
md	45416AA9	Shining Force - Kamigami no Isan (Japan) (Mega Drive Mini, Genesis Mini)
md	83CB46D1	Shining Force II (Europe)
md	4815E075	Shining Force II (USA)
md	5843670C	Shining Force II (USA) (Beta 1)
md	D2056AA8	Shining Force II (USA) (Beta 2)
md	03B68BBA	Shining Force II (USA) (Beta 3)
md	C7F6D0B6	Shining Force II (USA) (Sega Channel)
md	D677EDD1	Shining Force II (USA, Europe) (Switch Online)
md	0288F3E1	Shining Force II - Inishie no Fuuin (Japan)
md	78D4640A	Shining Force II - Inishie no Fuuin (Japan) (Switch Online)
md	496AF51C	Shining and the Darkness (Japan)
md	3EE2BBC4	Shining in the Darkness (Brazil)
md	4D2785BC	Shining in the Darkness (USA, Europe)
md	0B6D3EB5	Shinobi III - Return of the Ninja Master (Europe)
md	5381506F	Shinobi III - Return of the Ninja Master (USA)
md	ED32899A	Shinobi III - Return of the Ninja Master (USA) (Beta)
md	C0F1DE3C	Shinobi III - Return of the Ninja Master (USA) (Mega Drive Mini, Genesis Mini, Nintendo Classics)
md	68B372F6	Shisan Zhang Mahjong - 98 Mei Shaonu (Taiwan)
md	9B691779	Shisan Zhang Mahjong - Zhongguo Meinu Pian (Taiwan)
md	7E729693	Shiten Myouou (Japan)
md	4148F816	Shougi no Hoshi (Japan)
md	C51F40CB	Shove It! ...The Warehouse Game (USA)
md	0A22DF04	Show do Milhao (Brazil)
md	48EE66CB	Show do Milhao - Volume 2 (Brazil)
md	3E9E010C	Shuihu Fengyun Zhuan (Taiwan)
md	61E458C3	Shuihu Zhuan (Taiwan)
md	E19DA6E5	Shura no Mon (Japan)
md	B29CF25D	Shylax (World) (Proto)
md	36E08145	Side Pocket (Europe)
md	336BBF3E	Side Pocket (Japan, Korea) (En)
md	AF9F275D	Side Pocket (USA)
md	622C1396	Silent Hill Genesis (World) (En) (Proto)
md	3E3CF432	Silent Hill Genesis (World) (Ru) (Proto)
md	3F4797AB	Simpsons, The - Bart vs. the Space Mutants (China) (En) (Pirate)
md	C8620574	Simpsons, The - Bart vs. the Space Mutants (USA, Europe)
md	DB70E8CA	Simpsons, The - Bart vs. the Space Mutants (USA, Europe) (Rev A)
md	24D7507C	Simpsons, The - Bart's Nightmare (USA, Europe)
md	B364387D	Simpsons, The - Trivia Quiz (World) (v2.0)
md	A34319A6	Sir Ababol (World)
md	45875ED8	Sir Ababol (World) (v1.01)
md	2BBA1524	Skazka (World) (v2.0)
md	5F872737	Skeleton Krew (Europe)
md	C2E05ACB	Skeleton Krew (USA)
md	F785F9D7	Skitchin' (USA, Europe)
md	4B88149D	Skull & Crossbones (USA) (Demo 1)
md	FCBEF31B	Skull & Crossbones (USA) (Demo 2)
md	C6DBDD24	Skull & Crossbones (USA) (Demo 3)
md	C19C200E	Slam - Shaq vs. the Legends (USA) (Proto)
md	D6695695	Slap Fight MD (Japan) (En)
md	DBB62949	Slap Fight MD (Japan) (En) (Beta)
md	AAB2C6C4	Slaughter Sport (USA)
md	3D776142	Sleigh Chase (World) (En,Es)
md	7FF5529F	Slime World (Japan) (En)
md	FB01C832	Smart Mouse (USA) (Piko Interactive)
md	C991668D	Smurfs, The (Brazil) (En,Fr,De,Es,It)
md	88B30EFF	Smurfs, The (Europe) (En,Fr,De,Es,It)
md	DE4487DC	Snail Maze II (World)
md	543BED30	Snake Rattle n Roll (Europe)
md	11B56228	Snow Bros. - Nick & Tom (Japan) (En)
md	3C14E15A	Socket (USA)
md	A77E4E9F	Sol-Deace (USA)
md	A7994615	Sol-Deace (USA) (Rev 1) (Sega Channel)
md	82991B5F	Sol-Deace (World) (Evercade)
md	84935BC3	Sol-Deace (World) (Retro-Bit)
md	03935C1D	Solaris (World) (Proto)
md	A84D28A1	Soldiers of Fortune (USA)
md	A30EBDB1	Soleil (Europe)
md	08DC1EAD	Soleil (France)
md	332B9ECD	Soleil (Germany)
md	9ED4C323	Soleil (Spain)
md	9A03EAC9	Solitaire in Space (World) (Proto)
md	87F40B6A	Sonic & Knuckles (USA) (Sega Channel)
md	4DCFD55C	Sonic & Knuckles (World)
md	8E8DADD0	Sonic & Knuckles (World) (Beta 1)
md	03A52F63	Sonic & Knuckles (World) (Beta 2)
md	7A6C1317	Sonic & Knuckles (World) (Beta 3)
md	7092F368	Sonic & Knuckles (World) (Beta 4)
md	B0A253E8	Sonic & Knuckles (World) (Beta 5)
md	2615F5DC	Sonic & Knuckles (World) (Beta 6)
md	1EA5B9D1	Sonic & Knuckles (World) (Beta 7)
md	C7249CDF	Sonic & Knuckles (World) (Sonic Classic Collection)
md	92F0929E	Sonic & Knuckles + Sonic 3 (Europe) (Lock-On)
md	B6C67EAC	Sonic & Knuckles + Sonic The Hedgehog (Japan, Europe, Korea) (En) (Rev A) (Lock-On)
md	E01F6ED5	Sonic & Knuckles + Sonic The Hedgehog (USA, Europe) (Lock-On)
md	8878C1A8	Sonic & Knuckles + Sonic The Hedgehog 2 (World) (Beta)
md	2AC1E7C6	Sonic & Knuckles + Sonic The Hedgehog 2 (World) (Rev A) (Lock-On)
md	198DE33E	Sonic & Knuckles + Sonic The Hedgehog 2 + Sonic The Hedgehog 3 (World) (Virtual Console)
md	0C06AA82	Sonic & Knuckles + Sonic The Hedgehog 3 (Japan, Korea) (En) (Lock-On)
md	63522553	Sonic & Knuckles + Sonic The Hedgehog 3 (USA) (Lock-On)
md	6A632503	Sonic 3 (Europe)
md	44A2CA44	Sonic 3D Blast (USA, Europe, Korea) (En)
md	93B75E99	Sonic 3D Blast (USA, Europe, Korea) (En) (Beta 1)
md	D64E7675	Sonic 3D Blast (USA, Europe, Korea) (En) (Beta 2)
md	2C43F43A	Sonic 3D Blast (USA, Europe, Korea) (En) (Beta 3)
md	465BCFBD	Sonic 3D Blast (USA, Europe, Korea) (En) (Beta 4)
md	57640422	Sonic 3D Blast (USA, Europe, Korea) (En) (Beta 5)
md	5933E453	Sonic 3D Blast (USA, Europe, Korea) (En) (Beta 6)
md	2F2A4271	Sonic 3D Blast (USA, Europe, Korea) (En) (Beta 7)
md	527519CE	Sonic 3D Blast (USA, Europe, Korea) (En) (Mega Drive Mini 2, Genesis Mini 2)
md	9767E840	Sonic 3D Blast - Director's Cut (World)
md	8C70B84E	Sonic Compilation (Europe)
md	95B5E8D7	Sonic Compilation (USA, Europe, Korea) (En) (Rev A)
md	7FADA88D	Sonic Crackers (USA) (Proto)
md	62D8A0E7	Sonic Eraser (Japan) (Sega Game Toshokan)
md	04F0C93E	Sonic Jam 6 (Taiwan) (En) (Pirate)
md	AEA0786D	Sonic Spinball (Europe)
md	C203C557	Sonic Spinball (Europe) (Beta)
md	2C828E46	Sonic Spinball (Europe) (Mega Drive Mini, Genesis Mini)
md	ACD08CE8	Sonic Spinball (Japan)
md	677206CB	Sonic Spinball (USA)
md	B1524979	Sonic Spinball (USA) (Beta 1)
md	E9960371	Sonic Spinball (USA) (Beta 2)
md	82C55A36	Sonic Spinball (USA) (Sega Channel)
md	AFE05EEE	Sonic The Hedgehog (Japan, Europe, Korea) (En) (Rev A)
md	F9394E97	Sonic The Hedgehog (USA, Europe)
md	917C9CA9	Sonic The Hedgehog (USA, Europe) (Beta)
md	27E22795	Sonic The Hedgehog (USA, Europe) (Sonic Classic Collection)
md	6382B2C5	Sonic The Hedgehog (World) (Sonic Mega Collection)
md	24AB4C3A	Sonic The Hedgehog 2 (World)
md	39FAAA70	Sonic The Hedgehog 2 (World) (Beta 1)
md	5667ECED	Sonic The Hedgehog 2 (World) (Beta 10)
md	EEA21B5C	Sonic The Hedgehog 2 (World) (Beta 2)
md	370B3CE5	Sonic The Hedgehog 2 (World) (Beta 3)
md	0BE8AFA7	Sonic The Hedgehog 2 (World) (Beta 4)
md	8FDA5CC5	Sonic The Hedgehog 2 (World) (Beta 5)
md	066B9A89	Sonic The Hedgehog 2 (World) (Beta 6)
md	CB036E6C	Sonic The Hedgehog 2 (World) (Beta 7)
md	DC7BE12C	Sonic The Hedgehog 2 (World) (Beta 8)
md	6089FADD	Sonic The Hedgehog 2 (World) (Beta 9)
md	7B905383	Sonic The Hedgehog 2 (World) (Rev A)
md	582E0BF7	Sonic The Hedgehog 2 (World) (Rev A) (Sonic Classic Collection)
md	92D8817D	Sonic The Hedgehog 2 (World) (Rev A) (Sonic Mega Collection)
md	F23AD4B3	Sonic The Hedgehog 2 (World) (Rev B) (Sonic Compilation ~ Sonic Classics)
md	F4951D1F	Sonic The Hedgehog 3 (Japan, Korea) (En)
md	9BC192CE	Sonic The Hedgehog 3 (USA)
md	E4A16A49	Sonic The Hedgehog 3 (USA) (Beta)
md	EBC0AF69	Sonic The Hedgehog 3 (USA) (Sega Channel)
md	FC0429DD	Sonic The Hedgehog 3 (USA) (Sonic Classic Collection)
md	59D23DF5	Sonic The Hedgehog 3 Limited Edition (Japan) (En) (Proto 1)
md	766C4B81	Sonic The Hedgehog 3 Limited Edition (Japan) (En) (Proto 2)
md	F9881AAE	Sonic The Hedgehog 3 Movie Promo (World)
md	944135CA	Sorcer Kingdom (Japan)
md	3DBC3130	Sorcer Kingdom (Japan) (Beta)
md	BB1FC9CE	Sorcerer's Kingdom (USA)
md	CBE6C1EA	Sorcerer's Kingdom (USA) (Beta)
md	A143A8C5	Sorcerian (Japan)
md	B60137E0	Sorcerian (Japan) (Rev 1) (Virtual Console)
md	F26F88D1	Soul Blade (Taiwan) (En)
md	2D782B35	Sovereign of a Dying Hell (World) (Proto 1) (Touhou Fan Game Jam 15)
md	4CAC18FB	Sovereign of a Dying Hell (World) (Proto 2)
md	A2260F7D	Space Cavern Blaster (World) (Proto)
md	E9310D3B	Space Funky B.O.B. (Japan)
md	EDC0FB28	Space Harrier II (Japan) (En) (Launch Cart)
md	E5C9CBB0	Space Harrier II (World)
md	CC0E694F	Space Hero (USA) (Proto)
md	BB83B528	Space Invaders '91 (USA)
md	23402DEB	Space Invaders (World) (v1.6)
md	22ADBD66	Space Invaders 90 (Japan) (En)
md	D63E9F2D	Sparkster (Europe)
md	6BDB14ED	Sparkster (USA)
md	914EC662	Sparkster - Rocket Knight Adventures 2 (Japan) (En)
md	DBB6A00B	Speed Ball (World) (Proto)
md	056A6E03	Speedball 2 (Europe)
md	F5442334	Speedball 2 (Japan) (En)
md	9FC340A7	Speedball 2 - Brutal Deluxe (USA)
md	13C803B7	Speedball 2 - Brutal Deluxe (USA) (Beta)
md	13EE48D5	Speedball 2 - Brutal Deluxe (World) (Evercade)
md	11B5B590	Spider-Man (USA, Europe)
md	83E1FE76	Spider-Man (USA, Europe) (Beta 1)
md	B88A710D	Spider-Man (USA, Europe) (Beta 2)
md	8FA0B6E6	Spider-Man - Venom - Maximum Carnage (World)
md	F4726918	Spider-Man - Venom - Maximum Carnage (World) (Marvel MaXimum Collection)
md	E7014092	Spider-Man - X-Men - Arcade's Revenge (Europe) (Rev 1)
md	4A4414EA	Spider-Man - X-Men - Arcade's Revenge (USA, Europe)
md	B3A67ED5	Spider-Man - X-Men - Arcade's Revenge (World) (Marvel MaXimum Collection)
md	70AB775F	Spider-Man vs. The Kingpin (World)
md	3FEDB202	Spike Hell (World)
md	D9A364FF	Spiritual Warfare (USA)
md	6634B130	Spirou (Europe) (En,Fr,De,Es)
md	51BC6C35	Spirou (Europe) (En,Fr,De,Es) (Beta)
md	2559E03C	Splatterhouse 2 (Europe)
md	2D1766E9	Splatterhouse 2 (USA)
md	ED64CE8C	Splatterhouse 2 (USA) (Sega Channel)
md	8188C7F4	Splatterhouse 2 (World) (Evercade)
md	00F05D07	Splatterhouse 3 (USA)
md	42B8B1C2	Splatterhouse 3 (World) (Evercade)
md	9FB70301	Splatterhouse Part 2 (Japan)
md	31B83D22	Splatterhouse Part 3 (Japan, Korea) (En)
md	BC61AA50	Sport Games (Brazil) (En)
md	0DEB79C2	Sports Talk Baseball (USA)
md	FBE254EA	Spot Goes to Hollywood (Europe)
md	BDAD1CBC	Spot Goes to Hollywood (USA)
md	B8261FF5	Squirrel King (Taiwan) (En)
md	8E2BCEAF	Star Control (USA, Europe)
md	2B75B52F	Star Cruiser (Japan)
md	E4D0D259	Star Mobile (Japan) (Mega Drive Mini 2, Genesis Mini 2)
md	BC340AC0	Star Mobile (Japan) (Proto)
md	39466559	Star Mobile (USA, Europe) (Mega Drive Mini 2, Genesis Mini 2)
md	FBBD7EF4	Star Odyssey (USA) (Proto)
md	0B670A3E	Star Odyssey (USA) (Super Fighter Team)
md	D4B122F9	Star Trek - Deep Space Nine - Crossroads of Time (Europe)
md	A771E1A4	Star Trek - Deep Space Nine - Crossroads of Time (USA)
md	272153FB	Star Trek - The Next Generation - Echoes from the Past (USA)
md	3BA670F9	Star Trek - The Next Generation - Echoes from the Past (USA) (Beta 1)
md	316BBC43	Star Trek - The Next Generation - Echoes from the Past (USA) (Beta 2)
md	CAC86B68	Star Trek - The Next Generation - Echoes from the Past (USA) (Beta 3)
md	D138CA3E	Star Trek - The Next Generation - Echoes from the Past (USA) (Beta 4)
md	D8DAB97A	Star Trek - The Next Generation - Echoes from the Past (USA) (Beta 5)
md	63F29E6F	Star Trek - The Next Generation - Echoes from the Past (USA) (Beta 6)
md	EF840EF2	Star Trek - The Next Generation - Echoes from the Past (USA) (Rev A)
md	E1C32FEC	Star Wars (USA) (Proto)
md	D550C928	Starflight (USA, Europe)
md	1217DBEA	Starflight (USA, Europe) (Rev A)
md	E587069E	Stargate (USA, Europe)
md	8DC8AB23	Stargate (USA, Europe) (Beta)
md	51946EA9	Stargate (USA, Europe) (Sample) (NGen)
md	D0E7A0B6	Steel Empire (USA)
md	097F6440	Steel Empire (USA) (Sega Channel)
md	04F388E6	Steel Talons (Japan, Korea) (En,Ja)
md	10E4EC63	Steel Talons (USA, Europe)
md	163D3B4B	Steel Talons (USA, Europe) (Beta 1)
md	C4052F18	Steel Talons (USA, Europe) (Beta 2)
md	F62A25AD	Stoat XV (World)
md	7702F42E	Stone Protectors (Japan) (Columbus Circle)
md	FBF0D54F	Stone Protectors (USA) (Proto)
md	43709EA7	Stone Protectors (World) (Steam)
md	0B440FED	Stormlord (Japan) (En)
md	39AB50A5	Stormlord (USA)
md	1110B0DB	Story of Thor, The (Europe)
md	BFC11649	Story of Thor, The (Europe) (Beta 1)
md	9E486F91	Story of Thor, The (Europe) (Beta 2)
md	AA43D34A	Story of Thor, The (Europe) (Beta 3)
md	8CD9053F	Story of Thor, The (Europe) (Mega Drive Mini, Genesis Mini)
md	FA20D011	Story of Thor, The (Germany)
md	244D768B	Story of Thor, The (Germany) (Mega Drive Mini, Genesis Mini)
md	EE1603C5	Story of Thor, The (Korea)
md	4631F941	Story of Thor, The (Spain)
md	DBF84CA5	Story of Thor, The (Spain) (Mega Drive Mini, Genesis Mini)
md	4F39783C	Story of Thor, The - Hikari o Tsugumono (Japan)
md	7BB62DB2	Street Fighter II' - Champion Edition (Europe) (Beta)
md	7FFA8B23	Street Fighter II' - Champion Edition (USA) (Beta)
md	56D41136	Street Fighter II' - Special Champion Edition (Europe)
md	ED3F3E20	Street Fighter II' - Special Champion Edition (Europe) (Virtual Console)
md	13FE08A1	Street Fighter II' - Special Champion Edition (USA)
md	A81527B7	Street Fighter II' - Special Champion Edition (USA) (Virtual Console)
md	95A351F5	Street Fighter II' Plus - Champion Edition (Japan) (Virtual Console)
md	2E487EE3	Street Fighter II' Plus - Champion Edition (Japan, Korea) (Ja)
md	1A58D5FE	Street Racer (Europe)
md	A439A96E	Street Racer (Europe) (Sample)
md	B1DEDFAD	Street Smart (Japan, USA) (En)
md	D1DE6A2E	Street Smart (Japan, USA) (En) (Beta)
md	BFF227C6	Streets of Rage (World) (En,Ja)
md	4052E845	Streets of Rage (World) (En,Ja) (Rev A)
md	E01FA526	Streets of Rage 2 (USA)
md	90EF991E	Streets of Rage 3 (Asia) (En)
md	3B78135F	Streets of Rage 3 (Europe)
md	A17CE5AB	Streets of Rage 3 (Europe) (Beta 1)
md	164E42AE	Streets of Rage 3 (Europe) (Beta 2)
md	C64F1E6B	Streets of Rage 3 (Europe) (Beta 3)
md	6AE4BD8E	Streets of Rage 3 (Europe) (Beta 4)
md	7033878A	Streets of Rage 3 (Europe) (Beta 5)
md	D5BB15D9	Streets of Rage 3 (USA)
md	EA50B551	Streets of Rage 3 (USA) (Beta 1)
md	39AD962B	Streets of Rage 3 (USA) (Beta 2)
md	60142484	Streets of Rage 3 (USA) (Beta 3)
md	8757F797	Streets of Rage 3 (USA) (Rev A) (Beta 1)
md	797E75B7	Streets of Rage 3 (USA) (Rev A) (Beta 2)
md	6B968F13	Streets of Rage 3 (USA) (Rev A) (Beta 3)
md	D4BA76C2	Streets of Rage 3 (USA) (Rev A) (Beta 4)
md	FA5E5A82	Streets of Rage 3 (USA) (Rev A) (Beta 5)
md	3F52CB72	Streets of Rage 3 (USA) (Rev A) (Beta 6)
md	6B675807	Streets of Rage 3 (USA) (Rev A) (Beta 7)
md	42E3EFDC	Streets of Rage II (Japan, Europe) (En,Ja)
md	C48B3698	Streets of Rage II (Japan, Europe) (En,Ja) (Mega Drive Mini, Genesis Mini)
md	A28B2EC7	Strider (USA) (Sega Channel)
md	B9D099A4	Strider (USA, Europe)
md	5B96A532	Strider (USA, Europe) (Virtual Console)
md	F38C0ED3	Strider Hiryuu (Japan) (Rev A) (Mega Drive Mini, Genesis Mini)
md	62B2FD97	Strider Hiryuu (Japan) (Rev A) (Virtual Console)
md	859173F2	Strider Hiryuu (Japan, Korea) (Ja)
md	E85E5270	Strider II (Europe)
md	C10B270E	Striker (Europe) (Beta)
md	CC5D7AB2	Striker (Europe) (En,Fr,De,Es,It)
md	7638EA91	Sub-Terrania (Asia) (En)
md	B368E394	Sub-Terrania (Asia) (En) (Beta)
md	E8CED28D	Sub-Terrania (Europe)
md	DC3C6C45	Sub-Terrania (USA)
md	9C13D25C	Sub-Terrania (USA) (Beta 1)
md	3A1022D1	Sub-Terrania (USA) (Beta 2)
md	707FA63C	Sub-Terrania (USA) (Beta 3)
md	C6B3E946	Submarine Attack (World)
md	85B3A408	Submarine Canyon Bomber vs Marine Aliens (World)
md	6198A53F	Sudoku (World)
md	C18963BF	Sukiya (World) (Proto)
md	D7D53DC1	Summer Challenge (USA, Europe)
md	82E12E79	Summer Challenge (World) (Evercade)
md	B3501317	Sumo Slam (World) (Digital)
md	0FF33054	Sunset Riders (Europe)
md	AC30C297	Sunset Riders (USA)
md	FA451982	Super Airwolf (Japan) (En)
md	C17ACEE5	Super Baseball 2020 (USA, Europe)
md	99CA1BFB	Super Battleship - The Classic Naval Combat Game (USA)
md	4820A161	Super Bubble Bobble (Taiwan) (En)
md	A92DA414	Super Byoon (World)
md	D50A166F	Super Daisenryaku (Japan)
md	11645D6E	Super Daisenryaku (Japan) (Rev A)
md	8E7D9177	Super Donkey Kong 99 (Taiwan) (En)
md	927975BE	Super Fantasy Zone (Europe)
md	767780D7	Super Fantasy Zone (Japan) (En,Ja)
md	D97D913D	Super Fantasy Zone (USA) (En,Ja) (Mega Drive Mini, Genesis Mini)
md	AB2C52B0	Super H.Q. (Japan)
md	3877D107	Super Hang-On (Europe) (En,Ja) (Rev A)
md	CB2201A3	Super Hang-On (Japan, USA) (En,Ja)
md	B6EAE5C4	Super Hang-On (Japan, USA) (En,Ja) (Beta) (Sega Channel)
md	7E892199	Super Hang-On (USA) (En,Ja) (Sega Smash Pack 2)
md	81AE1859	Super Hard Bouncer (World)
md	B870C2F7	Super High Impact (USA)
md	1FE2D90B	Super Hydlide (Europe)
md	599BE386	Super Hydlide (Japan)
md	1335DDAA	Super Hydlide (USA)
md	52E717AC	Super Hydlide (USA) (Beta)
md	F43793FF	Super Kick Off (Europe)
md	413DFEE2	Super King Kong 99 (Taiwan) (En)
md	55BAEC6E	Super League (Europe)
md	EA13CB1D	Super League (Japan)
md	C2840B00	Super Locomotive (World) (Mega Drive Mini 2, Genesis Mini 2)
md	E24AC6B2	Super Magican - Ling Huan Daoshi (Taiwan)
md	F7E1B3E1	Super Mario 2 (Taiwan) (En) (Pirate)
md	9CFA2BD8	Super Mario Bros. (Taiwan) (En)
md	CF540BA6	Super Mario World (Taiwan) (En)
md	E7AC4161	Super Mario World 64 (Taiwan) (En)
md	8FE4004C	Super Maximum Overkill (World)
md	90F9BAB3	Super Monaco GP (Japan, USA) (En,Ja)
md	725018EE	Super Monaco GP (USA) (En,Ja) (Sega Classic)
md	B1823595	Super Monaco GP (World) (En,Ja)
md	BE91B28A	Super Monaco GP (World) (En,Ja) (Rev A)
md	8F2FDADA	Super Off Road (USA, Europe)
md	F04765BA	Super Real Basketball (Europe)
md	4346E11A	Super Real Basketball (Japan, Korea) (En)
md	1EE5BCE3	Super Shinobi II, The (Japan) (Beta 1)
md	C47E8AEA	Super Shinobi II, The (Japan) (En,Ja) (Beta 2)
md	5B412816	Super Shinobi II, The (Japan, Korea) (Ja)
md	370253D8	Super Shinobi, The (Japan) (En) (Beta) (Sega Channel)
md	FA1B8AEB	Super Shinobi, The (Japan) (En) (Beta) (Sega Smash Pack)
md	720CC7CB	Super Skidmarks (Europe) (Beta) (J-Cart)
md	4A9C62F9	Super Skidmarks (Europe) (J-Cart)
md	F22412B6	Super Smash T.V. (USA, Europe)
md	3E7BAF4E	Super Star Wars - Holiday Special (World)
md	55DB6351	Super Star Wars - Holiday Special (World) (v1.1)
md	682C192F	Super Street Fighter II (Europe)
md	BFDE41C8	Super Street Fighter II (Europe) (Virtual Console)
md	165DEFBF	Super Street Fighter II (USA)
md	0BDCCC83	Super Street Fighter II (USA) (Virtual Console)
md	D8EEB2BD	Super Street Fighter II - The New Challengers (Japan)
md	AD1DBED8	Super Street Fighter II - The New Challengers (Japan) (Mega Drive Mini 2, Genesis Mini 2)
md	EA6E8AFC	Super Street Fighter II - The New Challengers (Japan) (Virtual Console)
md	8CA23838	Super Street Fighter II - The New Challengers (USA) (Mega Drive Mini 2, Genesis Mini 2)
md	5E519EA1	Super Tank War (Taiwan) (En)
md	8BD77836	Super Thunder Blade (Japan) (En) (Launch Cart)
md	B13087EE	Super Thunder Blade (World)
md	9B5C28EA	Super Volley Ball (Japan)
md	47C6E2D3	Super Volley Ball (USA) (Pirate)
md	85102799	Super Volleyball (USA)
md	F706DE79	Super Volleyball (USA) (Sega Channel)
md	543A5869	Superman (USA)
md	5CD0E1D4	Superman (USA) (Beta)
md	7DB434BA	Superman - The Man of Steel (Europe)
md	A321399C	SupraKillminds! (World)
md	65AC1D2B	Surging Aura (Japan)
md	82013EF6	Swamp Thing (USA) (Proto)
md	2A3898EB	Sweetsdigger (World)
md	58EDB3F3	Sword of Sodan (Japan) (En)
md	9CB8468F	Sword of Sodan (USA, Europe)
md	712A5FA0	Sword of Sodan (World) (Evercade)
md	EA1BC9AB	Sword of Vermilion (USA, Europe)
md	F38C50BF	Sword of Vermilion (USA, Europe) (Sega Channel)
md	37DC0108	Syd of Valis (USA)
md	6384A63C	Syd of Valis (World) (Retro-Bit)
md	89FC54CE	Sylvester & Tweety in Cagey Capers (USA, Europe)
md	9D9C786B	Sylvester & Tweety in Cagey Capers (USA, Europe) (Beta 1)
md	5B3EA17B	Sylvester & Tweety in Cagey Capers (USA, Europe) (Beta 2)
md	95BBF87B	Syndicate (USA, Europe) (En,Fr,De)
md	2F75E896	T2 - Terminator 2 - Judgment Day (USA, Europe)
md	5E6FE52C	T2 - The Arcade Game (Japan) (En)
md	94255703	T2 - The Arcade Game (USA) (Beta)
md	A1264F17	T2 - The Arcade Game (USA, Europe)
md	CEF91BDB	TC 2000 (Argentina) (Pirate)
md	C83FFA1B	TNN Bass Tournament of Champions (USA) (Rev 1)
md	5C523C0B	TNN Outdoors Bass Tournament '96 (USA)
md	0811CD0E	Tai Ge Lizhi Chuan (China) (Simplified) (Pirate)
md	185F7902	Tai Ge Lizhi Chuan (China) (Traditional) (Pirate)
md	D37A37C6	Taikong Zhanshi - Mofa Zhanshi (Barver Battle Saga) (Taiwan)
md	F96FE15B	Taikou Risshiden (Japan)
md	B26E1BA9	Taipingyang Zhengba Zhan (China) (Pirate)
md	BAF20F81	Taiwan Daheng (Taiwan)
md	F5C0C8D0	TaleSpin (USA, Europe)
md	B3E0C7E6	TaleSpin (USA, Europe) (Beta)
md	05DC3FFC	Talmit's Adventure (Europe)
md	C6504722	Tanglewood (World) (Demo 1)
md	609FF9C6	Tanglewood (World) (Demo 10)
md	D23BB250	Tanglewood (World) (Demo 2)
md	5E0EFB0E	Tanglewood (World) (Demo 3)
md	DD537516	Tanglewood (World) (Demo 4)
md	61211912	Tanglewood (World) (Demo 5)
md	9CC94381	Tanglewood (World) (Demo 6)
md	0D55F53D	Tanglewood (World) (Demo 7)
md	FB1E355D	Tanglewood (World) (Demo 8)
md	544C67D3	Tanglewood (World) (Demo 9)
md	6F7BB5AE	Tank Attack (World)
md	5A5A1D16	Tank You (World) (Gamecodeur Game Jam 19)
md	A0B5FFE9	Tanks (Russia)
md	03739820	Tanks 2011 (Russia)
md	33E80D0D	Tanzer (World) (Digital)
md	CDDF62D3	Target Earth (USA)
md	EBAA609D	Target Earth (USA) (Beta)
md	1D822C3A	Target Earth (USA, Europe) (Switch Online)
md	E9A54EED	Task Force Harrier EX (Japan) (En)
md	C8BB0257	Task Force Harrier EX (USA)
md	62100099	Taz in Escape from Mars (Europe)
md	62009F8C	Taz in Escape from Mars (USA)
md	0E901F45	Taz-Mania (World)
md	1415B80F	Taz-Mania (World) (Beta 1)
md	76E10518	Taz-Mania (World) (Beta 2)
md	A0CAF97E	Team USA Basketball (USA, Europe)
md	4E65E483	TechnoClash (USA, Europe)
md	7459AD06	Technocop (USA)
md	F06ED8CA	Technocop (USA) (Beta 1)
md	059AC8FB	Technocop (USA) (Beta 2)
md	88FDD060	Tecmo Cup Football Game (Europe) (Proto)
md	227A1178	Tecmo Super Baseball (USA)
md	90C6E20C	Tecmo Super Bowl (Japan) (En)
md	BD5933EE	Tecmo Super Bowl (USA)
md	86EF3441	Tecmo Super Bowl (USA) (Beta)
md	32FB633D	Tecmo Super Bowl II - Special Edition (Japan) (En)
md	0A0E67D8	Tecmo Super Bowl II - Special Edition (USA)
md	AAE4089F	Tecmo Super Bowl III - Final Edition (USA)
md	5F86DDC9	Tecmo Super Hockey (USA)
md	79F33EB6	Tecmo Super NBA Basketball (Japan) (En)
md	53913991	Tecmo Super NBA Basketball (USA)
md	5E93C8B0	Tecmo World Cup '92 (Japan) (En)
md	CAF8EB2C	Tecmo World Cup (USA)
md	733D2EB3	Teddy Boy Blues (Japan) (Sega Game Toshokan)
md	966D5286	Teenage Mutant Hero Turtles - The Hyperstone Heist (Europe)
md	3CD2B7E6	Teenage Mutant Hero Turtles - Tournament Fighters (Europe)
md	1B003498	Teenage Mutant Ninja Turtles - Return of the Shredder (Japan)
md	87DA801A	Teenage Mutant Ninja Turtles - Return of the Shredder (Japan) (Cowabunga Collection, The)
md	679C41DE	Teenage Mutant Ninja Turtles - The Hyperstone Heist (USA)
md	0F347015	Teenage Mutant Ninja Turtles - The Hyperstone Heist (USA) (Cowabunga Collection, The)
md	7FB1356E	Teenage Mutant Ninja Turtles - The Legend Returns (Russia)
md	8843F2C9	Teenage Mutant Ninja Turtles - Tournament Fighters (Japan)
md	FFA5A829	Teenage Mutant Ninja Turtles - Tournament Fighters (Japan) (Cowabunga Collection, The)
md	95B5484D	Teenage Mutant Ninja Turtles - Tournament Fighters (USA)
md	61C5A73A	Teenage Mutant Ninja Turtles - Tournament Fighters (USA) (Cowabunga Collection, The)
md	9B08E4E4	Teitoku no Ketsudan (Japan)
md	7FCAE658	Tekken 3 Special (Taiwan) (En)
md	010F6369	Tekken Special (Taiwan) (En)
md	AAEB7636	Tekken Special (Taiwan) (En) (Alt)
md	44817E92	Tel-Tel Mahjong (Japan)
md	54CF8C29	Tel-Tel Stadium (Japan)
md	742DA49F	Telethugs (World)
md	E833BC6E	Tenchi o Kurau III - Sangoku Gaiden (Taiwan)
md	22923F1E	Tennis All Stars (World)
md	5389459E	Terminator 2 (China) (En) (Pirate)
md	15F4D302	Terminator, The (Europe)
md	31A629BE	Terminator, The (USA)
md	7350A152	Terminator, The (USA) (Beta)
md	79CD5F9F	Teshu Budui 357 (China) (Pirate)
md	F9BDF8C5	Test Drive II - The Duel (USA, Europe)
md	620F0449	TetreX (World)
md	C61AEC94	TetreX (World) (v1.1)
md	4CE90DB0	Tetris (Japan) (En) (Mega 6)
md	B6FB7A7D	Tetris (Japan) (Mega Drive Mini, Genesis Mini)
md	C8DD8841	Tetris (USA) (Mega Drive Mini, Genesis Mini)
md	372A80CE	Tetrogen Classic (World) (v1.13)
md	289DA2C5	Theme Park (USA, Europe) (En,Fr,De,Es)
md	1A406299	Thomas the Tank Engine & Friends (USA)
md	7BB29EA9	Three Stooges, The (World) (v1.02)
md	9B1561B3	Thunder Force II (USA, Europe)
md	E75EC3E0	Thunder Force II MD (Japan) (En)
md	1B3F399A	Thunder Force III (Japan, USA) (En)
md	2B5C2063	Thunder Force III (Japan, USA) (En) (Rev 1) (Beta)
md	E7E3C05B	Thunder Force IV (Europe)
md	8D606480	Thunder Force IV (Japan) (En)
md	24045D0B	Thunder Force IV (Japan) (En) (Beta)
md	311D9D4A	Thunder Force IV (Japan) (En) (Sega Ages)
md	ECA6CFFA	Thunder Fox (Japan)
md	5463F50F	Thunder Fox (USA)
md	81858C5B	Thunder Paw (World)
md	7FE98D01	Thunder Paw (World) (Demo 1)
md	F7DF60B4	Thunder Paw (World) (Demo 2)
md	3455D75C	Thunder Paw (World) (v1.1) (Digital)
md	24408C73	Thunder Pro Wrestling Retsuden (Japan)
md	ACE388B3	Thunderbolt II (World) (QUByte Classics)
md	BC7197A5	Thundercats (World) (v1.1)
md	0C09F5EC	Thundercats (World) (v2.25)
md	425132F0	Tick, The (USA)
md	0C2274E6	Tiger Bureaucrat (World)
md	BCA8BCEF	Tiger Bureaucrat (World) (v1.0.1)
md	BBE76B5F	Tiger Bureaucrat (World) (v1.0.2)
md	7EBA7A5C	Time Dominator 1st (Japan, Korea) (En)
md	A4F48A1A	Time Killers (Europe)
md	4B5F52AC	Time Killers (USA)
md	DFF045EB	Time Trax (USA) (Proto)
md	D6724B84	Tinhead (USA)
md	ADA75F2F	Tinhead (USA) (Rev 1)
md	83A9AE45	Tinhead (World) (QUByte Classics)
md	4243CAF3	Tintin in Tibet (Europe) (En,Fr,De,Es,Nl,Sv)
md	5D4E0EA1	Tintin in Tibet (Europe) (En,Fr,De,Es,Nl,Sv) (Beta)
md	4CA3A8FB	Tiny Toon Adventures (Korea) (En)
md	1227B2B2	Tiny Toon Adventures - ACME All-Stars (Europe) (En,Fr,De)
md	2F9FAA1D	Tiny Toon Adventures - ACME All-Stars (USA, Korea) (En)
md	D10FBA51	Tiny Toon Adventures - Buster's Hidden Treasure (Europe)
md	A26D3AE0	Tiny Toon Adventures - Buster's Hidden Treasure (USA)
md	F22F569D	Tiny Toon Adventures 3 (Taiwan) (En)
md	652E8B7D	Todd's Adventures in Slime World (USA)
md	7A588F4B	ToeJam & Earl (Japan, Europe) (En) (Rev A)
md	D1B36786	ToeJam & Earl (USA, Europe, Korea) (En)
md	E1B36850	ToeJam & Earl in Panic on Funkotron (Asia) (En)
md	47B0A871	ToeJam & Earl in Panic on Funkotron (Europe)
md	AA021BDD	ToeJam & Earl in Panic on Funkotron (USA)
md	C6A1A8DC	ToeJam & Earl in Panic on Funkotron (USA) (Beta)
md	D9DFBB5C	ToeJam & Earl in Panic on Funkotron (USA) (Sega Channel)
md	4081B9F2	ToeJam & Earl in Panik auf Funkotron (Germany)
md	E8DFA87E	Token Pop (World)
md	7362C3F4	Toki - Going Ape Spit (USA, Europe)
md	6C48C06F	Toki no Keishousha - Phantasy Star III (Japan)
md	0C543CAD	Tom Clown (Taiwan) (En)
md	39351146	Tom Mason's Dinosaurs for Hire (USA)
md	3A538D98	Tom Mason's Dinosaurs for Hire (USA) (Beta 1)
md	54C77D3E	Tom Mason's Dinosaurs for Hire (USA) (Beta 2)
md	16000453	Tom Mason's Dinosaurs for Hire (USA) (Beta 3)
md	8954DEE9	Tom Mason's Dinosaurs for Hire (USA) (Beta 4)
md	F800C814	Tom and Jerry (Japan) (En)
md	3044460C	Tom and Jerry - Frantic Antics! (USA)
md	B9992E1C	Tom and Jerry - Frantic Antics! (USA) (Beta)
md	11BA5C34	Tomahawk 777 (World)
md	AA3965DB	Tommy Lasorda Baseball (USA)
md	4FB50304	Tommy Lasorda Baseball (USA) (Rev A)
md	24629C78	Tony La Russa Baseball (USA, Australia)
md	52C18239	Toogle (World)
md	793B87C5	Toogle (World) (v1.1)
md	F75519DC	Top Fighter 2000 MK VIII (Taiwan) (En)
md	174DEFE6	Top Fighter 2005 - Gedou Wang (Taiwan)
md	BD3074D2	Top Gear 2 (USA)
md	62BAD606	Top Pro Golf (Japan) (En)
md	B8CE98B3	Top Pro Golf 2 (Japan) (En)
md	8360B66A	Total Football (Europe)
md	E19FBC93	Toughman Contest (USA, Europe)
md	FFE7B3C7	Tougi Ou - King Colossus (Japan)
md	437AEB56	Tourmaline (World)
md	465FC6B6	Towers of Hanoi (World)
md	11FD46CE	Toxic Crusaders (USA)
md	8E89A9F3	Toy Story (Europe)
md	829FE313	Toy Story (USA)
md	CBC9951B	Toys - Let the Toy Wars begin! (USA)
md	AABB349F	Trampoline Terror! (USA)
md	96184F4F	Traysia (USA)
md	DAA83CB5	Traysia (USA) (Beta)
md	A6353F13	Traysia (World) (Evercade)
md	5396796F	Triple Play - Gold Edition (USA)
md	9E5BE31B	Triple Play 96 (USA)
md	EEFA2F89	Tro-Now (World)
md	F484FA21	Tro-Now (World) (Beta) (bitbitJAM 2015)
md	BECFC39B	Trouble Shooter (USA)
md	4AB3033C	Trouble Shooter (USA) (Beta)
md	015F2713	Troy Aikman NFL Football (USA)
md	CDDBECFC	Truco '96 (Argentina)
md	80713DBA	True Galactic Mission (World) (En,Pt-BR)
md	18C09468	True Lies (World)
md	5BD0882D	Truxton (World)
md	32827EED	Truxton (World) (Arcade Audio) (Mega Drive Mini 2, Genesis Mini 2)
md	A6B7DE3C	Truxton (World) (Retro-Bit)
md	6B83C454	Tsunagi Kougei-kan (World) (Ja)
md	91A310BB	Tsunagi Kougei-kan (World) (Ja) (Beta)
md	EA57B668	Tunshi Tiandi III (Taiwan) (Simplified)
md	B23C4166	Tunshi Tiandi III (Taiwan) (Traditional)
md	6F98247D	Tunshi Tiandi III - Sanguo Waizhuan - Chinese Fighter (Taiwan)
md	0C661369	Turbo OutRun (Japan, Europe) (En)
md	2A7F2B36	Turbo OutRun (Japan, Europe) (En) (Beta)
md	F8288DE1	Turma da Monica na Terra dos Monstros (Brazil)
md	634D67A6	Turrican (USA, Europe)
md	2C708248	Twin Cobra - Desert Attack Helicopter (USA)
md	5840FFAA	Twin Cobra - Desert Attack Helicopter (USA) (Toaplan Arcade Garage)
md	A2EC8C67	Twin Hawk (Japan, Europe) (En)
md	DDE94356	Twin Hawk (Japan, Europe) (En) (Beta)
md	D757F924	Twinkle Tale (Japan)
md	6DD47554	Twisted Flipper (USA, Europe) (Beta 1)
md	D43D5145	Twisted Flipper (USA, Europe) (Beta 2)
md	B6D90A10	Two Crude Dudes (Europe)
md	721B5744	Two Crude Dudes (USA)
md	4BA361A7	Two Crude Dudes (USA) (Beta)
md	58CC023C	Two Crude Dudes (World) (Evercade)
md	974BCC30	Two Cyclops (World) (En,Pt)
md	091259EC	Two Ships (World) (v1.0.1)
md	EE988BD9	Two Tribes - Populous II (Europe)
md	A744921E	Tyrants - Fight Through Time (USA)
md	552B241B	UWOL - Quest for Money (World)
md	3C9A4C0A	UWOL - Quest for Money (World) (v1.1)
md	6FA88172	UWOL - Quest for Money (World) (v1.2)
md	C511E8D2	Uchuu Senkan Gomora (Japan) (En)
md	49E25733	Ultimate Marvel Quiz Quest (World)
md	E0C62DCE	Ultimate Marvel Quiz Quest (World) (v1.1)
md	68430293	Ultimate Marvel Quiz Quest (World) (v1.3)
md	ECFB5CB4	Ultimate Mortal Kombat 3 (Europe)
md	7290770D	Ultimate Mortal Kombat 3 (USA)
md	D83369D9	Ultimate QIX (USA)
md	83DB6E58	Ultimate Soccer (Europe) (En,Fr,De,Es,It)
md	9D451F72	Ultimate Soccer (Europe) (En,Fr,De,Es,It) (Beta)
md	29EE8AB9	Ultimate Tetris (World) (En,Pt)
md	77D3D240	Ultracore (Europe) (Strictly Limited Games)
md	AE7FDA5A	Ultracore (Japan) (En) (Columbus Circle)
md	4852C1C0	Ultracore (USA) (Strictly Limited Games)
md	B270C265	Ultracore (USA, Europe) (Switch, PS Vita)
md	83B4D5FB	Ultraman (Japan)
md	4EDAEC59	Uncharted Waters (USA)
md	FB3CA1E6	Undead Line (Japan)
md	DECB9EFC	Under the Shrine of Death (World)
md	0A3EDFF2	Under the Shrine of Death (World) (v1.1)
md	1CA63174	Undersea Treasure Hunting (World)
md	352EBD49	Universal Soldier (USA, Europe)
md	9920E7B7	Unnecessary Roughness '95 (USA)
md	25F7D7A2	Unstoppable Knight (World)
md	FBC74B06	Until Dawn (World) (Demo 1)
md	AD1965D3	Until Dawn (World) (Demo 2)
md	CF690A75	Urban Strike (USA, Europe)
md	A7255BA8	Uzu Keobukseon (Korea)
md	AD9D0EC0	V-V (Japan) (En)
md	2F35516E	VR Troopers (USA, Europe)
md	8E0AFEEC	VS Puyo Puyo Sun (USA, Europe) (Mega Drive Mini 2, Genesis Mini 2)
md	13BC5B72	Valis (USA)
md	74A133A8	Valis (USA) (Beta) (Sega Channel)
md	F4169404	Valis (World) (Evercade)
md	FC962CFC	Valis (World) (Retro-Bit)
md	4D49A166	Valis III (Japan)
md	59A2A368	Valis III (USA)
md	8A60468E	Valis III (World) (Evercade)
md	5FC96D96	Valis III (World) (Retro-Bit)
md	91B57D2B	Vampire Killer (Japan) (En)
md	238A9B8F	Vampire Killer (Japan) (En) (Castlevania Anniversary Collection)
md	DB03961B	Vampire Killer (Japan) (En) (Mega Drive Mini, Genesis Mini)
md	C49E3A0A	Vapor Trail (USA)
md	2634BDBD	Vapor Trail (USA) (Beta)
md	41A3B129	Variatum (World)
md	B0F8C546	Vectorman (USA) (Mega Drive Mini, Genesis Mini)
md	5C680397	Vectorman (USA) (Sega Channel)
md	D38B3354	Vectorman (USA, Europe)
md	2084D3DA	Vectorman (USA, Europe) (Beta 1)
md	A315C8AA	Vectorman (USA, Europe) (Beta 2)
md	0145738B	Vectorman (USA, Europe) (Beta 3)
md	C1A24088	Vectorman 2 (USA)
md	ADA2B0EF	Vectorman 2 (USA) (Beta 1)
md	998B087C	Vectorman 2 (USA) (Beta 2)
md	2986E5CE	Vectorman 2 (USA) (Beta 3)
md	49EFAB7E	Vectorman 2 (USA) (Beta 4)
md	EB8124C8	Vectorman 2 (USA) (Beta 5)
md	6333D89A	Vectorman 2 (USA) (Beta 6)
md	B9C79DC9	Vectorman 2 (USA) (Sample)
md	512ADE32	Venom - Spider-Man - Separation Anxiety (USA, Europe)
md	337CDA6D	Venom - Spider-Man - Separation Anxiety (World) (Marvel MaXimum Collection)
md	E400DFC3	Vermilion (Japan)
md	5AF97A22	Vermilion (Japan) (Mega Drive Mini)
md	BAFC375F	Verytex (Japan)
md	59C71866	Viewpoint (USA)
md	D13FB892	Viewpoint (USA) (Beta 1)
md	DECD238F	Viewpoint (USA) (Beta 2)
md	E7825B0E	Vintage Van Halen (World)
md	A95D0949	Virtua Fighter 2 (Korea) (En)
md	937380F3	Virtua Fighter 2 (USA, Europe)
md	C5EE3974	Virtua Fighter 2 (USA, Europe) (Beta 1)
md	6A0F3A7B	Virtua Fighter 2 (USA, Europe) (Beta 2)
md	FA5BAD91	Virtua Fighter 2 (USA, Europe) (Beta 3)
md	AF516DAD	Virtua Fighter 2 (USA, Europe) (Beta 4)
md	95AB6AB6	Virtua Fighter 2 (USA, Europe) (Beta 5)
md	2CDB499D	Virtua Fighter 2 VS Tekken 2 (Taiwan) (En)
md	DC0F4AA9	Virtua Fish (World)
md	58B01318	Virtua Fish (World) (v1.1)
md	9624D4EF	Virtua Racing (Europe)
md	79CADF6E	Virtua Racing (Europe) (Beta)
md	53A293B5	Virtua Racing (Japan) (En)
md	7E1A324A	Virtua Racing (USA)
md	8DB9F378	Virtual Bart (World)
md	D63473AA	Virtual Pinball (USA, Europe)
md	129FEC9A	Virus Singularity (World)
md	3AFA2D7B	Vixen 357 (Japan)
md	B0C5E3F7	Volfied (Japan) (En)
md	FBB1E120	WWF RAW (World)
md	B69DC53E	WWF Royal Rumble (World)
md	B929D6C5	WWF Super WrestleMania (USA, Europe)
md	A5D023F9	WWF WrestleMania - The Arcade Game (USA, Europe)
md	719D6155	WWF WrestleMania - The Arcade Game (USA, Europe) (Beta)
md	1B173F09	Wacky Races (USA) (Proto)
md	8AF4552D	Wacky Worlds Creativity Studio (USA)
md	48D33EA0	Wacky Worlds Creativity Studio (USA) (Beta 1)
md	4615970B	Wacky Worlds Creativity Studio (USA) (Beta 2)
md	7F286925	Wacky Worlds Creativity Studio (USA) (Beta 3)
md	91AFE24E	Wacky Worlds Creativity Studio (USA) (Sega Channel)
md	56F0DBB2	Wani Wani World (Japan) (En)
md	2C31DBD4	War Marbles Legacy (World)
md	B3223D53	War Marbles Legacy (World) (Beta 1)
md	7D92875F	War Marbles Legacy (World) (Beta 2)
md	1E369AE2	Wardner (USA)
md	80F1035C	Wardner no Mori Special (Japan)
md	0A46539B	Warlock (USA, Europe)
md	C9B6EDB3	Warlock (USA, Europe) (Beta)
md	143697ED	WarpSpeed (USA, Europe)
md	5BE10C6A	Warrior of Rome (USA)
md	CD8C472A	Warrior of Rome II (USA)
md	4B680285	Warsong (USA)
md	522642C6	Warsong (USA) (Beta)
md	7F93B916	Water Margin - A Tale of Clouds and Wind (USA) (Piko Interactive)
md	C9829C16	Water Margin - A Tale of Clouds and Wind (World) (QUByte Classics)
md	51C80498	Waterworld (Europe) (Proto)
md	ECEC5647	Waterworld (USA) (Sega Channel)
md	C2C13B81	Wayne Gretzky and the NHLPA All-Stars (USA, Europe)
md	B963D264	Wayne Gretzky and the NHLPA All-Stars (USA, Europe) (Beta)
md	D2CF6EBE	Wayne's World (USA)
md	B9895365	WeaponLord (USA)
md	99C6A5D1	Weave, The (World) (En) (Demo 1)
md	45650311	Weave, The (World) (En,Es) (Demo 2)
md	6299C7B9	Weave, The (World) (Es) (Demo 1)
md	1BDD02B8	Whac-a-Critter (USA)
md	C8D8EFC3	Wheel of Fortune (USA)
md	D523B552	Where in Time Is Carmen Sandiego (Brazil) (Es,Pt)
md	EA19D4A4	Where in Time Is Carmen Sandiego (USA, Europe) (En,Fr,De,Es,It)
md	7D4450AD	Where in the World Is Carmen Sandiego (Brazil) (Es,Pt)
md	EEF372E8	Where in the World Is Carmen Sandiego (USA, Europe) (En,Fr,De,Es,It)
md	7EB6B86B	Whip Rush (USA)
md	FF39FC9F	Whip Rush (USA) (Beta)
md	8084B4D1	Whip Rush - Wakusei Voltegas no Nazo (Japan)
md	8DB0937E	WildSnake (USA) (Proto 1)
md	0C1A49E5	WildSnake (USA) (Proto 2)
md	D68E9C00	Williams Arcade's Greatest Hits (USA)
md	B791A435	Wimbledon (Europe)
md	3E0C9DAF	Wimbledon Championship Tennis (Japan) (En)
md	F9142AEE	Wimbledon Championship Tennis (USA)
md	9FEBC760	Wimbledon Championship Tennis (USA) (Beta)
md	D985B51B	Windjammers (World) (Proto)
md	350AF37D	Windjammers - Bonus Level (World) (Proto)
md	210A2FCD	Wings of Wor (USA)
md	F57C7068	Winter Challenge (USA, Europe) (Rev 1)
md	DBC3ED1C	Winter Challenge (USA, Europe)
md	771ADAFE	Winter Challenge (World) (Evercade)
md	85189825	Winter Challenger (China) (En) (Pirate)
md	C5834437	Winter Olympic Games (USA) (En,Fr,De,Es,It,Pt,Sv,No)
md	FA537A45	Winter Olympics (Europe) (En,Fr,De,Es,It,Pt,Sv,No)
md	654A4684	Winter Olympics (Japan) (En,Fr,De,Es,It,Pt,Sv,No)
md	E77806A8	Wisdom Tree Collection (USA) (Piko Interactive)
md	1CC4BD0A	Witch n' Wiz (World) (Proto)
md	DF036B62	Wiz 'N' Liz (USA)
md	F09353B4	Wiz 'n' Liz - The Frantic Wabbit Wescue (Europe)
md	C99FAD92	Wizard of the Immortal (Japan)
md	EB5B1CBF	Wolfchild (USA)
md	D2437BB7	Wolverine - Adamantium Rage (USA, Europe)
md	C24BC5E4	Wonder Boy III - Monster Lair (Japan, Europe) (En)
md	45A50F96	Wonder Boy V - Monster World III (Japan, Korea) (Ja)
md	334035F8	Wonder Boy V - Monster World III (Japan, Korea) (Ja) (Beta)
md	0D901482	Wonder Boy in Monster World (USA, Europe)
md	6363EF45	World Championship Soccer (Japan, USA) (En)
md	BF84EDE6	World Championship Soccer (Japan, USA) (En) (Rev A)
md	BF272BCB	World Championship Soccer (Japan, USA) (En) (Rev B)
md	6065774D	World Championship Soccer II (Europe)
md	C1DD1C8E	World Championship Soccer II (USA)
md	C1E21C1A	World Championship Soccer II (USA) (Beta 1)
md	43EC107C	World Championship Soccer II (USA) (Beta 10)
md	F6735B61	World Championship Soccer II (USA) (Beta 11)
md	3852E514	World Championship Soccer II (USA) (Beta 12)
md	A6D43B4A	World Championship Soccer II (USA) (Beta 13)
md	6B3624FB	World Championship Soccer II (USA) (Beta 14)
md	1AD7ED9C	World Championship Soccer II (USA) (Beta 15)
md	4E141509	World Championship Soccer II (USA) (Beta 16)
md	5F9C51F7	World Championship Soccer II (USA) (Beta 17)
md	A6759340	World Championship Soccer II (USA) (Beta 18)
md	8DD49C92	World Championship Soccer II (USA) (Beta 19)
md	6FBFA14E	World Championship Soccer II (USA) (Beta 2)
md	AAB9E240	World Championship Soccer II (USA) (Beta 3)
md	E210A74C	World Championship Soccer II (USA) (Beta 4)
md	07B387A4	World Championship Soccer II (USA) (Beta 5)
md	5A458D42	World Championship Soccer II (USA) (Beta 6)
md	8FE9F6EF	World Championship Soccer II (USA) (Beta 7)
md	71FA89CC	World Championship Soccer II (USA) (Beta 8)
md	94625572	World Championship Soccer II (USA) (Beta 9)
md	DACA01C3	World Class Leader Board (Europe)
md	53434BAB	World Class Leaderboard Golf (USA)
md	DD95F829	World Cup Italia '90 (Europe)
md	B01C3D70	World Cup Soccer (Japan) (En)
md	0171B47F	World Cup USA 94 (USA, Europe, Korea) (En,Fr,De,Es,It,Nl,Pt,Sv)
md	56E3CEFF	World Heroes (Asia) (En)
md	3F93181A	World Heroes (Asia) (En) (Beta 1)
md	2BEA7215	World Heroes (Asia) (En) (Beta 2)
md	6DEC07B3	World Heroes (Asia) (En) (Beta 3)
md	F5FFB191	World Heroes (Asia) (En) (Beta 5)
md	0F4D22EC	World Heroes (USA)
md	F5DB477E	World Heroes (USA) (Beta 1)
md	8A656942	World Heroes (USA) (Beta 10)
md	50C797CB	World Heroes (USA) (Beta 11)
md	92E1BF14	World Heroes (USA) (Beta 12)
md	D210AA6E	World Heroes (USA) (Beta 13)
md	24A63AEF	World Heroes (USA) (Beta 2)
md	45C29350	World Heroes (USA) (Beta 3)
md	2C7F9E64	World Heroes (USA) (Beta 4)
md	2C0B2F4F	World Heroes (USA) (Beta 5)
md	19C74E2A	World Heroes (USA) (Beta 6)
md	2BC2A6BB	World Heroes (USA) (Beta 7)
md	5C3C0931	World Heroes (USA) (Beta 8)
md	587E6739	World Heroes (USA) (Beta 9)
md	25130077	World Series Baseball '95 (USA)
md	8846B050	World Series Baseball '95 (USA) (Beta 1)
md	F0E22B21	World Series Baseball '95 (USA) (Beta 10)
md	5CE70F8F	World Series Baseball '95 (USA) (Beta 11)
md	16C15E46	World Series Baseball '95 (USA) (Beta 12)
md	B45D9E33	World Series Baseball '95 (USA) (Beta 13)
md	6AA76A9D	World Series Baseball '95 (USA) (Beta 14)
md	A947FE5C	World Series Baseball '95 (USA) (Beta 15)
md	1F3754FC	World Series Baseball '95 (USA) (Beta 16)
md	E4056559	World Series Baseball '95 (USA) (Beta 17)
md	83BE98CF	World Series Baseball '95 (USA) (Beta 18)
md	33BB9EDA	World Series Baseball '95 (USA) (Beta 19)
md	385BE354	World Series Baseball '95 (USA) (Beta 2)
md	A0664FE9	World Series Baseball '95 (USA) (Beta 20)
md	45DA8F18	World Series Baseball '95 (USA) (Beta 21)
md	9F30AE30	World Series Baseball '95 (USA) (Beta 22)
md	F300A857	World Series Baseball '95 (USA) (Beta 23)
md	9E6DBC7C	World Series Baseball '95 (USA) (Beta 3)
md	C7574372	World Series Baseball '95 (USA) (Beta 4)
md	498363F7	World Series Baseball '95 (USA) (Beta 5)
md	1820ABFB	World Series Baseball '95 (USA) (Beta 6)
md	3DE7CDBC	World Series Baseball '95 (USA) (Beta 7)
md	AC2772B0	World Series Baseball '95 (USA) (Beta 8)
md	F70B07CF	World Series Baseball '95 (USA) (Beta 9)
md	04EE8272	World Series Baseball '96 (USA)
md	57C1D5EC	World Series Baseball (USA)
md	3D71F445	World Series Baseball (USA) (Beta 1)
md	0DC0558D	World Series Baseball (USA) (Beta 2)
md	472E6A58	World Series Baseball (USA) (Beta 3)
md	ED949936	World Series Baseball (USA) (Beta 4)
md	4B53F035	World Series Baseball (USA) (Beta 5)
md	B07DE2D3	World Series Baseball (USA) (Beta 6)
md	5322133E	World Series Baseball (USA) (Beta 7)
md	3CADFC50	World Series Baseball (USA) (Beta 8)
md	EDDA44A5	World Series Baseball (USA) (Beta 9)
md	E473728A	World Series Baseball (USA) (Rev A) (Beta)
md	2228160F	World Series Baseball (USA) (Sega Channel)
md	05B1AB53	World Series Baseball 98 (USA)
md	6E3EDC7C	World Trophy Soccer (USA)
md	6121E009	World Trophy Soccer (World) (Evercade)
md	D61FF197	World of Illusion (China) (En) (Pirate)
md	121C6A49	World of Illusion Starring Mickey Mouse and Donald Duck (Europe)
md	921EBD1C	World of Illusion Starring Mickey Mouse and Donald Duck (USA, Korea) (En)
md	577F680F	World of Illusion starring Mickey Mouse & Donald Duck (USA, Korea) (En) (Beta 1)
md	F807176C	World of Illusion starring Mickey Mouse & Donald Duck (USA, Korea) (En) (Beta 2)
md	7AC9E951	World of Tanks (Russia)
md	B9A8B299	Worms (Europe)
md	5F9E85DF	Worms (Europe) (Beta)
md	5AB19A20	Worms (USA) (Limited Run Games)
md	1D191694	Worms (USA) (Proto)
md	83036222	Worms (World) (Evercade)
md	2652AD21	Wrath of the Demon (USA) (Proto)
md	2D162A85	Wrestle War (Japan, Europe) (En)
md	1CDEE87B	Wrestle War (Japan, Europe) (En) (Beta)
md	D563E07F	Wrestleball (Japan) (En)
md	880A916E	Wukong Waizhuan (Taiwan)
md	0BD70E54	Wukong Waizhuan (Taiwan) (Alt)
md	BC5DE3AC	Wushu Shen Jie (China) (Pirate)
md	0B78CA97	X-Men (Europe)
md	F71B21B4	X-Men (USA)
md	51652FF7	X-Men 2 - Clone Wars (USA) (Sega Channel)
md	710BC628	X-Men 2 - Clone Wars (USA, Europe)
md	A720EBB4	X-Men 2 - Clone Wars (USA, Europe) (Beta 1)
md	5B1D0CF5	X-Men 2 - Clone Wars (USA, Europe) (Beta 10)
md	246A30DA	X-Men 2 - Clone Wars (USA, Europe) (Beta 11)
md	C6D90B1C	X-Men 2 - Clone Wars (USA, Europe) (Beta 12)
md	28307B58	X-Men 2 - Clone Wars (USA, Europe) (Beta 13)
md	73E2EFFE	X-Men 2 - Clone Wars (USA, Europe) (Beta 14)
md	51876259	X-Men 2 - Clone Wars (USA, Europe) (Beta 15)
md	11415B86	X-Men 2 - Clone Wars (USA, Europe) (Beta 16)
md	CD662DE6	X-Men 2 - Clone Wars (USA, Europe) (Beta 17)
md	A5188E30	X-Men 2 - Clone Wars (USA, Europe) (Beta 18)
md	E8C40972	X-Men 2 - Clone Wars (USA, Europe) (Beta 19)
md	9B5DD185	X-Men 2 - Clone Wars (USA, Europe) (Beta 2)
md	52CFF37D	X-Men 2 - Clone Wars (USA, Europe) (Beta 3)
md	D90CD0DE	X-Men 2 - Clone Wars (USA, Europe) (Beta 4)
md	4386A381	X-Men 2 - Clone Wars (USA, Europe) (Beta 5)
md	70383A4D	X-Men 2 - Clone Wars (USA, Europe) (Beta 6)
md	331DAE0A	X-Men 2 - Clone Wars (USA, Europe) (Beta 7)
md	7AD7A4E9	X-Men 2 - Clone Wars (USA, Europe) (Beta 8)
md	669B939C	X-Men 2 - Clone Wars (USA, Europe) (Beta 9)
md	57E8ABFD	X-Perts (USA)
md	9D067249	X-Perts (USA) (Beta)
md	AB22D002	XDR - X-Dazedly-Ray (Japan) (En)
md	170CE847	Xeno Crisis (World) (En,Ja,Fr,De,Es,It,Nl,Pt) (Evercade)
md	59ABE7F9	Xenon 2 - Megablast (Europe)
md	D8298EB9	Xenon 2 - Megablast (World) (Evercade)
md	8E49A92E	Xiao Monu - Magic Girl (Taiwan)
md	A6DCE438	Xin Chuangshiji (China) (Pirate)
md	362D4EF2	Xin Guangming Yu Heian III - Gudai Fengyin (China) (Pirate)
md	703704A0	Xin Qigai Wangzi (Taiwan) (Beta)
md	DD2F38B5	Xin Qigai Wangzi (Taiwan)
md	DA5A4BFE	Xin Qigai Wangzi (Taiwan) (Alt)
md	A94976ED	Xin Shi Zhong Jian (China) (Pirate)
md	0A0993CF	Xin Zhang Yewang - Bawang Chuan (China) (Pirate)
md	F61D26E1	Xump 2 (World) (Beta)
md	1471B765	Xybots II (Japan) (Auto Demo)
md	6A4B13BE	YM2017 (World) (Digital)
md	B9AB4889	YM2020 (World)
md	9AED7B26	Yazzie (World) (Evercade)
md	93D5AD8A	Yazzie (World) (Itch.io)
md	8EE571FD	Yazzie (World) (Itch.io) (dmaSafe)
md	A104E033	Yazzie (World) (v1.1) (Evercade)
md	F4EC4CC3	Yie Ar Kung-Fu (World)
md	6604A79E	Yimen Yinglie - Yangjia Jiang (Taiwan)
md	204F97D8	Yogi Bear - Cartoon Capers (Europe)
md	32AD0230	Yogi Bear - Cartoon Capers (USA) (Proto)
md	AB0F8C23	You Shall Not Steal (World) (v3.6)
md	44F6BE35	Young Indiana Jones Chronicles, The (USA) (Beta)
md	52DA4E76	Ys - Wanderers from Ys (Japan)
md	EA27976E	Ys III (USA)
md	69994C44	Ys III (USA) (Beta)
md	71CEAC6F	Yu Yu Hakusho - Makyou Toitsusen (Japan)
md	742EA744	Yu Yu Hakusho - Makyou Toitsusen (Japan) (Beta) (Sega Channel)
md	7DC98176	Yu Yu Hakusho Gaiden (Japan)
md	FE3FB8EE	YuYu Hakusho - Sunset Fighters (Brazil)
md	CD657892	ZPF (World)
md	99194702	Zabu (World) (Demo 1)
md	C38DF61F	Zabu (World) (Demo 2)
md	637FE8F3	Zan - Yasha Enbukyoku (Japan)
md	ED5D12EA	Zany Golf (USA)
md	74ED7607	Zany Golf (USA, Europe)
md	6FB49FF8	Zero Tolerance (Germany) (En)
md	23F603F5	Zero Tolerance (USA, Europe) (Rev A)
md	852DD0B5	Zero Tolerance (World) (Evercade, GOG)
md	DE1F0797	Zero Tolerance (World) (Switch)
md	E2288416	Zero Tolerance Underground (World) (Proto) (Switch)
md	89B744A3	Zero Wing (Europe)
md	7E203D2B	Zero Wing (Japan)
md	D525BABB	Zero Wing (World) (Retro-Bit)
md	45FF0B4B	Zero the Kamikaze Squirrel (Europe)
md	423968DF	Zero the Kamikaze Squirrel (USA)
md	C6B7F8B3	Zero the Kamikaze Squirrel (USA) (Limited Run Games)
md	9D3DDE48	Zhanqi - Chinese Battle Chess (Taiwan)
md	2942F180	Zhen Shihun - Samurai Spirits II (Taiwan)
md	DDE8C55D	Zhen Shihun - Samurai Spirits II (Taiwan) (Alt)
md	475215A0	Zhongguo Xiangqi (Taiwan)
md	76C62A8B	Zhua Gui Dashi - Ghost Hunter (Taiwan)
md	F36BF51F	Zombi Terror (World)
md	7BEA6194	Zombie High (USA) (Proto)
md	179A1AA2	Zombies (Europe)
md	2BF3626F	Zombies Ate My Neighbors (USA)
md	583DB890	Zombies Ate My Neighbors (USA) (Limited Run Games)
md	0F34950E	Zool (World) (Evercade)
md	1EE58B03	Zool - Ninja of the 'Nth' Dimension (Europe)
md	CB2939F1	Zool - Ninja of the 'Nth' Dimension (USA)
md	7D6736AC	Zool Redimensioned (World) (Steam)
md	724D6965	Zoom! (World)
md	8243DCE5	Zooming Secretary - Going Panic (World)
md	0764139F	Zoop (Europe)
md	FAA490DC	Zoop (USA)
md	2E28C13F	Zoop (USA) (Beta)
md	1A761E67	Zou! Zou! Zou! Rescue Daisakusen (Japan) (En)
md	4CB9078F	mikeyeldey95 (World)
md	5E0A637E	mikeyeldey95 (World) (v1.1)
md	BAC87612	seaQuest DSV (Europe)
md	25B05480	seaQuest DSV (USA)
scd	-	Sega - Mega-CD - Sega CD
scd	-	3 Ninjas Kick Back (USA)
scd	-	A-Rank Thunder - Tanjou-hen (Japan)
scd	-	A-X-101 (USA)
scd	-	AH3 - Thunderstrike (USA)
scd	-	AX-101 (Japan)
scd	-	Adventures of Batman and Robin, The (Europe)
scd	-	Adventures of Batman and Robin, The (USA)
scd	-	Adventures of Willy Beamish, The (USA) (Alt)
scd	-	After Armageddon Gaiden - Majuu Toushouden Eclipse (Japan)
scd	-	After Burner III (Europe)
scd	-	After Burner III (Japan)
scd	-	After Burner III (USA)
scd	-	Aisle Lord (Japan)
scd	-	Alshark (Japan)
scd	-	Amazing Spider-Man vs. The Kingpin, The (Europe)
scd	-	Amazing Spider-Man vs. The Kingpin, The (USA)
scd	-	Amazing Spider-Man vs. The Kingpin, The (USA) (Rev 1)
scd	-	Android Assault - The Revenge of Bari-Arm (USA)
scd	-	Annett Futatabi (Japan)
scd	-	Aoki Ookami to Shiroki Mejika - Genchou Hishi (Japan)
scd	-	Arcus I, II, III (Japan)
scd	-	Arslan Senki (Japan)
scd	-	BC Racers (Europe) (En,Fr,De)
scd	-	BC Racers (USA)
scd	-	Bakuden - The Unbalanced Zone (Japan)
scd	-	Bari-Arm (Japan)
scd	-	Batman Returns (Europe) (Alt)
scd	-	Batman Returns (USA) (Alt)
scd	-	Battle Fantasy (Japan) (Rev A)
scd	-	Battle Frenzy (USA)
scd	-	BattleTech - Gray Death Legion (USA)
scd	-	Battlecorps (Europe) (En,Fr,De,Es)
scd	-	Battlecorps (Japan)
scd	-	Battlecorps (USA)
scd	-	Beast II (Europe)
scd	-	Bill Walsh College Football (Europe)
scd	-	Bill Walsh College Football (USA)
scd	-	Black Hole Assault (Japan)
scd	-	Blackhole Assault (Europe)
scd	-	Blackhole Assault (USA)
scd	-	Blackhole Assault (USA) (Alt)
scd	-	Bloodshot (Europe) (En,Fr,De,Es)
scd	-	Bouncers (USA)
scd	-	Bram Stoker's Dracula (USA) (Alt 1)
scd	-	Bram Stoker's Dracula (USA) (Version 2.0)
scd	-	Brutal - Paws of Fury (Europe) (En,Fr,De)
scd	-	Brutal - Paws of Fury (USA)
scd	-	Bug Blasters - The Exterminators (USA) (Rerelease)
scd	-	Burai - Yatsudama no Yuushi Densetsu (Japan)
scd	-	Burning Fists - Force Striker (USA)
scd	-	CD Sonic the Hedgehog (Japan) (Beta)
scd	-	Cadillacs and Dinosaurs - The Second Cataclysm (USA, Brazil)
scd	-	Captain Tsubasa (Japan)
scd	-	Championship Soccer '94 (USA) (En,Fr,De,It)
scd	-	Chuck Rock (Europe)
scd	-	Chuck Rock (USA)
scd	-	Chuck Rock II - Son of Chuck (Europe)
scd	-	Chuck Rock II - Son of Chuck (USA)
scd	-	Citizen X (USA)
scd	-	Cliffhanger (USA)
scd	-	Cobra Command (Europe)
scd	-	Cobra Command (USA)
scd	-	Colors of Modern Rock, The (USA)
scd	-	Compton's Interactive Encyclopedia (USA) (Version 2.00S)
scd	-	Compton's Interactive Encyclopedia (USA) (Version 2.01R)
scd	-	Compton's Interactive Encyclopedia (USA) (Version 2.01S)
scd	-	Compton's Interactive Encyclopedia (USA) (Version 2.10) (Rev 2)
scd	-	Corpse Killer (Europe)
scd	-	Corpse Killer (Europe) (Mega-CD 32X)
scd	-	Corpse Killer (USA)
scd	-	Corpse Killer (USA) (Sega CD 32X)
scd	-	Cosmic Fantasy Stories (Japan)
scd	-	Crime Patrol (USA)
scd	-	Cyborg 009 (Japan)
scd	-	Daihoushinden (Japan)
scd	-	Dark Wizard (USA)
scd	-	Dark Wizard - Yomigaerishi Yami no Madoushi (Japan)
scd	-	Death Bringer (Japan)
scd	-	Demolition Man (USA)
scd	-	Dennin Aleste - Nobunaga and His Ninja Force (Japan)
scd	-	Detonator Orgun (Japan)
scd	-	Devastator (Japan)
scd	-	Double Switch (Europe)
scd	-	Double Switch (Japan)
scd	-	Double Switch (USA)
scd	-	Dracula Unleashed (Europe) (Disc 1)
scd	-	Dracula Unleashed (Europe) (Disc 2)
scd	-	Dracula Unleashed (USA) (Disc 1)
scd	-	Dracula Unleashed (USA) (Disc 2)
scd	-	Dragon's Lair (Europe) (En,Fr,De,It)
scd	-	Dragon's Lair (Japan) (En,Ja,Fr,De,It)
scd	-	Dragon's Lair (USA)
scd	-	Dune (Europe) (En,Fr,De,Es,It)
scd	-	Dune (USA) (En,Fr,De,Es,It)
scd	-	Dungeon Explorer (Europe)
scd	-	Dungeon Explorer (USA)
scd	-	Dungeon Master II - Skullkeep (Europe)
scd	-	Dungeon Master II - Skullkeep (Japan)
scd	-	Dungeon Master II - Skullkeep (USA) (Rev 3)
scd	-	Dynamic Country Club (Japan)
scd	-	ESPN Baseball Tonight (Europe)
scd	-	ESPN Baseball Tonight (USA)
scd	-	ESPN NBA Hangtime '95 (USA)
scd	-	ESPN National Hockey Night (USA)
scd	-	ESPN Sunday Night NFL (USA)
scd	-	Earnest Evans (Japan)
scd	-	Earthworm Jim - Special Edition (Europe)
scd	-	Earthworm Jim - Special Edition (USA)
scd	-	Ecco - The Tides of Time (Europe) (En,Fr,De,Es)
scd	-	Ecco - The Tides of Time (USA)
scd	-	Ecco - The Tides of Time (USA) (Alt)
scd	-	Ecco the Dolphin (Australia)
scd	-	Ecco the Dolphin (Europe) (Rerelease)
scd	-	Ecco the Dolphin (USA)
scd	-	Ecco the Dolphin CD (Japan) (Disc 1) (Ecco the Dolphin)
scd	-	Ecco the Dolphin CD (Japan) (Disc 2) (Ecco the Dolphin II)
scd	-	Egawa Suguru no Super League CD (Japan)
scd	-	Eternal Champions - Challenge from the Dark Side (Europe) (Beta)
scd	-	Eternal Champions - Challenge from the Dark Side (USA) (Beta)
scd	-	Eternal Champions - Challenge from the Dark Side (USA)
scd	-	Eye of the Beholder (Europe)
scd	-	Eye of the Beholder (Japan)
scd	-	Eye of the Beholder (USA)
scd	-	F1 Circus CD (Japan)
scd	-	FIFA International Soccer (USA) (En,Fr,De,Es)
scd	-	FIFA International Soccer - Championship Edition (Europe) (En,Fr,De,Es)
scd	-	Fahrenheit (Europe)
scd	-	Fahrenheit (France)
scd	-	Fahrenheit (Japan)
scd	-	Fahrenheit (USA) (Disc 1) (Key Disc) (Sega CD)
scd	-	Fahrenheit (USA) (Disc 2) (32X CD)
scd	-	Fatal Fury Special (Europe)
scd	-	Fatal Fury Special (USA)
scd	-	Final Fight CD (Europe)
scd	-	Final Fight CD (Japan)
scd	-	Final Fight CD (Japan) (Rev A)
scd	-	Final Fight CD (USA)
scd	-	Final Fight CD (USA) (Alt 1)
scd	-	Flashback - The Quest for Identity (USA)
scd	-	Flink (Europe) (En,Fr,De,Es,Nl)
scd	-	Flink (USA) (En,Fr,De,Es,Nl)
scd	-	Formula One World Championship - Beyond the Limit (Europe)
scd	-	Formula One World Championship - Beyond the Limit (USA)
scd	-	Fresh Cleaner (Japan)
scd	-	Game no Kandume Vol. 1 (Japan)
scd	-	Game no Kandume Vol. 2 (Japan)
scd	-	Garou Densetsu Special (Japan)
scd	-	Gen'ei Toshi - Illusion City (Japan)
scd	-	Ground Zero Texas (Europe) (Disc 1)
scd	-	Ground Zero Texas (Europe) (Disc 2)
scd	-	Ground Zero Texas (USA) (Disc 1)
scd	-	Ground Zero Texas (USA) (Disc 2)
scd	-	Gyuwambler Jiko Chuushinha 2 - Gekitou! Tokyo Mahjongland-hen (Japan)
scd	-	Heart of the Alien - Out of This World Parts I and II (USA)
scd	-	Heavenly Symphony - Formula One World Championship 1993 (Japan)
scd	-	Heavy Nova (Japan)
scd	-	Heavy Nova (Japan) (Beta)
scd	-	Heimdall (Japan)
scd	-	Heimdall (USA)
scd	-	Hook (Europe)
scd	-	Hook (USA)
scd	-	Hook (USA) (Alt)
scd	-	IIIrd World War, The (Japan)
scd	-	Iron Helix (USA)
scd	-	Ishii Hisaichi no Daiseikai (Japan)
scd	-	Jaguar XJ220 (Europe) (En,Ja)
scd	-	Jaguar XJ220 (Japan) (En,Ja)
scd	-	Jaguar XJ220 (USA)
scd	-	Jangou World Cup (Japan)
scd	-	Jeopardy! (USA)
scd	-	Joe Montana's NFL Football (USA)
scd	-	Jurassic Park (Europe)
scd	-	Jurassic Park (France)
scd	-	Jurassic Park (Germany)
scd	-	Jurassic Park (Japan)
scd	-	Jurassic Park (Spain)
scd	-	Jurassic Park (USA)
scd	-	Kamen Rider ZO (Japan)
scd	-	Keio Flying Squadron (Europe)
scd	-	Keio Flying Squadron (USA)
scd	-	Keiou Yuugekitai (Japan)
scd	-	Kids on Site (Europe) (RE-1)
scd	-	Kids on Site (USA)
scd	-	Lawnmower Man, The (USA)
scd	-	Lethal Enforcers (Europe)
scd	-	Lethal Enforcers (Japan)
scd	-	Lethal Enforcers (USA) (Alt)
scd	-	Lethal Enforcers II - Gun Fighters (Europe)
scd	-	Lethal Enforcers II - Gun Fighters (Europe) (Beta)
scd	-	Lethal Enforcers II - Gun Fighters (USA)
scd	-	Lethal Enforcers II - The Western (Japan)
scd	-	Links - The Challenge of Golf (USA)
scd	-	Loadstar - The Legend of Tully Bodine (USA) (Beta)
scd	-	Loadstar - The Legend of Tully Bodine (USA, Brazil)
scd	-	Lords of Thunder (Europe)
scd	-	Lords of Thunder (USA)
scd	-	Lunar - Eternal Blue (Japan)
scd	-	Lunar - Eternal Blue (Japan) (Rev A)
scd	-	Lunar - Eternal Blue (USA)
scd	-	Lunar - The Silver Star (Japan)
scd	-	Lunar - The Silver Star (USA)
scd	-	Mad Dog II - The Lost Gold (USA)
scd	-	Mad Dog McCree (USA)
scd	-	Mahou no Shoujo - Silky Lip (Japan)
scd	-	Make My Video - INXS (Europe)
scd	-	Make My Video - INXS (USA)
scd	-	Make My Video - INXS (USA) (Beta)
scd	-	Make My Video - Kris Kross (Europe)
scd	-	Make My Video - Kris Kross (USA)
scd	-	Make My Video - Marky Mark and the Funky Bunch (USA)
scd	-	Make My Video - Marky Mark and the Funky Bunch (USA) (Beta)
scd	-	Mansion of Hidden Souls (USA)
scd	-	Marko (USA)
scd	-	Marko's Magic Football (Europe) (En,Fr,De,Es)
scd	-	Mary Shelley's Frankenstein (USA)
scd	-	Masked Rider, The - Kamen Rider ZO (USA)
scd	-	Mega Schwarzschild (Japan)
scd	-	MegaRace (USA)
scd	-	Mickey Mania (Europe)
scd	-	Mickey Mania - The Timeless Adventures of Mickey Mouse (USA)
scd	-	Microcosm (Europe)
scd	-	Microcosm (Japan)
scd	-	Microcosm (USA)
scd	-	Midnight Raiders (Europe)
scd	-	Midnight Raiders (USA)
scd	-	Might and Magic III - Isles of Terra (Japan)
scd	-	Mighty Mighty Missile (USA)
scd	-	Mighty Morphin Power Rangers (Europe)
scd	-	Mighty Morphin Power Rangers (USA)
scd	-	Mortal Kombat (Europe)
scd	-	Mortal Kombat (USA)
scd	-	Mortal Kombat Kanzenban (Japan)
scd	-	My Paint (USA)
scd	-	NBA Jam (Europe)
scd	-	NBA Jam (Japan)
scd	-	NBA Jam (USA)
scd	-	NFL Football Trivia Challenge (USA)
scd	-	NFL's Greatest - San Francisco vs. Dallas 1978-1993 (USA)
scd	-	NHL '94 (USA)
scd	-	NHL Hockey '94 (Europe)
scd	-	Night Striker (Japan, Korea)
scd	-	Night Trap (Europe) (Disc 1)
scd	-	Night Trap (Europe) (Disc 1) (Mega-CD 32X)
scd	-	Night Trap (Europe) (Disc 2)
scd	-	Night Trap (Europe) (Disc 2) (Mega-CD 32X)
scd	-	Night Trap (France) (Disc 1)
scd	-	Night Trap (France) (Disc 2)
scd	-	Night Trap (Japan) (Disc 1)
scd	-	Night Trap (Japan) (Disc 2)
scd	-	Night Trap (USA) (Disc 1)
scd	-	Night Trap (USA) (Disc 1) (Alt)
scd	-	Night Trap (USA) (Disc 1) (Limited Run Games)
scd	-	Night Trap (USA) (Disc 1) (Sega CD 32X) (Limited Run Games)
scd	-	Night Trap (USA) (Disc 1) (Sega CD 32X) (RE-1)
scd	-	Night Trap (USA) (Disc 2)
scd	-	Night Trap (USA) (Disc 2) (Limited Run Games)
scd	-	Night Trap (USA) (Disc 2) (Sega CD 32X) (Limited Run Games)
scd	-	Night Trap (USA) (Disc 2) (Sega CD 32X) (RE-1)
scd	-	Ninja Warriors, The (Japan)
scd	-	Nobunaga no Yabou - Haouden (Japan)
scd	-	Nostalgia 1907 - In North Atlantic Sea (Japan)
scd	-	Note! Color Mechanica (USA)
scd	-	Note! Color Mechanica (USA) (Alt)
scd	-	Novastorm (Europe)
scd	-	Novastorm (USA)
scd	-	Panic! (USA)
scd	-	Pier Solar and the Great Architects - The Definitive Original Soundtrack (Europe) (Disc 4) (Enhanced Soundtrack Disc)
scd	-	Pier Solar and the Great Architects Enhanced Soundtrack Disc (USA)
scd	-	Pitfall - The Mayan Adventure (Europe)
scd	-	Pitfall - The Mayan Adventure (USA)
scd	-	Popful Mail (USA)
scd	-	PopfulMail (Japan)
scd	-	Power Factory (Europe)
scd	-	Power Factory (USA)
scd	-	Power Monger (USA)
scd	-	PowerMonger (Europe)
scd	-	Prince of Persia (Europe)
scd	-	Prince of Persia (Japan)
scd	-	Prince of Persia (USA)
scd	-	Prize Fighter (Europe) (Disc 1)
scd	-	Prize Fighter (Europe) (Disc 2)
scd	-	Prize Fighter (Japan) (Disc 1)
scd	-	Prize Fighter (Japan) (Disc 2)
scd	-	Prize Fighter (USA) (Disc 1)
scd	-	Prize Fighter (USA) (Disc 2)
scd	-	Pro Yakyuu Super League CD (Japan)
scd	-	Psychic Detective Series Vol. 3 - Aya (Japan)
scd	-	Psychic Detective Series Vol. 4 - Orgel (Japan)
scd	-	Psygnosis Christmas Sampler (Europe)
scd	-	Puggsy (Europe)
scd	-	Puggsy (USA)
scd	-	Quiz Scramble Special (Japan) (Rev B)
scd	-	Quiz Tonosama no Yabou (Japan)
scd	-	RDF - Global Conflict (USA)
scd	-	Racing Aces (USA)
scd	-	Radical Rex (USA)
scd	-	Ranma 1-2 - Byakuranaika (Japan)
scd	-	Record of Lodoss War (Japan)
scd	-	Revenge of the Ninja (USA)
scd	-	Revengers of Vengeance (USA)
scd	-	Rise of the Dragon (USA)
scd	-	Rise of the Dragon (USA) (Rerelease)
scd	-	Rise of the Dragon - A Blade Hunter Mystery (Japan)
scd	-	Road Avenger (Europe)
scd	-	Road Avenger (USA)
scd	-	Road Blaster FX (Japan)
scd	-	Road Rash (USA)
scd	-	Robo Aleste (Europe)
scd	-	Robo Aleste (USA)
scd	-	Samurai Shodown (Europe)
scd	-	Samurai Shodown (USA)
scd	-	San Diego Zoo Presents... The Animals!, The (Europe)
scd	-	San Diego Zoo Presents... The Animals!, The (USA)
scd	-	Sangokushi III (Japan)
scd	-	Secret of Monkey Island, The (Japan)
scd	-	Secret of Monkey Island, The (USA) (Limited Run Games)
scd	-	Sega CD Demo (Japan) (Proto)
scd	-	Sega Classic Arcade Collection - Limited Edition (Japan)
scd	-	Sega Classics Arcade Collection (USA) (4-in-1)
scd	-	Sega Classics Arcade Collection (USA) (4-in-1) (Rev 2)
scd	-	Sega Classics Arcade Collection (USA) (5-in-1)
scd	-	Sega Classics Arcade Collection - Limited Edition (Europe) (Rev A) (Alt)
scd	-	Seima Densetsu 3x3 Eyes (Japan, Korea)
scd	-	Seirei Shinseiki - Fhey Area (Japan)
scd	-	Sengoku Denshou (Japan)
scd	-	Sensible Soccer (Europe) (En,Fr,De,It)
scd	-	Sewer Shark (Europe)
scd	-	Sewer Shark (USA)
scd	-	Sewer Shark (USA) (Not for Resale) (Alt 2)
scd	-	Sewer Shark (USA) (Rev 1)
scd	-	Shadow of the Beast II (USA)
scd	-	Shadow of the Beast II - Juushin no Jubaku (Japan)
scd	-	Shadowrun (Japan)
scd	-	Sherlock Holmes - Consulting Detective (Europe)
scd	-	Sherlock Holmes - Consulting Detective (USA)
scd	-	Sherlock Holmes - Consulting Detective - Vol. II (Europe) (Disc 1)
scd	-	Sherlock Holmes - Consulting Detective - Vol. II (Europe) (Disc 2)
scd	-	Sherlock Holmes - Consulting Detective - Vol. II (USA) (Disc 1)
scd	-	Sherlock Holmes - Consulting Detective - Vol. II (USA) (Disc 2)
scd	-	Shin Megami Tensei (Japan)
scd	-	Shining Force CD (Europe)
scd	-	Shining Force CD (Japan)
scd	-	Shining Force CD (USA) (5R, 6R)
scd	-	Silpheed (Europe)
scd	-	Silpheed (Japan)
scd	-	Silpheed (USA)
scd	-	SimEarth (Japan)
scd	-	Sing!! Sega Game Music Presented by B. B. Queens (Japan)
scd	-	Slam City with Scottie Pippen (Europe) (Disc 1) (Fingers)
scd	-	Slam City with Scottie Pippen (Europe) (Disc 1) (Fingers) (Mega-CD 32X)
scd	-	Slam City with Scottie Pippen (Europe) (Disc 2) (Juice)
scd	-	Slam City with Scottie Pippen (Europe) (Disc 2) (Juice) (Mega-CD 32X)
scd	-	Slam City with Scottie Pippen (Europe) (Disc 3) (Mad Dog)
scd	-	Slam City with Scottie Pippen (Europe) (Disc 3) (Mad Dog) (Mega-CD 32X)
scd	-	Slam City with Scottie Pippen (Europe) (Disc 4) (Smash)
scd	-	Slam City with Scottie Pippen (Europe) (Disc 4) (Smash) (Mega-CD 32X)
scd	-	Slam City with Scottie Pippen (USA) (Disc 1) (Fingers)
scd	-	Slam City with Scottie Pippen (USA) (Disc 1) (Fingers) (Sega CD 32X)
scd	-	Slam City with Scottie Pippen (USA) (Disc 2) (Juice) (Sega CD 32X)
scd	-	Slam City with Scottie Pippen (USA) (Disc 3) (Mad Dog)
scd	-	Slam City with Scottie Pippen (USA) (Disc 3) (Mad Dog) (Sega CD 32X)
scd	-	Slam City with Scottie Pippen (USA) (Disc 4) (Smash) (Sega CD 32X)
scd	-	Slam City with Scottie Pippen (USA, Brazil) (Disc 2) (Juice) (RE-1)
scd	-	Slam City with Scottie Pippen (USA, Brazil) (Disc 4) (Smash)
scd	-	Smurfs, The (Europe) (En,Fr,De,Es,It)
scd	-	Snatcher (Europe)
scd	-	Snatcher (USA)
scd	-	Snatcher (USA) (Beta)
scd	-	Software Toolworks' Star Wars Chess, The (Europe)
scd	-	Software Toolworks' Star Wars Chess, The (USA)
scd	-	Software Toolworks' Star Wars Chess, The (USA) (Alt)
scd	-	Sol-Feace (Europe) (Alt)
scd	-	Sol-Feace (Japan)
scd	-	Sol-Feace (USA)
scd	-	Sol-Feace (USA) (Rev 2)
scd	-	Sonic CD (Europe)
scd	-	Sonic CD (Europe) (Beta)
scd	-	Sonic CD (USA) (RE125) (Alt 2)
scd	-	Sonic MegaMix (USA)
scd	-	Sonic the Hedgehog CD (Japan)
scd	-	Sonic the Hedgehog CD (Japan) (Beta)
scd	-	SoulStar (Europe) (En,Fr,De)
scd	-	SoulStar (Japan)
scd	-	SoulStar (USA)
scd	-	Space Ace (USA)
scd	-	Space Adventure, The - Cobra - The Legendary Bandit (Europe)
scd	-	Space Adventure, The - Cobra - The Legendary Bandit (USA)
scd	-	Star Wars - Rebel Assault (Europe)
scd	-	Star Wars - Rebel Assault (Japan)
scd	-	Star Wars - Rebel Assault (USA) (Limited Run Games)
scd	-	Starblade (Europe)
scd	-	Starblade (Japan)
scd	-	Starblade (USA)
scd	-	Stellar-Fire (USA)
scd	-	Super Strike Trilogy (USA)
scd	-	Supreme Warrior (Europe) (Disc 1)
scd	-	Supreme Warrior (Europe) (Disc 1) (Mega-CD 32X)
scd	-	Supreme Warrior (Europe) (Disc 2)
scd	-	Supreme Warrior (Europe) (Disc 2) (Mega-CD 32X)
scd	-	Supreme Warrior (USA) (Disc 1) (Fire & Earth) (Alt)
scd	-	Supreme Warrior (USA) (Disc 1) (Fire & Earth) (Sega CD 32X)
scd	-	Supreme Warrior (USA) (Disc 2) (Wind & Fang Tu)
scd	-	Supreme Warrior (USA) (Disc 2) (Wind & Fang Tu) (Sega CD 32X)
scd	-	Surgical Strike (Brazil) (Sega CD 32X)
scd	-	Surgical Strike (Europe)
scd	-	Surgical Strike (Japan)
scd	-	Surgical Strike (USA)
scd	-	Surgical Strike (USA) (Alt)
scd	-	Switch (Japan)
scd	-	Syndicate (Europe) (En,Fr,De)
scd	-	Tenbu Mega CD Special (Japan)
scd	-	Tenkafubu - Eiyuutachi no Houkou (Japan)
scd	-	Terminator, The (Europe)
scd	-	Terminator, The (USA)
scd	-	Theme Park (Europe) (En,Fr,De,Es)
scd	-	Third World War (USA)
scd	-	Thunder Storm FX (Japan)
scd	-	Thunderhawk (Europe) (En,Fr,De,Es)
scd	-	Thunderhawk (Japan)
scd	-	Time Gal (Europe)
scd	-	Time Gal (Japan)
scd	-	Time Gal (USA)
scd	-	Tomcat Alley (Australia)
scd	-	Tomcat Alley (Europe)
scd	-	Tomcat Alley (France)
scd	-	Tomcat Alley (Germany)
scd	-	Tomcat Alley (Japan)
scd	-	Tomcat Alley (Spain)
scd	-	Tomcat Alley (USA)
scd	-	Tomcat Alley (USA) (Alt)
scd	-	Trivial Pursuit (USA)
scd	-	Ultraverse Prime (USA)
scd	-	Urusei Yatsura - Dear My Friends (Japan)
scd	-	Vay (USA)
scd	-	Vay - Ryuusei no Yoroi (Japan)
scd	-	WWF - Rage in the Cage (Europe)
scd	-	WWF - Rage in the Cage (USA)
scd	-	WWF Mania Tour - WWF - Rage in the Cage (Japan)
scd	-	Wakusei Woodstock - Funky Horror Band (Japan)
scd	-	Warau Salesman (Japan)
scd	-	What Is X'Eye Multi Entertainment System (USA)
scd	-	Wheel of Fortune (USA)
scd	-	Who Shot Johnny Rock (USA)
scd	-	Wild Woody (USA)
scd	-	Wing Commander (Japan)
scd	-	Wing Commander (USA)
scd	-	Winning Post (Japan)
scd	-	WireHead (Europe) (Beta)
scd	-	WireHead (USA)
scd	-	Wolfchild (Europe)
scd	-	Wolfchild (Japan)
scd	-	Wolfchild (USA)
scd	-	Wonder Dog (Europe)
scd	-	Wonder Dog (Japan)
scd	-	Wonder Dog (USA)
scd	-	WonderMega Collection (Japan) (Rev 2)
scd	-	World Cup USA '94 (Europe) (En,Fr,De,Es,It,Nl,Pt,Sv)
scd	-	World Cup USA '94 (USA) (En,Fr,De,Es,It,Nl,Pt,Sv)
scd	-	Yumemi Mystery Mansion (Australia)
scd	-	Yumemi Mystery Mansion (Europe)
scd	-	Yumemi Yakata no Monogatari (Japan)
scd	-	Yumimi Mix (Japan)
sms	4342DB9D	11 Hap Gam-Boy (Korea)
sms	BA5EC0E3	128 Hap (Korea)
sms	1B3E032E	2 Hap in 1 - Moai-ui Bomul + David II (Korea)
sms	F0F35C22	20 em 1 (Brazil)
sms	50FD512C	2048 (World)
sms	73B81B33	2048 (World) (v1.01)
sms	8BAFC771	2048 (World) (v1.02)
sms	4B7A237D	2048-SMS! (World)
sms	98AF0236	3 in 1 - The Best Game Collection (A) (Korea) (En)
sms	6EBFE1C3	3 in 1 - The Best Game Collection (B) (Korea) (En)
sms	81A36A4F	3 in 1 - The Best Game Collection (C) (Korea) (En)
sms	8D2D695D	3 in 1 - The Best Game Collection (D) (Korea) (En)
sms	82C09B57	3 in 1 - The Best Game Collection (E) (Korea) (En)
sms	4088EEB4	3 in 1 - The Best Game Collection (F) (Korea) (En)
sms	498EB64C	3D Alien Maze (World)
sms	3EBFA51B	3D City (World)
sms	56DCB2D4	3D Gunner (USA) (Beta)
sms	EADE1A56	3D Maze in 3D, The (World) (Proto)
sms	A67F2A5C	4 PAK All Action (Australia)
sms	FBA94148	8 in 1 - The Best Game Collection (A) (Korea) (En)
sms	8333C86E	8 in 1 - The Best Game Collection (B) (Korea) (En)
sms	00E9809F	8 in 1 - The Best Game Collection (C) (Korea) (En)
sms	060D6A7C	94 Super World Cup Soccer (Korea) (En)
sms	6FE448A5	94-Nen Super Basketball (Taiwan) (En)
sms	0EB430FF	A-Team Music, The (Europe) (Proto) (Sound Data)
sms	887D9F6B	Ace of Aces (Europe, Brazil) (En)
sms	B3440203	Acerte o Alvo (Brazil) (Mega Drive 4)
sms	A36510D7	Acid Reflux (World)
sms	9D9919DF	Acid Reflux (World) (v1.10)
sms	D0263024	Action Boy (Taiwan) (En)
sms	D91B340D	Action Fighter (Japan, Europe) (En)
sms	E2D765AD	Action Fighter (Japan, Europe) (En) (Beta)
sms	8418F438	Action Fighter (Taiwan) (En)
sms	3658F3E0	Action Fighter (USA, Europe, Brazil) (En) (Rev 1)
sms	72420F38	Addams Family, The (Europe)
sms	BC64B967	Aerial (World)
sms	ECF491CF	Aerial Assault (Europe, Brazil) (En)
sms	6630E5FD	Aerial Assault (Taiwan) (En)
sms	15576613	Aerial Assault (USA, Brazil) (En)
sms	1D7ECF4C	Africa (World) (Audio)
sms	1C951F8E	After Burner (World)
sms	4F1BE9FA	Agigongnyong Dooly (Korea)
sms	8B43D21D	Air Rescue (Europe, Brazil) (En)
sms	C8718D40	Aladdin (Europe, Brazil) (En)
sms	D8C4165B	Aleste (Japan) (En)
sms	013C0A94	Alex Kidd - High-Tech World (USA, Europe, Brazil) (En)
sms	2D7FABB2	Alex Kidd - High-Tech World (USA, Europe, Brazil) (En) (Beta)
sms	C13896D5	Alex Kidd - The Lost Stars (World)
sms	08B85755	Alex Kidd 3 - Curse in Miracle World (World) (De) (v1.1)
sms	42472435	Alex Kidd 3 - Curse in Miracle World (World) (De) (v1.2)
sms	4C405D68	Alex Kidd 3 - Curse in Miracle World (World) (En) (v1.1)
sms	97D77051	Alex Kidd 3 - Curse in Miracle World (World) (Es) (v1.1)
sms	D7EED482	Alex Kidd 3 - Curse in Miracle World (World) (Fr) (v1.1)
sms	9CBCF08E	Alex Kidd 3 - Curse in Miracle World (World) (It)
sms	7369853E	Alex Kidd 3 - Curse in Miracle World (World) (Pt) (v1.1)
sms	17A40E29	Alex Kidd in Miracle World (USA, Europe)
sms	AED9AAC4	Alex Kidd in Miracle World (USA, Europe, Brazil) (En) (Rev 1)
sms	50A8E8A7	Alex Kidd in Miracle World (World) (En) (Sega Ages)
sms	6F5F3DAA	Alex Kidd in Miracle World (World) (Ja) (Sega Ages)
sms	7DE172FF	Alex Kidd in Miracle World 2 (World)
sms	D2417ED7	Alex Kidd in Shinobi World (USA, Europe, Brazil) (En)
sms	08C9EC91	Alex Kidd no Miracle World (Japan)
sms	0470E866	Alex Kidd no Miracle World (Taiwan) (Ja)
sms	6F8E46CF	Alex Kido (Taiwan) (Ja)
sms	82038AD4	Alf (USA)
sms	08BF3DE3	Alibaba and 40 Thieves (Korea) (En)
sms	B618B144	Alien 3 (Europe, Brazil) (En)
sms	188EC6FA	Alien Cat 2 (World)
sms	7F30F793	Alien Storm (Europe, Brazil) (En)
sms	4CC11DF9	Alien Syndrome (Japan) (En)
sms	5CBFE997	Alien Syndrome (USA, Europe, Brazil) (En)
sms	C148868C	Alien Syndrome (USA, Europe, Brazil) (En) (Beta)
sms	5E4B454E	Alocos (Taiwan) (En)
sms	B32D09FC	Alter Ego (World) (v1.04)
sms	90D5F16B	Altered Beast (Taiwan) (En)
sms	BBA2FE98	Altered Beast (USA, Europe, Brazil) (En)
sms	7B27202F	American Baseball (Europe, Brazil) (En)
sms	3727D8B2	American Pro Football (Europe)
sms	F499034D	Andre Agassi Tennis (Europe, Brazil) (En)
sms	F5DA4A2B	Anguna - The Prison Dungeon (World) (Proto)
sms	FFF63B0B	Anmitsu Hime (Japan)
sms	CA270F40	AntiISDA Warrior (World) (v1.00)
sms	7408EF2F	AntiISDA Warrior (World) (v1.01)
sms	B3E5986E	AntiISDA Warrior (World) (v1.02)
sms	E49DFB4E	Antiair (World)
sms	C8688BE0	Ants for Master System (World)
sms	E4163163	Arcade Smash Hits (Europe)
sms	C7A2AD44	Arcade Volleyball (World)
sms	BAE75805	Argos no Juujiken (Japan) (En)
sms	F4B3A7BD	Ariel - The Little Mermaid (Brazil) (En)
sms	8E7D9769	Arno Dash (World) (v1.00)
sms	3DCDB2E0	Arno Dash (World) (v1.03)
sms	9091D61A	Arno Dash 2 (World) (v1.03)
sms	65D0D48E	Artfull (World) (v1.0)
sms	E58434BC	Artfull (World) (v1.1)
sms	3C7DDDF5	Artfull (World) (v1.2)
sms	72FE5AA4	Artfull (World) (v1.3)
sms	167CDDA3	Artfull (World) (v1.4)
sms	66C125F1	Artillery Master 8k (World) (Proto)
sms	FFA79DC0	Ascend (World)
sms	AE705699	Ashura (Japan) (En)
sms	ACE7EF28	Ashura (Taiwan) (En)
sms	0BD8DA96	Assault City (Europe) (Joypad)
sms	861B6E79	Assault City (Europe, Brazil) (En) (Light Phaser)
sms	147E02FA	Asterix (Europe, Brazil) (En,Fr)
sms	8C9D5BE8	Asterix (Europe, Brazil) (En,Fr) (Rev 1)
sms	F9B7D26B	Asterix and the Great Rescue (Europe, Brazil) (En,Fr,De,Es,It)
sms	DEF9B14E	Asterix and the Secret Mission (Europe, Brazil) (En,Fr,De)
sms	FB163003	Astro Adventure (Taiwan) (En)
sms	7F66528C	Astro Climber (World) (v1.2.1)
sms	C795182D	Astro Flash (Japan) (En)
sms	B3D666D9	Astro Force (World) (v1.00)
sms	5AAC9A95	Astro Force (World) (v1.01)
sms	DAFE9C84	Astro Force (World) (v1.02)
sms	1BAD75C5	Astro Force (World) (v1.03)
sms	28B1E285	Astro Hunter (World) (Proto 1)
sms	704BEE16	Astro Hunter (World) (Proto 2)
sms	DAF4AC7B	Astro Warrior & Pit Pot (Brazil) (En) (Master System Evolution)
sms	69EFD483	Astro Warrior & Pit Pot (Europe)
sms	3DA7F1CE	Astro Warrior & Pit Pot (Europe) (Sample)
sms	299CBB74	Astro Warrior (Japan, USA, Brazil) (En)
sms	023A6B8C	Astroswab (World)
sms	D6B7A3A2	Atoms (World) (v1.2)
sms	740B1CC8	Attention to Detail (World)
sms	72DF418F	Attention to Detail (World) (v1.1)
sms	E1714A88	Aventuras da TV Colosso, As (Brazil)
sms	F0AF51D6	Awass (World)
sms	E890331D	Ayrton Senna's Super Monaco GP II (Europe, Brazil) (En)
sms	FF614EB3	Aztec Adventure (World)
sms	7CA37320	Aztel Adventure (Taiwan) (En)
sms	F9DBB533	BMX Trial - Alex Kidd (Japan) (En)
sms	FAB6F52F	BOoM (World) (v1.0)
sms	143AB50B	BOoM (World) (v1.1)
sms	E5FF50D8	Back to the Future Part II (Europe, Brazil) (En)
sms	2D48C1D3	Back to the Future Part III (Europe)
sms	A8C4A7D5	Bad Apple (World) (Auto Demo)
sms	58B7DEA6	Bad Apple 3D (World) (Auto Demo)
sms	38434560	Bad Apple for SMS (World) (Auto Demo)
sms	35D84DC2	Baku Baku (Brazil) (En)
sms	4F8E512C	Baluba Balok (World)
sms	655FB1F4	Bank Panic (Europe, Brazil) (En)
sms	43E39AA4	Bara Buruu (World)
sms	0DF8597F	Basketball Nightmare (Europe, Brazil) (En)
sms	4E3EBB55	Basketball Nightmare (Europe, Brazil) (En) (Beta 1)
sms	E5B3573E	Basketball Nightmare (Europe, Brazil) (En) (Beta 2)
sms	B154EC38	Batman Returns (Europe, Brazil) (En)
sms	2EE69D58	Battle City (World)
sms	0E0C4B81	Battle City (World) (v1.1)
sms	26EAF600	Battle City (World) (v1.2)
sms	C19430CE	Battle Out Run (Europe, Brazil) (En)
sms	BAD0C760	Battle Out Run (Europe, Brazil) (En) (Beta)
sms	FAE0ADE7	Battle Wings (World) (Beta)
sms	1CBB7BF1	Battlemaniacs (Brazil) (En)
sms	A957B2F8	Battleships (World) (v1.00)
sms	1712E9F1	Battleships (World) (v1.10)
sms	E31F01D6	Battlot (World)
sms	772DB9D8	Bay Third Dungeon (World) (v1.00)
sms	F52F10C9	Bay Third Dungeon (World) (v1.10)
sms	DC4A38C3	Bay Third Dungeon (World) (v1.20)
sms	53A5A999	Be No Sqr (World) (v1.00) (Auto Demo)
sms	EE701BE6	Be No Sqr (World) (v1.01) (Auto Demo)
sms	D985031F	Binary Gunner (World) (Proto)
sms	98F64975	Black Belt (Taiwan) (En)
sms	DA3A2F57	Black Belt (USA, Europe, Brazil) (En)
sms	AAC28A8D	Black Castle (World)
sms	58D5FC48	Blade Eagle (World) (Beta 1)
sms	C127CC9C	Blade Eagle (World) (Beta 2)
sms	8ECD201C	Blade Eagle 3-D (World)
sms	A4233EA3	Blast Arena (World)
sms	3397F746	Blast Arena (World) (Beta)
sms	2734A9B4	Blockhead (World) (Proto)
sms	DBB3E1D4	Bloki (World) (v1.00)
sms	EE5463D3	Bloki (World) (v1.01)
sms	07774397	Bloki (World) (v1.02)
sms	BE494701	Bloki (World) (v1.03)
sms	7DDD30CB	Bloktris (World) (v1.03)
sms	25EB9F80	Bobble Bobble (Korea) (En)
sms	1D43A351	Bock's Birthday 2002 (World) (Auto Demo)
sms	C07CB738	Bock's Birthday 2003 (World) (Auto Demo)
sms	31A5CA6A	Bock's Birthday 2004 (World) (v1.0) (Auto Demo)
sms	19D2F18A	Bock's Birthday 2004 (World) (v1.1) (Auto Demo)
sms	F0F53C64	Bock's Birthday 2006 (World) (Auto Demo)
sms	B80A74A1	Bock's Birthday 2007 (World) (Auto Demo)
sms	E041F33E	Bock's Birthday 2011 (World) (Auto Demo)
sms	C9EE4A8D	Bock's Birthday 2011 II (World) (Auto Demo)
sms	B2885BA0	Bolas e Cores (Brazil) (Mega Drive 4)
sms	8351496A	Bolhas (Brazil) (Mega Drive 4)
sms	EC3B0FF2	Bomb Jack (World)
sms	9BED0BF2	Bomb Jack (World) (SRAM)
sms	C8E38178	Bombeiros (Brazil) (Mega Drive 4)
sms	3084CF11	Bomber Raid (World)
sms	CAEA8002	Bonanza Bros. (Europe, Brazil) (En)
sms	B3768A7A	Bonkers Wax Up! (Brazil) (En)
sms	E12C3C4C	Bootskell (World)
sms	1B10A951	Bram Stoker's Dracula (Europe)
sms	A93DA32B	Bread and Butter (World) (v1.00)
sms	62C2AAD2	Bread and Butter (World) (v1.01)
sms	DC10BCAB	Bread and Butter (World) (v1.026)
sms	6D46BC40	Bread and Butter (World) (v1.032)
sms	22D1DC74	Bread and Butter World (World)
sms	37E27A38	Bruce Lee (World)
sms	B4742656	Bruce Lee (World) (Beta 1)
sms	CDB08905	Bruce Lee (World) (Beta 2)
sms	4EBBD863	Bruce Lee (World) (Beta 3)
sms	1647DB26	Bruce Lee (World) (Beta 4)
sms	06388C68	Bruce Lee (World) (Beta 5)
sms	9086E6BB	Bruce Lee (World) (Beta 6)
sms	0B48F7DB	Bruce Lee (World) (Beta 7)
sms	7A3575D8	Bruce Lee (World) (Demo 1)
sms	70A69913	Bruce Lee (World) (Demo 2)
sms	59FD4F72	Bruce Lee (World) (Demo 3)
sms	F433E9EB	Bruce Lee (World) (Demo 4)
sms	CB722A12	Bruce Lee (World) (Demo 5)
sms	E843BA7E	Bubble Bobble (Europe, Brazil) (En)
sms	B948752E	Bubble Bobble (Taiwan) (En)
sms	B0FC4577	Buggy Run (Europe, Brazil) (En)
sms	3B546026	Burgers of Hanoi (World) (Proto)
sms	8F0E826A	CWP (World) (v1.2)
sms	0918FBA0	C_So! (Korea) (En)
sms	78A26F50	Cacorm (World)
sms	AC6009A7	California Games (USA, Europe, Brazil) (En)
sms	C0E25D62	California Games II (Europe)
sms	9EF070E6	Candy Kid (World) (v1.0)
sms	7DE053F4	Candy Kid (World) (v2.0)
sms	890BB775	Candy Kid (World) (v3.0)
sms	EEAD16C7	Canyon Racer (World) (Proto)
sms	A4852757	Captain Silver (Japan, Europe, Brazil) (En)
sms	B81F6FA5	Captain Silver (USA)
sms	2532A7CD	Captain Silver (USA) (Beta)
sms	628BDC77	Cardiac Arrest (World)
sms	64E061A8	Casevac (World) (Proto)
sms	3CFF6E80	Casino Games (USA, Europe)
sms	31FFD7C3	Castelo Ra-Tim-Bum (Brazil)
sms	C8E4298D	Castle Escape (World) (v2.0.0)
sms	43FC61D5	Castle Escape (World) (v2.1.1)
sms	B9DB4282	Castle of Illusion Starring Mickey Mouse (USA, Europe, Brazil) (En)
sms	953F42E1	Castle of Illusion Starring Mickey Mouse (USA, Europe, Brazil) (En) (Rev 1)
sms	C386E835	Cava-Cava (Brazil) (Mega Drive 4)
sms	6979F292	Cave Wanderer (World) (Proto)
sms	0C1674DA	Cavit (World)
sms	23163A12	Champions of Europe (Europe, Brazil) (En)
sms	7E5839A0	Championship Hockey (Europe)
sms	492C7C6E	Chapolim x Dracula - Um Duelo Assustador (Brazil)
sms	7E22F7BE	Chappie's Ears Simon Game (World) (v1.00)
sms	2A03568B	Chappie's Ears Simon Game (World) (v1.10)
sms	46340C41	Cheese Cat-astrophe Starring Speedy Gonzales (Europe, Brazil) (En,Fr,De,Es)
sms	3686EBF0	Chess Rook Puzzle, The (World) (Proto 1)
sms	1C5121B0	Chess Rook Puzzle, The (World) (Proto 2)
sms	4413576F	Chicken Crossing (World) (Proto)
sms	16EC3575	Choplifter (Japan) (En) (Proto)
sms	55F929CE	Choplifter (Taiwan) (En)
sms	4A21C15F	Choplifter (USA, Europe, Brazil) (En)
sms	FD981232	Choplifter (USA, Europe, Brazil) (En) (Beta)
sms	E421E466	Chouon Senshi Borgman (Japan)
sms	86F49AE9	Chouon Senshi Borgman (Japan) (Beta)
sms	DD0E2927	Chuck Rock (Europe, Brazil) (En)
sms	87783C04	Chuck Rock II - Son of Chuck (Brazil) (En)
sms	C30E690A	Chuck Rock II - Son of Chuck (Europe)
sms	C56864C8	Cimmerian (World) (Demo 1)
sms	42039E76	Cimmerian (World) (Demo 2)
sms	19923E38	Cimmerian (World) (Demo 3)
sms	8FB75994	Circuit, The (Japan) (En)
sms	603C39AA	Cloud Master (Taiwan) (En)
sms	E7F62E6D	Cloud Master (USA, Europe, Brazil) (En)
sms	B06403E0	Color & Switch Test (Brazil) (En) (Rev A)
sms	7253C3EC	Color & Switch Test (Japan) (En) (Proto)
sms	B14BE3AC	Color Lines (World)
sms	B86B2F33	Colossal Cave Adventure - SAM Edition (World) (Proto 1)
sms	5D77D48C	Colossal Cave Adventure - SAM Edition (World) (Proto 2)
sms	665FDA92	Columns (USA, Europe, Brazil) (En)
sms	3FB40043	Columns (USA, Europe, Brazil) (En) (Beta)
sms	9D549E08	Comical Machine Gun Joe (Japan) (En)
sms	643F6BFC	Comical Machine Gun Joe (Korea) (En)
sms	84AD5AE4	Comical Machine Gun Joe (Taiwan) (En)
sms	1E1B9F59	Con-Dori (Korea) (En)
sms	13AC9023	Cool Spot (Europe)
sms	43600BB1	Copyright Violation (World) (Auto Demo)
sms	29822980	Cosmic Spacehead (Europe) (En,Fr,De,Es)
sms	D45F865C	Cracky (World)
sms	972D6A6F	Crazy Pinball (World)
sms	79E2AEB2	Crazy Pinball (World) (SRAM)
sms	D260006A	Creature Capture (Brazil) (Mega Drive 4)
sms	656DD2D6	Cross Bomber (World) (v1.00)
sms	1B9F840B	Cross Bomber (World) (v1.01)
sms	9B002A6C	Cross Bomber (World) (v1.02)
sms	D7E56224	Cross Chase (World) (v1.00)
sms	A1588BB3	Cross Chase (World) (v1.01)
sms	3488F4C8	Cross Horde (World) (v1.00)
sms	9E3C5073	Cross Horde (World) (v1.01)
sms	ECF05914	Cross Shoot (World) (v1.00)
sms	6E044353	Cross Shoot (World) (v1.01)
sms	C63D6854	Cross Shuriken (World)
sms	7857BC23	Cross Snake (World) (v1.00)
sms	F18E2C49	Cross Snake (World) (v1.01)
sms	FD69B2DF	Cross Stinger (World)
sms	B43E840F	Cross TREX (World)
sms	FC1864E3	Cross Verbix (World)
sms	1350E4F8	Cyber Shinobi, The (Europe, Brazil) (En)
sms	DAC00A3A	Cyber Shinobi, The (Europe, Brazil) (En) (Beta)
sms	AD9FF469	Cyber Shinobi, The (Taiwan) (En)
sms	908E7524	Cyborg Hunter (USA, Europe, Brazil) (En)
sms	691211A1	Cyborg Hunter (USA, Europe, Brazil) (En) (Beta)
sms	77EFE84A	Cyborg Z (Korea) (En)
sms	5BCCA937	Cye (World) (Demo 1)
sms	DBF1FD0F	Cye (World) (Demo 2)
sms	71ABEF27	Daffy Duck in Hollywood (Europe, Brazil) (En,Fr,De,Es,It)
sms	89B79E77	Dallyeora Pigu-Wang (Korea)
sms	AE4A28D7	Danan - The Jungle Fighter (Europe, Brazil) (En)
sms	1D835EB3	Danan - The Jungle Fighter (Taiwan) (En)
sms	3F7C5B40	Dangerous Demolition (World)
sms	37B775D6	Data Storm (World)
sms	FF67359B	Data Storm (World) (Beta)
sms	91D5C4ED	Dating Sim (World)
sms	172E6364	Dating Sim (World) (Beta)
sms	E2F7193E	Dead Angle (USA, Europe, Brazil) (En)
sms	F9271C3D	Dead Angle (USA, Europe, Brazil) (En) (Beta)
sms	5AC16356	Dead Gunner (World) (Demo 1)
sms	A43FA9E5	Dead Gunner (World) (Demo 2)
sms	42FC3A6E	Deep Duck Trouble Starring Donald Duck (Europe, Brazil) (En)
sms	B137007A	Desert Speedtrap Starring Road Runner and Wile E. Coyote (Europe, Brazil) (En,Fr,De,Es,It)
sms	6C1433F9	Desert Strike (Europe) (En,Fr,De,Es)
sms	F6FAB48D	Dick Tracy (USA, Europe, Brazil) (En)
sms	D1341667	Digger Ball (World)
sms	C4CA6878	Digger Chan (World) (Proto)
sms	EA5C3A6F	Dinobasher Starring Bignose the Caveman (Europe) (Proto)
sms	32F4B791	Dinosaur Dooley, The (Korea) (En)
sms	A6BD2C06	Do the Same (World) (Demo 1)
sms	3E03D019	Do the Same (World) (Demo 2)
sms	01E68FF7	Do the Same (World) (Demo 3)
sms	641FB1F2	Do the Same (World) (Demo 4)
sms	C8C3C5F8	Do the Same (World) (Demo 5)
sms	2BCDB8FA	Doki Doki Penguin Land - Uchuu Daibouken (Japan) (En)
sms	56BD2455	Doki Doki Penguin Land - Uchuu Daibouken (Japan) (En) (Beta)
sms	8B6CD69C	Domino (Brazil) (Mega Drive 4)
sms	9B2396AA	Donkey (World) (v1.0)
sms	0CB2AE2B	Donkey (World) (v1.1)
sms	BF929653	Donkey (World) (v1.2)
sms	F4F848C2	Double Dragon (Taiwan) (En)
sms	A55D89F3	Double Dragon (World)
sms	8370F6CD	Double Hawk (Europe)
sms	F76D5CEE	Double Hawk (Europe) (Beta)
sms	52B83072	Double Target - Cynthia no Nemuri (Japan) (En)
sms	AB5D74A8	Doze Trabalhos de Jongo, Os (Brazil) (Mega Drive 4)
sms	16537865	Dr. HELLO (Korea) (En)
sms	6C696221	Dr. Robotnik's Mean Bean Machine (Europe, Brazil) (En)
sms	C88A5064	Dragon - The Bruce Lee Story (Europe)
sms	792ABBF8	Dragon Blaster (World) (Proto 1)
sms	462E00E5	Dragon Blaster (World) (Proto 2)
sms	DEC2EFC4	Dragon Blaster (World) (Proto 3)
sms	9549FCE4	Dragon Crystal (Europe, Brazil) (En)
sms	DDDB3DD8	Draw Poker (World) (Proto)
sms	2E31ACD2	Driar (World) (Proto)
sms	E3EFB2A6	Duckslayer Adventures (World) (Proto 1)
sms	E69B48A9	Duckslayer Adventures (World) (Proto 2)
sms	AEFB9EFA	Duckslayer Adventures (World) (Proto 3)
sms	DB4F7EA1	Duckslayer Adventures (World) (Proto 4)
sms	4710219A	Duckslayer Adventures (World) (Proto 5)
sms	11919DF2	Duckslayer Adventures (World) (Proto 6)
sms	07306947	Dynamite Duke (Europe, Brazil) (En)
sms	0E1CC1E0	Dynamite Dux (Europe, Brazil) (En)
sms	4E59175E	Dynamite Dux (Europe, Brazil) (En) (Beta)
sms	7DB5B0FA	Dynamite Headdy (Brazil) (En)
sms	C4BB1676	E-SWAT (USA, Europe, Brazil) (En)
sms	4F20694A	E-SWAT (USA, Europe, Brazil) (En) (Beta 1)
sms	F7CA9801	E-SWAT (USA, Europe, Brazil) (En) (Beta 2)
sms	FD91CC7E	E-SWAT (USA, Europe, Brazil) (En) (Beta 3)
sms	C10FCE39	E-SWAT (USA, Europe, Brazil) (En) (Rev A)
sms	DD74BCF1	E.I. - Exa Innova (Korea) (En)
sms	F06F2CCB	Eagles 5 (Korea) (En)
sms	C4D5EFC5	Earthworm Jim (Brazil) (En)
sms	7C28703A	Ecco - The Tides of Time (Brazil)
sms	6687FAB9	Ecco the Dolphin (Europe, Brazil) (En)
sms	ED2B4602	Eggie Chuck (World) (Proto)
sms	7D49F141	Electronic Dreams (World) (Proto)
sms	5D5C50B3	Enduro Racer (Japan) (En)
sms	00E73541	Enduro Racer (USA, Europe, Brazil) (En)
sms	2527B104	Escape from Monster Dimension (World) (Proto)
sms	8813514B	Excellent Dizzy Collection, The (Europe) (En,Fr,De,Es,It) (Proto)
sms	F7E6C14A	Extreme Volleyball - Infernal League (World) (v1.02)
sms	F9E940B6	Extreme Volleyball - Infernal League (World) (v1.03)
sms	6402D2D6	Extreme Volleyball - Infernal League (World) (v1.05)
sms	82EF4BDA	Extreme Volleyball - Infernal League (World) (v1.06)
sms	06965ED9	F-1 Spirit - The Way to Formula-1 (Korea) (En)
sms	EAEBF323	F-16 Fighter (USA, Europe, Brazil) (En)
sms	7CE06FCE	F-16 Fighting Falcon (Japan) (En)
sms	C4C53226	F-16 Fighting Falcon (Taiwan) (En)
sms	184C23B7	F-16 Fighting Falcon (USA)
sms	EC788661	F1 (Europe, Brazil) (En)
sms	17AB6883	FA Tetris (Korea) (En)
sms	9BB3B5F9	FIFA International Soccer (Brazil) (En,Es,Pt)
sms	88C0207F	Fabrica de Chocolate (Brazil) (Mega Drive 4)
sms	575677A2	Fairy Forest (World) (v1.00)
sms	E11AD27B	Fairy Forest (World) (v1.01)
sms	C9588662	Fairy Forest (World) (v1.02)
sms	7ABC70E9	Family Games (Japan) (En)
sms	B9664AE1	Fantastic Dizzy (Europe) (En,Fr,De,Es,It)
sms	0FFBCAA3	Fantasy Zone (Japan) (En)
sms	5FD48352	Fantasy Zone (Taiwan) (En)
sms	F46264FE	Fantasy Zone (World) (Beta)
sms	65D7E4E0	Fantasy Zone (World) (Rev 1)
sms	7EC7BB12	Fantasy Zone (World) (Sega 3D Classics) (FM Music)
sms	D29889AD	Fantasy Zone - The Maze (USA, Europe, Brazil) (En)
sms	B28B9F97	Fantasy Zone - The Maze (USA, Europe, Brazil) (En) (Beta)
sms	B8B141F9	Fantasy Zone II (USA, Europe, Brazil) (En)
sms	C722FB42	Fantasy Zone II - Opa-Opa no Namida (Japan) (En)
sms	1DF0FC90	Feiche Zhengba Zhan (Taiwan) (En)
sms	BF6C2E37	Ferias Frustradas do Pica Pau (Brazil)
sms	3EBB7457	Final Bubble Bobble (Japan)
sms	74DDB2D1	Find the Wordy Gems (World) (Demo 1)
sms	E7720A11	Find the Wordy Gems (World) (Demo 2)
sms	A8EDA51D	Find the Wordy Gems (World) (Demo 3)
sms	F6AD7B1D	Fire & Forget II (Europe)
sms	8B24A640	Fire & Ice (Brazil) (En)
sms	BE31D63F	Flash, The (Europe, Brazil) (En)
sms	61E8806F	Flashpoint (Korea) (En)
sms	838574D1	Flight of Pigarus (World) (v1.00)
sms	1950005D	Flight of Pigarus (World) (v1.10)
sms	60B86F18	Flight of Pigarus (World) (v1.11)
sms	CA5C78A5	Flintstones, The (Europe, Brazil) (En)
sms	459357DF	Flip Flap (World) (Proto)
sms	15BB89DA	Food Fighter (World) (Proto 1)
sms	85D181AD	Food Fighter (World) (Proto 2)
sms	B56748BA	Forest Escape - A Knight's Quest (World) (v1.0.1)
sms	22D0C6EB	Forest Escape - A Knight's Quest (World) (v1.2.1)
sms	38C53916	Forgotten Worlds (Europe, Brazil) (En)
sms	44136A72	Forgotten Worlds (Taiwan) (En)
sms	18188292	Freeway '86 (World)
sms	51DCDA45	Fridge Fury (World) (v3.6c)
sms	95641039	Frogger (World) (Demo 1)
sms	6CAB7AE1	Frogger (World) (Demo 2)
sms	FD09F46D	Frontier Force (World) (v1.1)
sms	E6795C53	Fushigi no Oshiro Pit Pot (Japan) (En)
sms	73C76D15	Fushigi no Oshiro Pit Pot (Japan) (En) (Beta)
sms	05CDC24E	G-LOC - Air Battle (Europe, Brazil) (En)
sms	AD0E1D7C	GLUF Tesla Frog (World) (v1.2)
sms	EC2DA554	GP Rider (Europe, Brazil) (En)
sms	8B40F6BF	Gaegujangi Kkachi (Korea)
sms	3EC5E627	Gain Ground (Europe, Brazil) (En)
sms	D40D03C7	Gain Ground (Europe, Brazil) (En) (Beta)
sms	A6FA42D0	Galactic Protector (Japan) (En)
sms	C60AC8BF	Galactic Revenge (World) (v1.0)
sms	B21E4560	Galactic Revenge (World) (v2.0)
sms	4D69CD2C	Galactic Revenge (World) (v3.0)
sms	577EC227	Galaxian (Korea) (En)
sms	A4AC35D8	Galaxy Force (Europe, Brazil) (En)
sms	6C827520	Galaxy Force (USA)
sms	1890F407	Game Box Serie Esportes Radicais (Brazil) (En)
sms	38B3A72F	Game Chongjiphap 200 (Korea)
sms	380D7400	Game Mo-eumjip 188 Hap (Korea) (v1.0)
sms	C76601E0	Game Mo-eumjip 188 Hap (Korea) (v1.1)
sms	9AFAB511	Game de Check! Koutsuu Anzen (Japan) (Proto)
sms	AD522EFD	Gangcheol RoboCop (Korea) (En)
sms	5FC74D2A	Gangster Town (USA, Europe, Brazil) (En)
sms	01E7938E	Garbagefield Saves Christmas (World)
sms	FF2E1EA4	Gaudream (World) (Proto)
sms	D9190956	Gauntlet (Europe, Brazil) (En)
sms	78BBB2EC	Gekioko PunPun Maru (World) (Proto 1)
sms	B35EBCDF	Gekioko PunPun Maru (World) (Proto 2)
sms	D0F12C3E	Gemitas (World)
sms	BA02EC46	Geometry Blaster (World) (Proto)
sms	A64898CE	George Foreman's KO Boxing (Europe, Brazil) (En)
sms	956C416B	Geraldinho (Brazil) (En)
sms	C0F3CE7E	Ghost House (Japan) (En)
sms	F1F8FF2D	Ghost House (USA, Europe, Brazil) (En)
sms	C3E7C1ED	Ghost House (USA, Europe, Brazil) (En) (Beta)
sms	1DDC3059	Ghostbusters (USA, Europe, Brazil) (En)
sms	7A92EBA6	Ghouls'n Ghosts (USA, Europe, Brazil) (En)
sms	B746A6F5	Global Defense (USA, Europe, Brazil) (En)
sms	91A0FC4E	Global Defense (USA, Europe, Brazil) (En) (Beta)
sms	B67CEB76	Global Gladiators (Europe, Brazil) (En)
sms	DB7B9954	Goblin Kart Rescue (World) (v1.0.3)
sms	ECE3F67F	Goblin Kart Rescue (World) (v1.0.4)
sms	BB1B448F	Goblin Kart Rescue (World) (v1.0.7)
sms	A249FA9D	Gokuaku Doumei Dump Matsumoto (Japan) (En)
sms	C08132FB	Golden Axe (USA, Europe, Brazil) (En)
sms	C7DED988	Golden Axe Warrior (USA, Europe, Brazil) (En)
sms	48651325	Golfamania (Europe, Brazil) (En)
sms	5DABFDC3	Golfamania (Europe, Brazil) (En) (Beta)
sms	A51376FE	Golvellius - Valley of Doom (USA, Europe, Brazil) (En)
sms	B3BDC4BF	Gommy - Medieval Defender (World) (v1.1)
sms	503620DF	Goodzilla (World) (Ludum Dare 57)
sms	6C6C5AD8	Goodzilla (World) (v1.1)
sms	A3F9263A	Gotris (World) (Beta 1)
sms	79C1E9F1	Gotris (World) (Beta 2)
sms	2DD244D0	Gotris (World) (Beta 3)
sms	FA561C8D	Gotris (World) (Beta 3) (PAL)
sms	ADB0EFA6	Gotris (World) (Beta 4)
sms	5BB3CA71	Gotris (World) (Beta 4) (PAL)
sms	CFE301ED	Gotris (World) (v1.2p)
sms	A11888FF	Gotris (World) (v1.3p)
sms	CD3EC02F	Gotris (World) (v1.3p) (PAL)
sms	75DC2F68	Grail Legacy, The (World) (Proto 1)
sms	BADDE851	Grail Legacy, The (World) (Proto 2)
sms	FB3A8AB3	Grail of the Gods (World)
sms	D4E6A082	Gravity Beam - Master Gaiden (World) (v1.00)
sms	829FD975	Gravity Beam - Master Gaiden (World) (v1.01)
sms	8334B49F	Grazers (World) (Proto)
sms	89E98A7C	Great Baseball (Japan) (En)
sms	10ED6B57	Great Baseball (USA, Europe)
sms	2AC001EB	Great Basketball (World)
sms	2055825F	Great Football (World)
sms	6586BD1F	Great Golf (Japan) (En)
sms	5DEF1BF5	Great Golf (Korea) (En)
sms	98E4AE4A	Great Golf (World)
sms	4847BC91	Great Golf (World) (Beta)
sms	946B8C4A	Great Ice Hockey (Japan, USA) (En)
sms	0ED170C9	Great Soccer (Europe)
sms	2D7FD7EF	Great Soccer (Japan) (En)
sms	84665648	Great Soccer (Taiwan) (En)
sms	95CBF3DD	Great Tennis (Japan) (En)
sms	6819B0C0	Great Volleyball (Japan) (En)
sms	8D43EA95	Great Volleyball (USA, Europe, Brazil) (En)
sms	4348D13C	Green Beret (World) (No SRAM)
sms	529172BD	Green Beret (World) (SRAM)
sms	6664C3D5	Grime Z80 (World)
sms	3AF7CCAD	Gun.Smoke (Korea) (En)
sms	691635E3	Guntus (World)
sms	B9FDF6D9	Haja no Fuuin (Japan)
sms	1C5059F0	Hang On & Astro Warrior (USA)
sms	E167A561	Hang On & Safari Hunt (USA)
sms	A120B77F	Hang On & Safari Hunt (USA) (Beta)
sms	071B045E	Hang On (Europe)
sms	649F29E8	Hang On (Europe) (Beta)
sms	5C01ADF9	Hang On (Japan) (En)
sms	1226FC45	Have Pity on Me (World) (Proto)
sms	31B392C4	Headless Ninja Volley (World) (Proto)
sms	FDAB876A	Heavyweight Champ (Europe, Brazil) (En)
sms	0CF6AB08	Hermano (World)
sms	8C77F8BF	Heroes Against Demons (World) (v1.04b)
sms	CDE13FFB	Heroes of the Lance (Europe, Brazil) (En)
sms	9611BEBD	Heroes of the Lance (Europe, Brazil) (En) (Beta)
sms	9EB1AA4F	High School! Kimengumi (Japan)
sms	24F5FE8C	Hokuto no Ken (Japan)
sms	C4AB363D	Hokuto no Ken (Taiwan) (Ja)
sms	C9DBF936	Home Alone (Europe)
sms	8040B2FA	Hong Kil Dong (Korea)
sms	9CED34A7	Hook (Europe) (Proto)
sms	06090A9A	Hopman (World)
sms	955A009E	Hoshi wo Sagashite... (Japan)
sms	E4B7C56A	Hwarang-ui Geom (Korea)
sms	DA5F2E58	Ice Force (World)
sms	0172E6F9	Impetus (World)
sms	98E5DABF	Impetus+ (World)
sms	64D6AF3B	Impossible Mission (Europe, Brazil) (En)
sms	71C4CA8F	Impossible Mission (Europe, Brazil) (En) (Beta)
sms	B4584DDE	Incredible Crash Dummies, The (Europe, Brazil) (En)
sms	BE9A7071	Incredible Hulk, The (Europe, Brazil) (En)
sms	8AEB574B	Indiana Jones and the Last Crusade (Europe, Brazil) (En)
sms	ACEC894D	Indiana Jones and the Last Crusade (USA) (Proto)
sms	4F4BB37E	Io (World) (Proto 1)
sms	05548C75	Io (World) (Proto 2)
sms	D2F3FED6	Iron Man (World)
sms	2B8AE15D	Iron Man (World) (Other Control)
sms	6A664405	James 'Buster' Douglas Knockout Boxing (USA)
sms	CFB4BD7B	James 'Buster' Douglas Knockout Boxing (USA) (Sample)
sms	8FEFF688	James Bond 007 - The Duel (Brazil) (En)
sms	8D23587F	James Bond 007 - The Duel (Europe)
sms	102D5FEA	James Pond 2 - Codename RoboCod (Europe, Brazil) (En)
sms	18FB98A3	Jang Pung 3 (Korea) (En)
sms	929222C4	Jang Pung II (Korea) (En)
sms	192949D5	Janggun-ui Adeul (Korea)
sms	A21F8717	Jet Pack (World) (Pt) (v2.00)
sms	7598CD63	Jetpac (World) (Proto)
sms	78DD5FB8	Jewel Jones (World) (Proto)
sms	0A9089E5	Joe Montana Football (USA, Europe, Brazil) (En)
sms	45C50294	Jogos de Verao II (Brazil) (En)
sms	783C99EA	Joust (World) (Proto)
sms	E2F4EF89	Jumping Jack'son (World) (Proto)
sms	DCC7ED36	Jumpy (World) (Proto)
sms	695A9A15	Jungle Book, The (Europe, Brazil) (En)
sms	0667ED9F	Jurassic Park (Europe, Brazil) (En)
sms	D9C451CC	Jurl (World) (Proto 1)
sms	347FB7AB	Jurl (World) (Proto 2)
sms	2B435FD6	KLAX (Europe)
sms	05EA5353	Kenseiden (Japan)
sms	516ED32E	Kenseiden (USA, Europe, Brazil) (En)
sms	0AE470E5	King & Balloon (Korea) (En)
sms	1074E6D4	King Kong (World)
sms	F8D33BC4	King's Quest - Quest for the Crown (USA)
sms	FD27BEF1	King's Quest - Quest for the Crown (USA) (Beta 1)
sms	B7FE0A9D	King's Quest - Quest for the Crown (USA) (Beta 2)
sms	F14A8151	Klondike Solitaire (World) (v1.00)
sms	A4011448	Klondike Solitaire (World) (v1.03)
sms	52B870F3	Klondike Solitaire (World) (v1.04)
sms	F89AF3CC	Knightmare II (Korea) (En)
sms	BFC28AD1	Knights & Demons (World)
sms	D6D82A11	Knights of the Square (World) (Proto)
sms	64A585EB	Krusty's Fun House (Europe, Brazil) (En)
sms	D11D32E4	Kujaku Ou (Japan)
sms	7E15A103	KunKun & KokoKun (World)
sms	5173B648	KunKun & KokoKun 2 - Return of the Kun (World)
sms	857C53E7	KunKun & KokoKun 2 - Return of the Kun (World) (Beta)
sms	4762E022	Kung Fu Kid (Taiwan) (En)
sms	1E949D1F	Kung Fu Kid (USA, Europe, Brazil) (En)
sms	92FE2775	Lambo (World) (Auto Demo)
sms	24E97200	Land of Illusion Starring Mickey Mouse (Europe, Brazil) (En)
sms	1004AD18	Land on My Base (and Tell Me That You Love Me) (World) (v1.05)
sms	B6C0007F	Lander1 (World) (v1.2)
sms	E7887484	Lander1 (World) (v1.3)
sms	36B59545	Lander1 (World) (v1.4)
sms	53E5726E	Lander2 (World)
sms	9B040FC6	Lander2 (World) (Beta)
sms	704F6A61	Lander2 (World) (v1.1)
sms	0CA95637	Laser Ghost (Europe)
sms	6350E649	Legend of Illusion Starring Mickey Mouse (Brazil) (En)
sms	F369B2D8	Lemmings (Europe, Brazil) (En)
sms	2C61ED88	Lemmings (Europe, Brazil) (En) (Beta)
sms	CF5AECCA	Lemmings 2 - The Tribes (Europe) (Proto)
sms	EB71247B	Lethal Weapon 3 Music (Europe) (Proto) (Sound Data)
sms	2C5420A9	Lift (World)
sms	11E0647B	Lil Evel Knievel (World) (SMS Power! 2023 Compo)
sms	E2E1B38C	Lil Evel Knievel (World) (v1.1)
sms	8603C294	Line Runner (World) (v1.3.1)
sms	CB09F355	Line of Fire (Europe, Brazil) (En)
sms	C352C7EB	Lion King, The (Europe, Brazil) (En)
sms	5C70F024	Little Sokoban (World)
sms	AA7D6F45	Lord of Sword (Japan)
sms	7EAED675	Lord of Sword (Taiwan) (Ja)
sms	E8511B08	Lord of the Sword (USA, Europe, Brazil) (En)
sms	323F357F	Loretta no Shouzou - Sherlock Holmes (Japan)
sms	ED850911	Lost Raider (World) (Proto 1)
sms	2553B745	Lost Raider (World) (Proto 2)
sms	A1710F13	Lucky Dime Caper Starring Donald Duck, The (Europe, Brazil) (En)
sms	7F6D0DF6	Lucky Dime Caper Starring Donald Duck, The (Europe, Brazil) (En) (Beta)
sms	01B605FB	Lucky Penguin (World) (v1.0)
sms	69699887	Lucky Penguin (World) (v1.1)
sms	461A369A	Lunar Skirmish (World) (Proto)
sms	FF5091E0	MSX Soccer (Korea)
sms	BCFBFC67	Mahjong Sengoku Jidai (Japan)
sms	996B2A07	Mahjong Sengoku Jidai (Japan) (Beta)
sms	514A5611	Mahjong Solitaire (World) (v1.00)
sms	037E7539	Mahjong Solitaire (World) (v1.02)
sms	AF391A23	Mahjong Solitaire (World) (v1.03)
sms	BED37331	Mahjong Solitaire (World) (v1.05)
sms	D4DC268E	Mahjong Solitaire (World) (v1.16)
sms	CBCB62F8	Mai Nurse (World)
sms	CA860451	Makai Retsuden (Japan)
sms	BF0411AD	Maou Golvellius (Japan)
sms	21A21352	Maou Golvellius (Japan) (Beta)
sms	BF6F3E5F	Marble Madness (Europe)
sms	E8215C2E	Marksman Shooting & Trap Shooting & Safari Hunt (Europe)
sms	E8EA842C	Marksman Shooting & Trap Shooting (USA, Brazil) (En)
sms	96FB4D4B	Master of Darkness (Europe, Brazil) (En)
sms	6416F442	Master of the Labyrinth (World) (En,Fr) (Demo 1)
sms	124C7B8C	Master of the Labyrinth (World) (En,Fr) (Demo 2)
sms	93141463	Masters of Combat (Europe, Brazil) (En)
sms	31B8040B	Maze Hunter 3-D (USA, Europe, Brazil) (En)
sms	E0A8E408	Maze Hunter 3-D (USA, Europe, Brazil) (En) (Beta)
sms	871562B0	Maze Walker (Japan) (En)
sms	F8CE3CC3	Maze Walker (Japan) (En) (Sega 3D Classics)
sms	CB5C20FD	Mazy (World)
sms	D55761D1	Mazy 2 (World)
sms	9B29087B	Mega Man II (World) (Proto)
sms	7F667485	Mega Mode Super Game 138 (Korea)
sms	919B4B6E	Mega Mode Super Game 30 (Korea)
sms	29BC7FAD	Megumi Rescue (Japan) (En)
sms	E2F0FC48	Memoria Master (Brazil) (Mega Drive 4)
sms	D7416B83	Mercs (Europe, Brazil) (En)
sms	FAC1D0BC	Michael Jackson's Moonwalker (Taiwan) (En)
sms	53724693	Michael Jackson's Moonwalker (USA) (Auto Demo)
sms	56CC906B	Michael Jackson's Moonwalker (USA, Europe, Brazil) (En)
sms	54123936	Michael Jackson's Moonwalker (USA, Europe, Brazil) (En) (Beta)
sms	2B86BCD7	Mickey's Ultimate Challenge (Brazil) (En)
sms	A577CE46	Micro Machines (Europe)
sms	41CC2ADE	Micro Xevious, The (Korea) (En)
sms	364C06ED	Mieyen (World)
sms	52D73C83	Mina Terrestre (Brazil) (Mega Drive 4)
sms	1D918134	Mine Sweeper (World) (v1.1)
sms	67F67844	Minerador (Brazil) (Mega Drive 4)
sms	27E998E9	Minesweeper (World) (v1.03)
sms	EB6C0944	Mini MSX (World)
sms	0E333B6E	Miracle Warriors - Seal of The Dark Lord (USA, Europe, Brazil) (En)
sms	301A59AA	Miracle Warriors - Seal of The Dark Lord (USA, Europe, Brazil) (En) (Beta)
sms	FBE5CFBB	Missile Defense 3-D (USA, Europe, Brazil) (En)
sms	43DEF05D	Missile Defense 3-D (USA, Europe, Brazil) (En) (Sample)
sms	039539DF	Moggy Master (World)
sms	310E58A4	Monaco Master (World) (v2.8)
sms	DB0071CF	Monaco Master (World) (v2.9)
sms	91604ECA	Monaco Master (World) (v2.9.1)
sms	355330B6	Monaco Master (World) (v2.9.2)
sms	694F1FDC	Monaco Master (World) (v2.9.3)
sms	01D67C0B	Monica no Castelo do Dragao (Brazil)
sms	6E09AD59	Monkey Lad (World) (Proto 1)
sms	FF22DC27	Monkey Lad (World) (Proto 2)
sms	69538469	Monopoly (USA, Europe)
sms	7E9D87FC	Monopoly (USA, Europe) (Beta 1)
sms	E0D1049B	Monopoly (USA, Europe) (Beta 2)
sms	026D94A4	Monopoly (USA, Europe) (Rev A)
sms	7EACF20C	Monster Crunch (World)
sms	82FDA895	Montezuma's Revenge Featuring Panama Joe (USA)
sms	575D0FCF	Montezuma's Revenge Featuring Panama Joe (USA) (Beta)
sms	B49AA6FC	Mopiranger (Korea) (En)
sms	302DC686	Mortal Kombat (Europe, Brazil) (En)
sms	395AE757	Mortal Kombat 3 (Brazil) (En)
sms	2663BF18	Mortal Kombat II (Europe, Brazil) (En)
sms	E7024961	Move Your Feet (World) (Auto Demo)
sms	3CD816C6	Ms. Pac-Man (Europe, Brazil) (En)
sms	A70051A0	Ms. Pac-Man Classic (World)
sms	62F0C23D	My Hero (USA, Europe, Brazil) (En)
sms	332A847D	NBA Jam (Europe) (Proto)
sms	5B5F9106	Nekkyuu Koushien (Japan)
sms	E316C06D	Nemesis (Korea) (En)
sms	0A77FA5E	Nemesis 2 (Korea) (En)
sms	9B229F4D	Neuras (World)
sms	DBBF4DD1	New Boggle Boggle 2 (Korea) (En)
sms	C660FF34	NewZealand Story, The (Europe)
sms	82AE5ACD	Nine Pixels (World) (Auto Demo)
sms	320313EC	Ninja (Japan)
sms	8E74740E	Ninja Cat (World) (Proto)
sms	1B1D8CC2	Ninja Gaiden (Europe, Brazil) (En)
sms	761E9396	Ninja Gaiden (Europe, Brazil) (En) (Beta)
sms	2CD62DCA	Ninja, The (Taiwan) (Ja)
sms	66A15BD9	Ninja, The (USA, Europe, Brazil) (En)
sms	B6207F0D	Northen Ken (Taiwan) (Ja)
sms	74C3FFF2	Nouka Densetsu (World) (Ja)
sms	93330605	Nouka Densetsu (World) (Ja) (Easy Version)
sms	39CAF13B	Nyle in SokobanLand (World) (Demo 1)
sms	F32DB0F2	Nyle in SokobanLand (World) (Demo 2)
sms	D1A7B1AA	Olympic Gold (Brazil) (En,Fr,De,Es,It,Nl,Pt,Sv)
sms	6A5A1E39	Olympic Gold (Europe) (En,Fr,De,Es,It,Nl,Pt,Sv)
sms	E1222575	Ono (World) (v1.00)
sms	5885CE2C	Ono (World) (v1.01)
sms	BEA27D5C	Opa Opa (Japan) (En)
sms	205CAAE8	Operation Wolf (Europe, Brazil) (En)
sms	B8569995	Osotos (World)
sms	82EF2A7D	Ottifants, The (Europe, Brazil) (En,Fr,De,Es,It)
sms	5589D8D2	OutRun (World)
sms	D6F43DDA	OutRun 3-D (Europe, Brazil) (En)
sms	4E684EC0	OutRun 3-D (Europe, Brazil) (En) (Beta)
sms	B883C836	OutRun 3-D (Japan) (En) (Sega 3D Fukkoku Akaibusu)
sms	3932ADBC	OutRun Europa (Europe, Brazil) (En)
sms	95B9EA95	PGA Tour Golf (Europe)
sms	FEA4F771	Pac-Man (World) (v1.10)
sms	9725B67F	Pac-Man Master Museum (World) (v2.20)
sms	26AE2750	Pac-Man Master Museum (World) (v3.00)
sms	75419B59	Pac-Man Master Museum (World) (v3.10)
sms	BE57A9A5	Pac-Mania (Europe)
sms	CA5424E6	Palhacos (Brazil) (Mega Drive 4)
sms	354BEE78	Paper Boy (Taiwan) (En)
sms	294E0759	Paperboy (Europe)
sms	327A0B4C	Paperboy (USA, Brazil) (En)
sms	E030E66C	Parlour Games (USA, Europe)
sms	9AEFE664	Pat Riley Basketball (USA) (Proto)
sms	18D4CBC1	Pegged (World) (v1.00)
sms	AC08CF7E	Pegged (World) (v1.02)
sms	B860FFB5	Pegged (World) (v1.02b)
sms	445525E2	Penguin Adventure (Korea) (En)
sms	F97E9875	Penguin Land (USA, Europe)
sms	E177C97A	Pet Factory (World) (Proto)
sms	75971BEF	Phantasy Star (Brazil)
sms	6605D36A	Phantasy Star (Japan)
sms	07301F83	Phantasy Star (Japan) (Rev 1)
sms	747E83B5	Phantasy Star (Korea)
sms	E4A65E79	Phantasy Star (USA, Europe)
sms	00BEF1D7	Phantasy Star (USA, Europe) (Rev A)
sms	A1E090B9	Phantasy Star (World) (En) (Sega Ages)
sms	DF96F194	Phantasy Star (World) (Ja) (Sega Ages)
sms	CB72A916	Picross (World) (v1.00)
sms	1F0D38C1	Picross (World) (v1.01)
sms	60510CDB	Pictionary (World) (Demo 1)
sms	3C09AB5C	Pictionary (World) (Demo 2)
sms	C0AC6956	Pigu-Wang 7 Hap - Jaemiiss-neun Game Mo-eumjip (Korea)
sms	96E16FE4	Pili Zhan Jing (Taiwan) (En)
sms	AA4D4B5A	Pit-Fighter (Brazil) (En)
sms	B840A446	Pit-Fighter (Europe)
sms	519B4BB7	Pitman (World) (v1.02)
sms	CD45AD76	Pitman (World) (v1.03)
sms	CBDE2AE2	Pixner II (World)
sms	304C25E9	Platform Explorer (World) (v1.0)
sms	E7E5E1C7	Platform Explorer (World) (v2.0)
sms	49B62025	Platform Explorer (World) (v3.0)
sms	EB06D654	Pong (World) (v1.3)
sms	D0AEB198	Pong Kombat (World) (Proto)
sms	3879AC1B	Pong Master (World) (Proto)
sms	CA082218	Pooyan (Korea) (En)
sms	C7A1FDEF	Populous (Europe, Brazil) (En)
sms	929F5D71	Porkpolis (World)
sms	ABD48AD2	Poseidon Wars 3-D (USA, Europe, Brazil) (En)
sms	6D309AC5	Power Boggle Boggle (Korea) (En)
sms	4077EFD9	Power Strike (USA, Europe, Brazil) (En)
sms	A109A6FE	Power Strike II (Europe, Brazil) (En)
sms	7778E256	Ppang Gongjang (Korea) (En)
sms	2B54C82B	Predator 2 (Brazil) (En)
sms	0047B615	Predator 2 (Europe)
sms	7CC67096	Primates (World) (Proto)
sms	7704287D	Prince of Persia (Europe, Brazil) (En)
sms	CAFD2D83	Prince of Persia (Taiwan) (En)
sms	623B546F	Prisonnier II (World) (v1.00)
sms	BE0B3550	Prisonnier II (World) (v1.03)
sms	FBDE42D3	Pro Wrestling (USA, Europe, Brazil) (En)
sms	DA9BE8F0	Pro Yakyuu, The - Pennant Race (Japan)
sms	F87896FF	Proof of Bubbles (World) (Proto)
sms	5C0B1F0F	Psychic World (Europe, Brazil) (En)
sms	97993479	Psycho Fox (USA, Europe, Brazil) (En)
sms	4BF0E1CC	Psycho Fox (USA, Europe, Brazil) (En) (Beta)
sms	357D4F78	Putt & Putter (Europe, Brazil) (En)
sms	8167CCC4	Putt & Putter (Europe, Brazil) (En) (Beta)
sms	76E8265F	Puzzle Game (Korea) (En)
sms	705C8342	Pyramid Escape (World)
sms	9BB83EA6	Pyramid Escape (World) (v1.2.1)
sms	CACDF759	Quartet (Taiwan) (En)
sms	E0F34FA6	Quartet (USA, Europe)
sms	F42E145C	Quest for the Shaven Yak Starring Ren Hoek & Stimpy (Brazil) (En)
sms	E532716F	R-Type (Taiwan) (En)
sms	BB54B6B0	R-Type (World)
sms	0D0840D5	R-Type (World) (Beta)
sms	54316FEA	R.C. Grand Prix (USA, Europe, Brazil) (En)
sms	767F11B8	R.C. Grand Prix (USA, Europe, Brazil) (En) (Beta)
sms	1DE6D729	Racer (World) (v1.00)
sms	DAD7C8AF	Racer (World) (v1.12)
sms	4E17F630	Racer - Easter Edition (World)
sms	4F6EBFDC	Racer Rebooted (World)
sms	84FB757E	Racer Rebooted (World) (Beta)
sms	00EC173A	Rainbow Islands (Brazil) (En)
sms	C172A22C	Rainbow Islands (Europe)
sms	BBDA65F0	Rambo - First Blood Part II (USA)
sms	DA5A7013	Rambo III (USA, Europe, Brazil) (En)
sms	42FC47EE	Rampage (USA, Europe, Brazil) (En)
sms	0E0D6C7A	Rampage (USA, Europe, Brazil) (En) (Beta)
sms	426E5C8A	Rampart (Europe)
sms	26D6C74A	Raposa do Sol (World) (Proto)
sms	FD72AFA4	Rassak's Retribution (World) (Proto)
sms	C547EB1B	Rastan (USA, Europe, Brazil) (En)
sms	F063BFC8	Rastan (USA, Europe, Brazil) (En) (Beta)
sms	6D94BB0E	Reggie Jackson Baseball (USA)
sms	3BE7F641	Renegade (Europe, Brazil) (En)
sms	BC6AC56D	Rental Car (World) (Proto)
sms	79AC8E7F	Rescue Mission (USA, Europe, Brazil) (En)
sms	532AEFAF	Ring Dash SMS (World)
sms	3850F198	Ring Dash SMS (World) (v1.01)
sms	A1E883FC	Ring Dash SMS (World) (v1.02)
sms	1FE7F34E	River Strike (World) (Proto 1)
sms	941A2E8F	River Strike (World) (Proto 2)
sms	FE99F11F	River Strike - Tyrian Edition (World) (Proto)
sms	B4E626E2	Road Blaster (World) (Auto Demo)
sms	8034BD27	Road Fighter (Korea) (En)
sms	31035323	Road Fighter (World) (v1.2)
sms	B876FC74	Road Rash (Europe, Brazil) (En)
sms	F61874C9	Robbyie (World) (Proto)
sms	9F951756	RoboCop 3 (Europe, Brazil) (En)
sms	8212B754	RoboCop Versus The Terminator (Europe, Brazil) (En)
sms	1BCC7BE3	Rocky (World)
sms	F51AFFF6	Roojliek (World)
sms	1FDAE719	Running Battle (Europe, Brazil) (En)
sms	F4E44D46	Ruptus (World)
sms	1DE2C2D0	SDI (Japan) (En)
sms	34AD1D24	SKBN (World) (v1.0)
sms	C08CFFF6	SKBN (World) (v1.1)
sms	D3068D6D	SKBN (World) (v1.2)
sms	1D811C2A	SKBN (World) (v1.3)
sms	2EA2517A	SKBN (World) (v1.4)
sms	0BACFDE4	SKBN (World) (v2.0)
sms	A0440666	SMS 3-D Demo (World)
sms	AD31C5FF	SMS Boot Loader (World)
sms	B36C9F41	SMS Capture GO (World)
sms	1ABF0172	SMS Chip-8 Interpreter (World) (Proto)
sms	837DF008	SMS FMV Demonstration (World) (Auto Demo) (4x2 Version)
sms	63C8AF34	SMS FMV Demonstration (World) (Auto Demo)
sms	EA766665	SMS Palette (World)
sms	72506A85	SMS Power 7th Anniversary (World) (Auto Demo)
sms	93DEF889	SMS-A-Sketch (World) (Demo 1)
sms	7A570531	SMS-A-Sketch (World) (Demo 2)
sms	EB246027	SMS-A-Sketch (World) (Demo 3)
sms	66388128	Sagaia (Europe, Brazil) (En)
sms	29610B58	Sagaia (Taiwan) (En)
sms	643B6B76	Sagak-ui Bimil (Korea) (En)
sms	97D03541	Samgukji III - Cheonha Jaengpae (Korea)
sms	0E7A5F9F	Sapo Xule - O Mestre do Kung Fu (Brazil)
sms	7AB2946A	Sapo Xule - S.O.S. Lagoa Poluida (Brazil, Portugal) (En)
sms	9A608327	Sapo Xule vs. Os Invasores do Brejo (Brazil)
sms	16249E19	Satellite 7 (Japan) (En)
sms	99929833	Schlange CV (World) (Demo 1)
sms	35E29438	Schlange CV (World) (Demo 2)
sms	97E5BB7D	Schtroumpfs Autour du Monde, Les (Europe) (En,Fr,De,Es)
sms	7982AE67	Schtroumpfs Autour du Monde, Les (Europe) (En,Fr,De,Es) (Beta)
sms	C6BF7709	Scope (World) (v1.0)
sms	CAFC5493	Scope (World) (v1.1)
sms	9A8B28EC	Scramble Spirits (Europe, Brazil) (En)
sms	B45D4700	Scramble Spirits (Europe, Brazil) (En) (Beta)
sms	7D59283B	Scramble Spirits (Taiwan) (En)
sms	00529114	Secret Command (Europe)
sms	89EFCC22	Secret Command (Taiwan) (En)
sms	A8061AEF	Sega Chess (Europe, Brazil) (En)
sms	276AA542	Sega Graphic Board (USA) (v2.0) (Proto)
sms	F97C47A0	Sega Tween (World) (Auto Demo)
sms	B0131D77	Sega Tween 3D (World)
sms	296879DD	Sega World Tournament Golf (Europe, Brazil) (En)
sms	6992073D	Segle (World) (Proto)
sms	F0BA2BC6	Seishun Scandal (Japan) (En)
sms	C92D2101	Senha (Brazil) (Mega Drive 4)
sms	F8176918	Sensible Soccer (Europe)
sms	AB67C6BD	Shadow Dancer (Taiwan) (En)
sms	3793C01A	Shadow Dancer - The Secret of Shinobi (Europe, Brazil) (En)
sms	1575581D	Shadow of the Beast (Europe, Brazil) (En)
sms	AC2EA669	Shadow of the Beast (Taiwan) (En)
sms	AAB67EC3	Shanghai (USA, Europe)
sms	D5D25156	Shanghai (USA, Europe) (Beta)
sms	E1FFF1BB	Shinobi (Japan, Brazil) (En)
sms	0C6FAC4E	Shinobi (USA, Europe, Brazil) (En) (Rev 1)
sms	EF2D3069	Shootagem (World)
sms	4B051022	Shooting Gallery (USA, Europe, Brazil) (En)
sms	D0955EB8	Shooting Stars (World)
sms	2774B5CC	Silver Valley (World)
sms	9E158A4A	Simon the Snake (World) (Proto)
sms	E66C6EB3	Simpsons Trivia (World) (v1.00)
sms	B308015E	Simpsons Trivia (World) (v1.01)
sms	8A915056	Simpsons Trivia (World) (v1.02)
sms	F44061E1	Simpsons Trivia (World) (v2.0)
sms	D1CC08EE	Simpsons, The - Bart vs. The Space Mutants (Europe, Brazil) (En)
sms	F6B2370A	Simpsons, The - Bart vs. The World (Europe, Brazil) (En)
sms	ABDF3923	Sitio do Picapau Amarelo (Brazil)
sms	40EEC164	Skazka (World) (v1.0)
sms	47AB1630	Skazka (World) (v2.0)
sms	8D93CDD2	Ski Master (World) (v1.0)
sms	E8FF9180	Ski Master (World) (v1.0.1)
sms	77BA2667	Sky Fighter (Korea) (En)
sms	E3F260CA	Sky Jaguar (Korea) (En) (HiCom)
sms	5B8E65E4	Sky Jaguar (Korea) (En) (Samsung)
sms	FBB0A92A	Slap Shoot (USA) (Beta)
sms	C93BD0E9	Slap Shot (Europe)
sms	D33B296A	Slap Shot (Europe) (Sample)
sms	702C3E98	Slap Shot (USA, Europe, Brazil) (En)
sms	3E63768A	Smurfs, The (Europe, Brazil) (En,Fr,De,Es)
sms	72AA347C	Snail II (World) (Auto Demo)
sms	70F8D0F3	Snail II (World) (Auto Demo) (PAL)
sms	99634C20	Snake (World) (C.Allard)
sms	C17BFDAD	Snake (World) (v1.00) (under4mhz)
sms	F6B17048	Snake (World) (v1.01) (under4mhz)
sms	DAB72439	Snake (World) (v1.02) (under4mhz)
sms	995F8FD2	Snake (World) (v1.04) (under4mhz)
sms	CDD3BD45	Snepzhen Solitaire (World) (Proto)
sms	E2E2CC24	Soko Master (World)
sms	11645549	Solomon no Kagi - Oujo Rihita no Namida (Japan)
sms	92DC4CD6	Solomon no Kagi - Oujo Rihita no Namida (Japan) (Beta)
sms	96B3F29E	Sonic Blast (Brazil) (En)
sms	AEDF3BDF	Sonic Chaos (Europe, Brazil) (En)
sms	D3AD67FA	Sonic Chaos (Europe, Brazil) (En) (Beta 1)
sms	765234D8	Sonic Chaos (Europe, Brazil) (En) (Beta 2)
sms	11C1BC8A	Sonic Spinball (Europe, Brazil) (En)
sms	B519E833	Sonic The Hedgehog (USA, Europe, Brazil) (En)
sms	5B3B922C	Sonic The Hedgehog 2 (Europe, Brazil) (En)
sms	D6F2BFCA	Sonic The Hedgehog 2 (Europe, Brazil) (En) (Rev 1)
sms	D9096263	Sonic's Edusoft (Europe) (Proto)
sms	B2F9E6F3	Sonik Gem Dash (World)
sms	A908CFF5	Space Gun (Europe)
sms	CA1D3752	Space Harrier (Europe)
sms	BEDDF80E	Space Harrier (Japan, USA) (En)
sms	6BD5C2BF	Space Harrier 3-D (USA, Europe, Brazil) (En)
sms	156948F9	Space Harrier 3D (Japan) (En)
sms	AADEDDF0	Space Hawks (World) (Proto)
sms	4C3D2616	Space Tonbow (World) (v1.1)
sms	4145D432	Speccies 2 (World)
sms	FA8E4CA0	Special Criminal Investigation (Europe)
sms	1B7D2A20	Special Criminal Investigation (Europe) (Beta)
sms	A57CAD18	Speedball (Europe)
sms	5CCC1A65	Speedball (Europe) (Rev 1)
sms	5FB93FD5	Speedball (World) (Evercade)
sms	0C7366A0	Speedball 2 (Europe)
sms	4752CAE7	SpellCaster (USA, Europe, Brazil) (En)
sms	908FF25C	Spider-Man (USA, Europe, Brazil) (En)
sms	EBE45388	Spider-Man - Return of the Sinister Six (Europe, Brazil) (En)
sms	E42E4998	Sports Pad Football (USA)
sms	41C948BF	Sports Pad Soccer (Japan) (En)
sms	D41B9A08	Spy vs Spy (Japan) (En)
sms	689F58A2	Spy vs Spy (Taiwan) (En)
sms	78D7FAAB	Spy vs Spy (USA, Europe, Brazil) (En)
sms	F28CD77C	Stalactites (World) (v0.7) (Proto)
sms	D4B8F66D	Star Wars (Europe, Brazil) (En)
sms	0F8287EC	Street Fighter II' (Brazil) (En)
sms	83F0EEDE	Street Master (Korea) (En)
sms	4AB3790F	Streets of Rage (Europe, Brazil) (En)
sms	04E9C089	Streets of Rage II (Europe, Brazil) (En)
sms	9802ED31	Strider (USA, Europe, Brazil) (En)
sms	B8F0915A	Strider II (Europe, Brazil) (En)
sms	63A7F906	Strider, The (Taiwan) (En)
sms	C0F7BCB7	Stygian Quest (World) (En,Fr) (v1.9)
sms	06A41EFD	Sub Rescue (World) (Proto)
sms	832DDD09	Sub-Assault (World) (v1.4.1)
sms	D8F2F1B9	Submarine Attack (Europe, Brazil) (En)
sms	D282EF71	Submarine Attack (Taiwan) (En)
sms	814C08D1	Sudoku (Brazil) (Mega Drive 4)
sms	B4F2A97E	Sudoku (World) (Proto)
sms	01686D67	Suho Jeonsa (Korea)
sms	B13DF647	Sukeban Deka II - Shoujo Tekkamen Densetsu (Japan)
sms	8DA5C93F	Summer Games (Europe, Brazil) (En)
sms	4F530CB2	Summer Games (Europe, Brazil) (En) (Beta 1)
sms	80EB1FFF	Summer Games (Europe, Brazil) (En) (Beta 2)
sms	C9DD4E5F	Super Arkanoid (Korea) (En)
sms	0DBF3B4A	Super Basketball (USA) (Auto Demo)
sms	A66D26CF	Super Bioman I (Korea) (En)
sms	B995B4F0	Super Boy 4 (Korea) (En)
sms	BF5A994A	Super Boy I (Korea) (En)
sms	67C2F0FF	Super Boy II (Korea) (En)
sms	9195C34C	Super Boy III (Korea) (En)
sms	22C09CFD	Super Bubble Bobble (Korea) (En)
sms	6CE7F694	Super Columns & Tetris (Korea) (En)
sms	551E6F51	Super Futebol II (Brazil)
sms	1B8956D1	Super Game 150 (Korea)
sms	4E202AA2	Super Game 180 (Korea)
sms	EDB13847	Super Game 45 (Korea)
sms	A841C0B7	Super Game 52 Hap (Korea)
sms	0CDE0938	Super Game World 30 Hap (Korea) (v1.0)
sms	E6AD4D4B	Super Game World 30 Hap (Korea) (v1.1)
sms	C29BB8CD	Super Game World 75 Hap (Korea)
sms	7F7B568D	Super Golf (Europe) (Beta)
sms	406AA0C2	Super Kick Off (Europe, Brazil) (En,Fr,De,Es,It,Nl,Pt,Sv)
sms	55BF81A0	Super Monaco GP (Europe, Brazil) (En)
sms	A1D6D963	Super Monaco GP (Europe, Brazil) (En) (Beta)
sms	3EF12BAA	Super Monaco GP (USA)
sms	DD7ADBCC	Super Monaco GP (USA) (Beta 1)
sms	3753CC95	Super Monaco GP (USA) (Beta 2)
sms	EB7790DE	Super Multi Game - Super 125 in 1 (Korea)
sms	660BF6EC	Super Multi Game - Super 75 in 1 (Korea)
sms	54F68C2A	Super Off Road (Europe)
sms	CE8D6846	Super Off Road (Europe) (Beta)
sms	53D742DB	Super Penguin (Korea)
sms	7E0EF8CB	Super Racing (Japan) (En)
sms	E0B1AFF8	Super Smash T.V. (Europe)
sms	1D6244EE	Super Space Invaders (Europe)
sms	914514E3	Super Tennis (USA, Europe)
sms	BD1CC7DF	Super Tetris (Taiwan) (En)
sms	D9EC4D01	Super Wild War '22 (World)
sms	B1DA6A30	Super Wonder Boy - Monster World (Japan)
sms	6F9AC98F	Superman - The Man of Steel (Europe, Brazil) (En)
sms	AC0CC0CA	Sushi Nights (World) (v1.00)
sms	AE25C95E	Sushi Nights (World) (v1.01)
sms	AD1D1B48	Sushi Nights (World) (v1.02)
sms	2C03BB6E	Sushi Nights (World) (v1.03)
sms	723D4880	Sushi Nights (World) (v1.04)
sms	1F698972	Sushi Nights (World) (v1.05)
sms	F4804329	Sutoroku (World) (Proto)
sms	B94BD12F	Svellas (World)
sms	3616F446	Sword Strike (World) (Proto)
sms	E3060500	Sydney Hunter - The Sacred Tribe (World)
sms	F952505F	Sydney Hunter - The Sacred Tribe (World) (Evercade)
sms	93CA8152	T2 - The Arcade Game (Europe)
sms	FF69EF37	Tails Adventures - SMS Deluxe (World) (v1.5c)
sms	85CFC9C9	Taito Chase H.Q. (Europe)
sms	1CDCF415	Taito Chase H.Q. (Europe) (Beta)
sms	D72EAEA6	Tangram (Brazil) (Mega Drive 4)
sms	42D911F3	Tank Battalion (Korea) (En)
sms	11CE074C	Taz in Escape from Mars (Brazil) (En)
sms	7CC3E837	Taz-Mania (Europe, Brazil) (En)
sms	1B312E04	Taz-Mania (Europe, Brazil) (En) (Beta)
sms	96E75F48	Tecmo World Cup '92 (Europe) (Beta)
sms	5A1C3DDE	Tecmo World Cup '93 (Europe)
sms	2728FAA3	Teddy Boy (USA, Europe, Brazil) (En)
sms	316727DD	Teddy Boy Blues (Japan) (En)
sms	D7508041	Teddy Boy Blues (Japan) (En) (Beta) (Ep-MyCard)
sms	1A390B93	Tennis Ace (Europe, Brazil) (En)
sms	8132AB2C	Tensai Bakabon (Japan)
sms	AC56104F	Terminator 2 - Judgment Day (Europe)
sms	E3D5CE9A	Terminator, The (Brazil) (En)
sms	EDC5C012	Terminator, The (Europe)
sms	A0BF829B	Tetracycline (World) (Proto)
sms	8640E7E8	Three Dragon Story, The (Korea) (En)
sms	C0CE19B1	Thunder Blade (Japan) (En)
sms	98CF1254	Thunder Blade (Taiwan) (En)
sms	AE920E4B	Thunder Blade (USA, Europe, Brazil) (En)
sms	BAB9533B	Thunder Blade (USA, Europe, Brazil) (En) (Beta)
sms	51BD14BE	Time Soldiers (USA, Europe, Brazil) (En)
sms	44D0DF0C	Tiny Caveman (World) (Proto)
sms	0C2FC2DE	Tom & Jerry (Europe, Brazil) (En) (Beta)
sms	BF7B7285	Tom and Jerry - The Movie (Europe, Brazil) (En)
sms	4F8D75EC	Toto World 3 (Korea) (En)
sms	4BC42857	TransBot (USA, Europe, Brazil) (En)
sms	58B99750	TransBot (USA, Europe, Brazil) (En) (Beta)
sms	E624B9E7	Triangle Puzzle (World) (v1.4)
sms	E5374022	Trivial Pursuit - Genus Edition (Europe) (En,Fr,De,Es)
sms	178801D2	Ttoriui Moheom (Korea) (En)
sms	22CCA9BB	Turma da Monica em - O Resgate (Brazil)
sms	B52D60C8	Ultima IV - Quest of the Avatar (Europe, Brazil) (En)
sms	DE9F8517	Ultima IV - Quest of the Avatar (Europe, Brazil) (En) (Beta)
sms	C75B7E8B	Ultimate Dungeon Escape (World) (Proto)
sms	15668CA4	Ultimate Soccer (Europe, Brazil) (En,Fr,De,Es,It)
sms	BB7B7582	Undertale - The Ruins (World)
sms	81E6A219	VG Fighter (World) (Proto)
sms	20F40CAE	Vampire (Europe, Brazil) (En) (Beta)
sms	B45D035D	Van Halen (World) (Demo 1)
sms	49D80029	Van Halen (World) (Demo 2)
sms	96193A36	Versus (World) (v1.00)
sms	01C52E33	Versus (World) (v1.01)
sms	9B0B6AD9	Versus (World) (v1.02)
sms	E0A225DA	Vexed (World) (v1.00)
sms	BD34D592	Vexed (World) (v1.03)
sms	47C39BAC	Vexed (World) (v1.15)
sms	49007FD6	Video Poker (World) (Proto)
sms	DFB0B161	Vigilante (USA, Europe, Brazil) (En)
sms	57F1545B	Virtua Fighter Animation (Brazil) (En)
sms	76A1D277	Voyage - A Sorceress' Vacation (World) (v1.05) (Digital)
sms	2DB21448	WWF Wrestlemania - Steel Cage Challenge (Europe, Brazil) (En)
sms	2DBA6AF7	Wah Munchers (World) (Proto)
sms	195C3F78	Waimanu - Scary Monsters Saga (World)
sms	3D55759B	Walter Payton Football (USA)
sms	5359762D	Wanted (USA, Europe, Brazil) (En)
sms	6078CCDD	Waternet (World)
sms	54B2FCF8	Weka Invaders (World)
sms	BE34AE87	Whack 'Em Smack 'Em Byrons Remarked (World)
sms	D5EDF621	Where Is It (World)
sms	88AA8CA6	Where in the World is Carmen Sandiego (Brazil)
sms	428B1E7C	Where in the World is Carmen Sandiego (USA)
sms	B14B6195	Wimbledon (Brazil) (En)
sms	912D92AF	Wimbledon (Europe)
sms	7F3AFE58	Wimbledon II (Europe, Brazil) (En)
sms	A1B7E4D7	Wing Warriors (World)
sms	77390425	Wing Warriors (World) (Beta 1)
sms	EC1ACCDC	Wing Warriors (World) (Beta 2)
sms	14E13A82	Wing Warriors (World) (Beta 3)
sms	11D3D834	Wing Warriors (World) (v1.01)
sms	B930E0CF	Wing Warriors (World) (v1.02)
sms	2FEC2B4A	Winter Olympics (Brazil) (En,Fr,De,Es,It,Pt,Sv,No)
sms	A20290B6	Winter Olympics (Europe) (En,Fr,De,Es,It,Pt,Sv,No)
sms	75600FDE	Winter Shooter (World) (Proto)
sms	1F8EFA1D	Wolfchild (Europe, Brazil) (En)
sms	DD940CDF	Wolfenstein (World) (v1.16)
sms	E2FCB6F3	Wonder Boy (Japan, Europe) (En)
sms	73705C02	Wonder Boy (USA, Europe, Brazil) (En) (Rev 1)
sms	679E1676	Wonder Boy III - The Dragon's Trap (USA, Europe)
sms	525F4F3D	Wonder Boy III - The Dragon's Trap (World) (Digital)
sms	8CBEF0C1	Wonder Boy in Monster Land (USA, Europe)
sms	8312C429	Wonder Boy in Monster Land (USA, Europe) (Beta)
sms	7D7CE80B	Wonder Boy in Monster World (Europe)
sms	81BFF9BB	Wonder Boy in Monster World (Europe) (Beta)
sms	5E7B18C8	Wonder Kid (Korea) (En)
sms	A05258F5	Wonsiin (Korea) (En)
sms	315917D4	Woody Pop - Shinjinrui no Block Kuzushi (Japan) (En)
sms	C9A449B7	World Class Leaderboard (Europe, Brazil) (En)
sms	6E1AD6FD	World Cup Italia '90 (Europe, Brazil) (En)
sms	A6BF8F9E	World Cup USA 94 (Europe, Brazil) (En,Fr,De,Es,It,Nl,Pt,Sv)
sms	A2A60BC8	World Games (Europe, Brazil) (En)
sms	914D3FC4	World Games (Europe, Brazil) (En) (Beta)
sms	4AAAD0D6	World Grand Prix (Europe)
sms	7B369892	World Grand Prix (USA, Brazil) (En)
sms	B5A9F824	World Grand Prix (USA, Brazil) (En) (Beta)
sms	58BA01DB	World Soccer (Brazil) (Master System Evolution)
sms	72112B75	World Soccer (World)
sms	3E1387F6	X-Men - Mojo World (Brazil) (En)
sms	5C205EE1	Xenon 2 - Megablast (Europe)
sms	EC726C0D	Xenon 2 - Megablast (Europe) (Rev 1)
sms	D47F5C89	Xenon 2 - Megablast (Taiwan) (En)
sms	565C799F	Xyzolog (Korea) (En)
sms	07302DD3	Yewdow (World)
sms	9BDD1D3F	Yokai Ninja (World) (v1.04c)
sms	32759751	Ys (Japan)
sms	B33E2827	Ys - The Vanished Omens (USA, Europe, Brazil) (En)
sms	1203AFC9	Yuyryeong-ui Jip (Korea) (En)
sms	A3EF13CB	Zaxxon 3-D (World)
sms	BBA74147	Zaxxon 3-D (World) (Beta)
sms	E6C9C046	Zemina Best 25 (Korea)
sms	D8169FE2	Zemina Best 39 (Korea)
sms	3C339D9E	Zemina Best 88 (Korea)
sms	7CD51467	Zemina Rompack - Q-Bert + Sports 3 + Gulkave + Pooyan (Korea)
sms	A7B9D003	Ziggurat 3D (World)
sms	7BA54510	Zillion (Europe, Brazil) (En) (Rev 2)
sms	60C19645	Zillion (Japan, Europe) (En)
sms	5718762C	Zillion (USA, Europe) (Rev 1)
sms	2F2E3BC9	Zillion II - The Tri Formation (World)
sms	5B1CF392	Zillion II - The Tri Formation (World) (Beta)
sms	B4D34222	Zombi Terror (World) (v1.00)
sms	ADEDDE6A	Zombi Terror (World) (v1.01)
sms	1AEE5168	Zombi Terror (World) (v1.02)
sms	9D9D0A5F	Zool - Ninja of the 'Nth' Dimension (Europe)
sms	EFBA05FC	robotfindskitten (World) (Proto)
gg	F85A8CE8	5 in One FunPak (USA)
gg	1D17D2A0	Aa Harimanada (Japan)
gg	1D01F999	Addams Family, The (World)
gg	BB4F23FF	Adventures of Batman & Robin, The (USA, Europe, Brazil) (En)
gg	ACCE0D15	Adventures of Batman & Robin, The (USA, Europe, Brazil) (En) (Beta 1)
gg	14867057	Adventures of Batman & Robin, The (USA, Europe, Brazil) (En) (Beta 2)
gg	50376471	Adventures of Batman & Robin, The (USA, Europe, Brazil) (En) (Beta 3)
gg	E57566F3	Adventures of Batman & Robin, The (USA, Europe, Brazil) (En) (Beta 4)
gg	A9CF66ED	Adventures of Batman & Robin, The (USA, Europe, Brazil) (En) (Beta 5)
gg	C403264A	Adventures of Batman & Robin, The (USA, Europe, Brazil) (En) (Beta 6)
gg	50C2F1AD	Adventures of Batman & Robin, The (USA, Europe, Brazil) (En) (Beta 7)
gg	FC916FD7	Adventures of Batman & Robin, The (USA, Europe, Brazil) (En) (Beta 8)
gg	3E549B7A	Aerial Assault (World)
gg	04FE6DDE	Aerial Assault (World) (Rev 1)
gg	FE76BEB0	Aerial Mini (World)
gg	770E95E1	Aladdin (Japan) (En)
gg	7A41C1DC	Aladdin (USA, Europe, Brazil) (En)
gg	5B1F717F	Aladdin (USA, Europe, Brazil) (En) (Beta 1)
gg	8A1693AB	Aladdin (USA, Europe, Brazil) (En) (Beta 2)
gg	75A7F142	Aladdin (USA, Europe, Brazil) (En) (Beta 3)
gg	06F6EEBB	Alien 3 (Japan) (En)
gg	11A68C08	Alien 3 (USA, Europe)
gg	BB5E10E0	Alien Syndrome (Europe)
gg	FFE4ED47	Alien Syndrome (Japan) (En)
gg	46C9FA3E	Andre Agassi Tennis (USA)
gg	F167028E	Andre Agassi Tennis (USA) (Beta)
gg	B781327E	Antiair Mini (World)
gg	3DECA813	Arcade Classics (USA)
gg	F0204191	Arch Rivals - The Arcade Game (USA)
gg	152F0DCC	Archer Maclean's Dropzone (Europe)
gg	7CB3FACF	Arena (USA, Europe)
gg	97E3A18C	Ariel - The Little Mermaid (USA, Europe, Brazil) (En)
gg	35FA3F68	Arliel - Crystal Densetsu (Japan)
gg	0765A5F1	Ascend Mini (World)
gg	328C5CC8	Asterix and the Great Rescue (Europe) (En,Fr,De,Es,It)
gg	31BD3D8A	Asterix and the Great Rescue (USA) (Beta 3)
gg	FAF09846	Asterix and the Great Rescue (USA) (Beta 4)
gg	66D8EB63	Asterix and the Great Rescue (USA) (Beta 5)
gg	BA45F00F	Asterix and the Great Rescue (USA) (En,Fr,De,Es,It) (Beta 1)
gg	1E8D735C	Asterix and the Great Rescue (USA) (En,Fr,De,Es,It) (Beta 2)
gg	78208B40	Asterix and the Great Rescue (USA, Brazil) (En)
gg	C01A8051	Asterix and the Secret Mission (Europe) (En,Fr,De)
gg	663BCF8A	Ax Battler - A Legend of Golden Axe (USA, Europe, Brazil) (En)
gg	3435AB54	Ax Battler - A Legend of Golden Axe (USA, Europe, Brazil) (En) (Beta)
gg	DFCF555F	Ax Battler - Golden Axe Densetsu (Japan)
gg	661FAEFF	Ayrton Senna's Super Monaco GP II (Japan)
gg	7687CE09	Ayrton Senna's Super Monaco GP II (Japan) (Rev 1)
gg	1D1B1DD3	Ayrton Senna's Super Monaco GP II (USA, Europe, Brazil) (En)
gg	6AFB8EC6	Ayrton Senna's Super Monaco GP II (USA, Europe, Brazil) (En) (Beta)
gg	10AC9374	Baku Baku (Europe)
gg	8D8BFDC4	Baku Baku (USA)
gg	7174B802	Baku Baku Animal - Sekai Shiikugakari Senshu-ken (Japan)
gg	03A0CE9E	Barbie Super Model (USA) (Proto)
gg	618B19E2	Batman Forever (World)
gg	7AC4A3CA	Batman Returns (World)
gg	16448209	Batter Up (USA)
gg	E9987511	Battleship - The Classic Naval Combat Game (USA)
gg	CB3CD075	Battletoads (Japan, Europe) (En)
gg	817CC0CA	Battletoads (USA)
gg	6287B42E	Battlot Mini (World)
gg	A6BF865E	Beavis and Butt-Head (USA, Europe)
gg	3858F14F	Beavis and Butt-Head (USA, Europe) (Beta)
gg	A4BB9FFB	Berenstain Bears' Camping Adventure, The (USA)
gg	75A7A8CA	Berenstain Bears' Camping Adventure, The (USA) (Beta 1)
gg	F8F11B2A	Berenstain Bears' Camping Adventure, The (USA) (Beta 10)
gg	D0971F78	Berenstain Bears' Camping Adventure, The (USA) (Beta 11)
gg	177D65AC	Berenstain Bears' Camping Adventure, The (USA) (Beta 12)
gg	F61AC1E8	Berenstain Bears' Camping Adventure, The (USA) (Beta 13)
gg	B73486D6	Berenstain Bears' Camping Adventure, The (USA) (Beta 14)
gg	E07B865E	Berenstain Bears' Camping Adventure, The (USA) (Beta 15)
gg	167A4AF6	Berenstain Bears' Camping Adventure, The (USA) (Beta 16)
gg	217B1EF0	Berenstain Bears' Camping Adventure, The (USA) (Beta 17)
gg	FCF47BC9	Berenstain Bears' Camping Adventure, The (USA) (Beta 2)
gg	A279C6BC	Berenstain Bears' Camping Adventure, The (USA) (Beta 3)
gg	FFBF5ABE	Berenstain Bears' Camping Adventure, The (USA) (Beta 4)
gg	112B123F	Berenstain Bears' Camping Adventure, The (USA) (Beta 5)
gg	882B8F53	Berenstain Bears' Camping Adventure, The (USA) (Beta 6)
gg	50D400B8	Berenstain Bears' Camping Adventure, The (USA) (Beta 7)
gg	81A5E68F	Berenstain Bears' Camping Adventure, The (USA) (Beta 8)
gg	0E676927	Berenstain Bears' Camping Adventure, The (USA) (Beta 9)
gg	325B1797	Berlin no Kabe (Japan)
gg	F5DEB770	Bishoujo Mahjong Puzzle (Japan)
gg	FE7374D2	Bishoujo Senshi Sailor Moon S (Japan)
gg	7FD721F6	Black Castle (World)
gg	EE80F563	Black Castle (World) (v1.1)
gg	BFCEBA5F	Bonkers Wax Up! (USA, Europe)
gg	777DFD80	Bonkers Wax Up! (USA, Europe) (Beta 1)
gg	9907A738	Bonkers Wax Up! (USA, Europe) (Beta 10)
gg	91258ADC	Bonkers Wax Up! (USA, Europe) (Beta 11)
gg	9A405D0D	Bonkers Wax Up! (USA, Europe) (Beta 12)
gg	6D295894	Bonkers Wax Up! (USA, Europe) (Beta 13)
gg	85510A57	Bonkers Wax Up! (USA, Europe) (Beta 2)
gg	DAB43F8F	Bonkers Wax Up! (USA, Europe) (Beta 3)
gg	1B081950	Bonkers Wax Up! (USA, Europe) (Beta 4)
gg	EB3F22C2	Bonkers Wax Up! (USA, Europe) (Beta 5)
gg	AD6A62FA	Bonkers Wax Up! (USA, Europe) (Beta 6)
gg	63429025	Bonkers Wax Up! (USA, Europe) (Beta 7)
gg	C2229B6E	Bonkers Wax Up! (USA, Europe) (Beta 8)
gg	EDAF25E7	Bonkers Wax Up! (USA, Europe) (Beta 9)
gg	58233B4A	Bootskell Mini (World)
gg	69EBE5FA	Bram Stoker's Dracula (Europe)
gg	D966EC47	Bram Stoker's Dracula (USA)
gg	64D7A694	BreakThru! (USA) (Proto)
gg	FBA338C5	Bubble Bobble (USA)
gg	BE2DC770	Bubble Bobble (USA) (Beta)
gg	5C34D9CD	Bugs Bunny in Double Trouble (USA, Europe)
gg	A7A9DD46	Burger Kitchen (Japan)
gg	C90F29EF	Bust-A-Move (USA)
gg	7CB079D0	Buster Ball (Japan)
gg	A72A1753	Buster Fight (Japan)
gg	72981057	CJ Elephant Fugitive (USA, Europe)
gg	3ACE6335	CJ Elephant Fugitive (USA, Europe) (Beta)
gg	D1880CCA	Cacorm Mini (World)
gg	C53B60B8	Caesars Palace (USA)
gg	5675DFDD	Captain America and the Avengers (USA)
gg	F6A697F8	Car Licence (Japan)
gg	2B732056	Casino FunPak (USA)
gg	59840FD6	Castle of Illusion Starring Mickey Mouse (USA, Europe, Brazil) (En)
gg	CC521975	Cave Dude (USA) (Proto)
gg	7EC76EC0	Cavit Mini (World)
gg	DFC7ADC8	Chakan (USA, Europe)
gg	E21D2A88	Championship Hockey (Europe)
gg	C8381DEF	Chase H.Q. (USA)
gg	4E78FD36	Cheese Cat-Astrophe Starring Speedy Gonzales (USA, Europe, Brazil) (En,Fr,De,Es)
gg	DA811BA6	Chessmaster, The (USA, Europe, Brazil) (En)
gg	6B0FCEC3	Chicago Syndicate (USA, Brazil) (En)
gg	A5FA4EAF	Chicago Syndicate (USA, Brazil) (En) (Beta 1)
gg	4AC79CEC	Chicago Syndicate (USA, Brazil) (En) (Beta 10)
gg	ABE696E5	Chicago Syndicate (USA, Brazil) (En) (Beta 11)
gg	5CD07AED	Chicago Syndicate (USA, Brazil) (En) (Beta 12)
gg	E1112763	Chicago Syndicate (USA, Brazil) (En) (Beta 13)
gg	D3614E4E	Chicago Syndicate (USA, Brazil) (En) (Beta 14)
gg	F68A3581	Chicago Syndicate (USA, Brazil) (En) (Beta 15)
gg	E3C0EA98	Chicago Syndicate (USA, Brazil) (En) (Beta 16)
gg	4158E203	Chicago Syndicate (USA, Brazil) (En) (Beta 17)
gg	E44D1B01	Chicago Syndicate (USA, Brazil) (En) (Beta 18)
gg	42BECEF6	Chicago Syndicate (USA, Brazil) (En) (Beta 19)
gg	448C6890	Chicago Syndicate (USA, Brazil) (En) (Beta 2)
gg	AFE46AA8	Chicago Syndicate (USA, Brazil) (En) (Beta 20)
gg	DD5F9327	Chicago Syndicate (USA, Brazil) (En) (Beta 21)
gg	B0597A54	Chicago Syndicate (USA, Brazil) (En) (Beta 22)
gg	8E149BB8	Chicago Syndicate (USA, Brazil) (En) (Beta 23)
gg	26CED733	Chicago Syndicate (USA, Brazil) (En) (Beta 24)
gg	AF43B940	Chicago Syndicate (USA, Brazil) (En) (Beta 3)
gg	9B2FD7F3	Chicago Syndicate (USA, Brazil) (En) (Beta 4)
gg	2036D4B7	Chicago Syndicate (USA, Brazil) (En) (Beta 5)
gg	F2C24745	Chicago Syndicate (USA, Brazil) (En) (Beta 6)
gg	463A2197	Chicago Syndicate (USA, Brazil) (En) (Beta 7)
gg	3CDB35B1	Chicago Syndicate (USA, Brazil) (En) (Beta 8)
gg	BF82CF83	Chicago Syndicate (USA, Brazil) (En) (Beta 9)
gg	C2E8A692	Choplifter III (USA)
gg	191B1ED8	Chuck Rock (World)
gg	CB3A1D23	Chuck Rock (World) (Beta)
gg	656708BF	Chuck Rock II - Son of Chuck (Europe, Brazil) (En)
gg	3FCC28C9	Chuck Rock II - Son of Chuck (USA)
gg	BF75B153	Cliffhanger (USA)
gg	D228A467	Clutch Hitter (USA)
gg	F3CA6676	Columns (Japan) (En)
gg	AC37E092	Columns (Japan) (En) (Rev A)
gg	83FA26D9	Columns (USA, Europe, Brazil) (En)
gg	BA0714DB	Cool Spot (Europe)
gg	2C758FC8	Cool Spot (USA)
gg	6CAA625B	Cosmic Spacehead (USA, Europe)
gg	F76913ED	Cracky Mini (World)
gg	03D28EAB	Crayon Shin-chan - Taiketsu! Kantam Panic!! (Japan)
gg	46AD6257	Crazy Faces (Europe) (Proto)
gg	D156B6D5	Cross Bomber (World) (v1.0)
gg	B53334C7	Cross Bomber (World) (v1.1)
gg	C2A8811C	Cross Chase (World) (v1.0)
gg	5CE19C14	Cross Chase (World) (v1.1)
gg	203CEEA1	Cross Horde (World) (v1.0)
gg	66E6968C	Cross Horde (World) (v1.1)
gg	4479ADC3	Cross Shoot (World)
gg	31505680	Cross Shuriken (World)
gg	030FC2A1	Cross Snake (World)
gg	54B37E2B	Cross Trex (World)
gg	9BB82CBC	Cross Trex (World) (Beta)
gg	92E342E3	Cross Verbix (World)
gg	529C864E	Crystal Warriors (USA, Europe)
gg	6A24E47E	CutThroat Island (USA)
gg	6352EF00	CutThroat Island (USA) (Beta)
gg	AAE268FC	Daffy Duck in Hollywood (Europe, Brazil) (En,Fr,De,Es,It)
gg	8821A7C9	Damojie Cun - Ghouls'n Ghosto (Taiwan) (En)
gg	638C4252	Dangerous Demolition (World)
gg	4C1DD4BA	Dangerous Demolition (World) (v1.1)
gg	696F446D	David Robinson's Supreme Court (USA) (Auto Demo)
gg	5A136D7E	Deep Duck Trouble Starring Donald Duck (USA, Europe, Brazil) (En)
gg	E2791CC1	Defenders of Oasis (USA, Europe)
gg	C674ECCC	Defenders of Oasis (USA, Europe) (Beta)
gg	41A367A0	Defenders of Oasis (USA, Europe) (Virtual Console)
gg	EC808026	Desert Speedtrap Starring Road Runner and Wile E. Coyote (Europe) (En,Fr,De,Es,It)
gg	C2E111AC	Desert Speedtrap Starring Road Runner and Wile E. Coyote (USA, Brazil) (En)
gg	3E44ECA3	Desert Strike (Europe) (En,Fr,De,Es)
gg	F6C400DA	Desert Strike - Return to the Gulf (USA)
gg	D43AC6C5	Devilish (Europe, Brazil) (En)
gg	25DB174F	Devilish (Japan) (En)
gg	C01293B0	Devilish (USA)
gg	2306AAF4	Dinobasher Starring Bignose the Caveman (Europe) (Proto)
gg	4457E7C0	Donald Duck no 4-Tsu no Hihou (Japan)
gg	2D98BD87	Donald Duck no Lucky Dime (Japan)
gg	87B8B612	Donald no Magical World (Japan) (En,Ja)
gg	EC3DCC27	Donkey.GG (World) (Proto)
gg	9A8B2C16	Doraemon - Noranosuke no Yabou (Japan)
gg	733292A6	Doraemon - Waku Waku Pocket Paradise (Japan)
gg	1307A290	Double Dragon (USA, Europe)
gg	331904C0	Double Dragon (USA, Europe) (Beta)
gg	3C2D4F48	Dr. Robotnik's Mean Bean Machine (USA, Europe)
gg	310015E4	Dracula no Shiro (Japan)
gg	19E1CF2B	Dragon - The Bruce Lee Story (Europe)
gg	12E0E85B	Dragon - The Bruce Lee Story (Europe) (Beta)
gg	17F588E8	Dragon - The Bruce Lee Story (USA)
gg	0EF2ED93	Dragon Crystal (USA, Europe)
gg	BAF4369D	Dragon Crystal (USA, Europe) (Virtual Console)
gg	89F12E1E	Dragon Crystal - Tsurani no Meikyuu (Japan)
gg	9C8534EC	Dragon Crystal - Tsurani no Meikyuu (Japan) (Virtual Console)
gg	77ED48F5	Dunk Kids (Japan) (En)
gg	F6AF4B6B	Dynamite Headdy (Japan) (En)
gg	843556B1	Dynamite Headdy (Japan) (En) (Beta)
gg	610FF95C	Dynamite Headdy (USA, Europe)
gg	7BF339C0	Dynamite Headdy (USA, Europe) (Beta 1)
gg	49389319	Dynamite Headdy (USA, Europe) (Beta 2)
gg	C7BEA89A	Dynamite Headdy (USA, Europe) (Beta 3)
gg	691AE339	Earthworm Jim (Europe)
gg	5D3F23A9	Earthworm Jim (USA)
gg	E2F3B203	Ecco - The Tides of Time (USA, Europe, Brazil) (En)
gg	A32EB9D5	Ecco the Dolphin (Japan)
gg	866C7113	Ecco the Dolphin (USA, Europe, Brazil) (En)
gg	55036BC6	Ecco the Dolphin (USA, Europe, Brazil) (En) (Beta 1)
gg	D4C74C02	Ecco the Dolphin (USA, Europe, Brazil) (En) (Beta 2)
gg	BA9CEF4F	Ecco the Dolphin II (Japan)
gg	64F17CAC	Empire Syndicate (USA) (Beta)
gg	5E53C7F7	Ernie Els Golf (Europe) (En,Fr,De,Es,It)
gg	04302BBD	Eternal Legend (Japan)
gg	36AAF536	Evander Holyfield's 'Real Deal' Boxing (USA, Europe)
gg	AA140C9C	Excellent Dizzy Collection, The (Europe)
gg	8BDB0806	F-15 Strike Eagle (USA, Europe)
gg	D0A93E00	F1 (USA, Europe)
gg	107092D0	F1 - World Championship Edition (Europe)
gg	78159325	FIFA International Soccer (Japan)
gg	E632A3A2	FIFA International Soccer (USA, Europe) (En,Fr,De,Es)
gg	C379DE95	FIFA Soccer 96 (USA, Europe) (En,Fr,De,Es)
gg	AAF6F87D	Faceball 2000 (Japan) (En)
gg	59E3BE92	Factory Panic (Europe, Brazil) (En)
gg	C888222B	Fantastic Dizzy (USA, Europe) (En,Fr,De,Es,It)
gg	D69097E8	Fantasy Zone (Japan, Europe) (En)
gg	FAD007DF	Fantasy Zone (USA, Brazil) (En)
gg	FBD76387	Fatal Fury Special (Europe)
gg	449787E2	Fatal Fury Special (USA)
gg	4835426E	Fire Track (World)
gg	87B4981C	Flying Hamburgers (World)
gg	D46D5685	Foreman for Real (Japan, USA) (En)
gg	C443C35C	Frank Thomas Big Hurt Baseball (USA)
gg	E123D9B8	Fray - Shugyou Hen (Japan)
gg	B1196CD7	Fred Couples Golf (Japan)
gg	46F40B9F	Fred Couples Golf (USA)
gg	02BBF994	Frogger (USA) (Proto)
gg	751DAD4C	From TV Animation Slam Dunk - Shouri e no Starting 5 (Japan)
gg	2333F615	G-LOC - Air Battle (Japan)
gg	33237F50	G-LOC - Air Battle (Japan) (Rev 1)
gg	18DE59ED	G-LOC - Air Battle (USA, Europe, Brazil) (En)
gg	1B80A75B	GG Aleste (Japan) (En)
gg	0A49407D	GG Aleste (Japan) (En) (Aleste Collection)
gg	5AE64731	GG Aleste 3 (Japan) (En) (Aleste Collection)
gg	13596065	GG Aleste II (Japan) (En) (Aleste Collection)
gg	E2E209C4	GG Hicolor Demo (World) (v1.00) (Auto Demo)
gg	1882C8D7	GG Hicolor Demo (World) (v1.01) (Auto Demo)
gg	E0B5215A	GG Nibbles (World) (v1.0)
gg	2E6C15AB	GG Nibbles (World) (v1.1)
gg	8CA15176	GG Nibbles (World) (v1.2)
gg	68979CF6	GG Nibbles (World) (v1.3)
gg	695CC120	GG Portrait - Pai Chan (Japan)
gg	51159F8F	GG Portrait - Yuuki Akira (Japan)
gg	83926BD1	GG Shinobi, The (Japan) (En)
gg	39212762	GG Turrican (World) (Demo 1)
gg	971CA630	GG Turrican (World) (Demo 2)
gg	0580B709	GLUF Tesla Frog (World) (v1.2)
gg	7A26EC6A	GP Rider (Japan) (En)
gg	876E9B72	GP Rider (World)
gg	12E4F6DB	GP Rider (World) (Beta)
gg	0593BA24	Galaga '91 (Japan) (En)
gg	95ECECE2	Galaga 2 (Europe)
gg	09534742	Gamble Panic (Japan)
gg	423803A7	Gambler Jiko Chuushinha (Japan)
gg	A1F2F4A1	Ganbare Gorby! (Japan)
gg	CD53F3AF	Garfield - Caught in the Act (USA, Europe)
gg	9AFB6F33	Garou Densetsu Special (Japan)
gg	0E300223	Gear Stadium (Japan)
gg	A0530664	Gear Stadium Heiseiban (Japan)
gg	E9A2EFB4	Gear Works (USA)
gg	58B44585	George Foreman's KO Boxing (USA, Europe)
gg	D2B6021E	Global Gladiators (Europe)
gg	ABBD0222	Global Golf (USA) (Proto)
gg	4CF97801	Gojira - Kaijuu Daishingeki (Japan)
gg	F27925B0	Greendog - The Beached Surfer Dude! (USA, Brazil) (En)
gg	A93E8B0F	Griffin (Japan) (En)
gg	C3C52767	Gunstar Heroes (Japan)
gg	518C4C44	Guntus Mini (World)
gg	DEF5A5D0	Halley Wars (Japan) (En)
gg	7E9DEA46	Halley Wars (USA, Europe, Brazil) (En)
gg	200068D9	Hamburgers en Route to Switzerland (World) (Proto 1)
gg	F4FAD7C2	Hamburgers en Route to Switzerland (World) (Proto 2)
gg	B6FF951D	Hamburgers en Route to Switzerland 2 (World)
gg	7E689995	Head Buster (Japan)
gg	BEED9150	Heavy Weight Champ (Japan)
gg	F712FC2D	Hermano (World)
gg	DDE29F74	Home Alone (USA, Europe, Brazil) (En)
gg	DFA805A0	Honoo no Toukyuuji - Dodge Danpei (Japan)
gg	A5AA5BA1	Hook (Europe)
gg	F53CED2E	Hook (USA)
gg	84FD672D	Hopman Mini (World)
gg	0A25EEC5	Hurricanes (Europe)
gg	42389270	Hyokkori Hyoutan-jima - Hyoutan-jima no Daikoukai (Japan)
gg	056CAE74	Hyper Pro Yakyuu '92 (Japan)
gg	07E1FA70	Impetus Mini (World)
gg	8E6E9131	Impetus+ Micro (World)
gg	DAB0F265	In the Wake of Vampire (Japan) (En)
gg	036E03F8	In the Wake of Vampire (Japan) (En) (Virtual Console)
gg	087FC247	Incredible Crash Dummies, The (World)
gg	D7055F88	Incredible Hulk, The (USA, Europe)
gg	B875226B	Indiana Jones and the Last Crusade (USA, Europe, Brazil) (En)
gg	847AE5CE	Iron Man X-O Manowar in Heavy Metal (USA)
gg	44E7E2DA	Itchy & Scratchy Game, The (USA, Europe)
gg	A12A28A0	J.League GG Pro-Striker '94 (Japan)
gg	ABDDF0EB	J.League Soccer - Dream Eleven (Japan)
gg	881A4524	James Bond 007 - The Duel (Europe)
gg	F8C31C15	James Bond 007 - The Duel (Europe) (Beta)
gg	68BB7F71	James Pond 3 - Operation Starfi5h (Europe)
gg	C2F7928B	James Pond II - Codename RoboCod (Europe)
gg	9FB5C155	James Pond II - Codename RoboCod (USA)
gg	76C5BDFB	Jang Pung II (Korea) (En)
gg	D7820C21	Jeopardy! (USA)
gg	5AB12961	Jeopardy! (USA) (Beta)
gg	2DD850B7	Jeopardy! - Sports Edition (USA)
gg	A59B4A09	Jiansheng Chuanshuo - Kenseiden Story (Taiwan)
gg	4A98678B	Joe Montana Football (Japan, Brazil) (En) (Rev 1)
gg	2E01BA6C	Joe Montana Football (USA, Europe)
gg	1EBFA5CA	Journey from Darkness - Strider Returns (USA, Europe)
gg	11085829	Journey from Darkness - Strider Returns (USA, Europe) (Beta)
gg	04D23FC4	Judge Dredd (USA, Europe)
gg	A8EF36A7	Junction (Japan) (En)
gg	32ABAA02	Junction (USA)
gg	90100884	Jungle Book, The (Europe)
gg	30C09F31	Jungle Book, The (USA)
gg	D51642B0	Jungle Strike (USA)
gg	2F536AE3	Jurassic Park (Japan)
gg	BD6F2321	Jurassic Park (USA, Europe, Brazil) (En)
gg	A362FD6B	Justin Harder Reel (World) (Auto Demo)
gg	9B40FC8E	KLAX (USA, Europe)
gg	2531800A	Kaiju Feeder (World)
gg	937FD52B	Kaitou Saint Tail (Japan)
gg	23F9150A	Kawasaki Superbike Challenge (Europe)
gg	FC508318	Kawasaki Superbike Challenge (USA)
gg	D9CE3F4C	Kenyuu Densetsu Yaiba (Japan)
gg	FD14CE00	Kick & Rush (Japan)
gg	4AF7F2AA	Kinetic Connection (Japan) (En)
gg	7D622BDD	Kishin Douji Zenki (Japan)
gg	D01E784F	Krusty's Fun House (USA, Europe)
gg	398F2358	Kuni-chan no Game Tengoku (Japan)
gg	F3774C65	Kuni-chan no Game Tengoku Part 2 (Japan)
gg	52DBF3E1	Land of Illusion Starring Mickey Mouse (USA, Europe, Brazil) (En)
gg	2D367C43	Last Action Hero (USA)
gg	CE5AD8B7	Legend of Illusion Starring Mickey Mouse (USA, Europe)
gg	1CC16AD9	Legend of Illusion Starring Mickey Mouse (USA, Europe) (Beta 1)
gg	63020617	Legend of Illusion Starring Mickey Mouse (USA, Europe) (Beta 2)
gg	A0565A5C	Legend of Illusion Starring Mickey Mouse (USA, Europe) (Beta 3)
gg	F9D4CEE9	Legend of Illusion Starring Mickey Mouse (USA, Europe) (Beta 4)
gg	670EDE92	Legend of Illusion Starring Mickey Mouse (USA, Europe) (Beta 5)
gg	DE8545AF	Legend of Illusion Starring Mickey Mouse (USA, Europe) (Beta 6)
gg	0FDE7BAA	Lemmings (World)
gg	51548F61	Lemmings (World) (Beta)
gg	FBC807E1	Lemmings 2 - The Tribes (Europe) (Proto)
gg	E7B92D77	Lift Mini (World)
gg	0CD9C20B	Lion King, The (Europe)
gg	C78B8637	Lion King, The (Japan)
gg	9808D7B3	Lion King, The (USA, Brazil) (En)
gg	3A531C3D	Lion King, The (USA, Brazil) (En) (Beta 1)
gg	3D0B31A2	Lion King, The (USA, Brazil) (En) (Beta 10)
gg	AACB7387	Lion King, The (USA, Brazil) (En) (Beta 2)
gg	214C13DC	Lion King, The (USA, Brazil) (En) (Beta 3)
gg	0E80EFE0	Lion King, The (USA, Brazil) (En) (Beta 4)
gg	8250C11E	Lion King, The (USA, Brazil) (En) (Beta 5)
gg	EB10A2D4	Lion King, The (USA, Brazil) (En) (Beta 6)
gg	C6AF9643	Lion King, The (USA, Brazil) (En) (Beta 7)
gg	4214C474	Lion King, The (USA, Brazil) (En) (Beta 8)
gg	B65030D0	Lion King, The (USA, Brazil) (En) (Beta 9)
gg	8D1597F5	Lost World, The - Jurassic Park (USA)
gg	07A7815A	Lucky Dime Caper Starring Donald Duck, The (USA, Europe, Brazil) (En)
gg	58459EDD	Lunar - Sanposuru Gakuen (Japan)
gg	1ECF07B4	MLBPA Baseball (USA)
gg	9F59D302	Madden 96 (USA, Europe)
gg	75C71EBF	Madden NFL 95 (USA)
gg	7EC95282	Madou Monogatari A - Dokidoki Vacation (Japan)
gg	00C34D94	Madou Monogatari I - 3tsu no Madoukyuu (Japan)
gg	12EB2287	Madou Monogatari II - Arle 16-Sai (Japan)
gg	0A634D79	Madou Monogatari III - Kyuukyoku Joou-sama (Japan)
gg	F9C3CE13	Madou Monogatari III - Kyuukyoku Joou-sama (Japan) (Beta)
gg	568F4825	Madou Monogatari III - Kyuukyoku Joou-sama (Japan) (Rev A)
gg	8F82A6B9	Magic Knight Rayearth (Japan)
gg	1C2C2B04	Magic Knight Rayearth 2 - Making of Magic Knight (Japan)
gg	CF6D7BC5	Magical Puzzle Popils (World)
gg	6E1CC23C	Magical Taruruuto-kun (Japan)
gg	36A2DA11	Mai Nurse (World)
gg	36EBCD6D	Majors, The - Pro Baseball (USA)
gg	D9A7F170	Man Overboard! (Europe)
gg	01D2DD2A	Mappy (Japan)
gg	9559E339	Marble Madness (USA, Europe)
gg	22C418BF	Marko's Magic Football (Europe) (En,Fr,De,Es)
gg	21402FFB	Master of Darkness (Europe) (Virtual Console)
gg	07D0EB42	Master of Darkness (Europe, Brazil) (En)
gg	AF6E6CBC	Mazy 2 Micro (World)
gg	FC3A058C	Mazy Mini (World)
gg	1ACE93AF	Mega Man (USA)
gg	2E4EC17B	Megami Tensei Gaiden - Last Bible (Japan)
gg	4EC30806	Megami Tensei Gaiden - Last Bible Special (Japan)
gg	FE12A92F	Mickey Mouse Densetsu no Oukoku - Legend of Illusion (Japan)
gg	9942B69B	Mickey Mouse no Castle Illusion (Japan) (En)
gg	0117C3DF	Mickey Mouse no Mahou no Crystal (Japan)
gg	ECCF7A4F	Mickey's Ultimate Challenge (USA)
gg	F7C524F6	Micro Machines (USA, Europe)
gg	C21E6CD0	Micro Machines (USA, Europe) (Beta)
gg	DBE8895C	Micro Machines 2 - Turbo Tournament (Europe)
gg	C3EB27E8	Mieyen Mini (World)
gg	9289DFCC	Mighty Morphin Power Rangers (USA, Europe)
gg	2887F04A	Mighty Morphin Power Rangers (USA, Europe) (Beta)
gg	B47C19E5	Mighty Morphin Power Rangers - The Movie (USA, Europe, Brazil) (En)
gg	4D5D15FB	Moldorian - Hikari to Yami no Sister (Japan)
gg	01A074AB	Monaco Master (World) (v1.1)
gg	453C5CEC	Monster Truck Wars (USA, Europe)
gg	EA89E0E7	Monster World II - Dragon no Wana (Japan)
gg	07494F2A	Mortal Kombat (USA, Europe)
gg	16DB4F6A	Mortal Kombat (USA, Europe) (Beta)
gg	DBFF0461	Mortal Kombat - Shinken Kourin Densetsu (Japan) (En)
gg	C2BE62BB	Mortal Kombat 3 (Europe)
gg	4B304E0F	Mortal Kombat II (World)
gg	1CDE85C9	Mr. Ultra 2 (World)
gg	99CA79AE	Mr. Ultra 2 (World) (Beta)
gg	5EE88BD5	Ms. Pac-Man (USA)
gg	19030108	NBA Action Starring David Robinson (USA, Brazil) (En)
gg	31084021	NBA Action Starring David Robinson (USA, Brazil) (En) (Beta 1)
gg	07649147	NBA Action Starring David Robinson (USA, Brazil) (En) (Beta 10)
gg	5E089FBC	NBA Action Starring David Robinson (USA, Brazil) (En) (Beta 11)
gg	0C0F6B4C	NBA Action Starring David Robinson (USA, Brazil) (En) (Beta 12)
gg	E73B02A4	NBA Action Starring David Robinson (USA, Brazil) (En) (Beta 13)
gg	C4B3328C	NBA Action Starring David Robinson (USA, Brazil) (En) (Beta 14)
gg	91E3026C	NBA Action Starring David Robinson (USA, Brazil) (En) (Beta 15)
gg	9265F8C3	NBA Action Starring David Robinson (USA, Brazil) (En) (Beta 16)
gg	21A79F63	NBA Action Starring David Robinson (USA, Brazil) (En) (Beta 17)
gg	AFC8A69E	NBA Action Starring David Robinson (USA, Brazil) (En) (Beta 18)
gg	188A319E	NBA Action Starring David Robinson (USA, Brazil) (En) (Beta 19)
gg	8C089DA5	NBA Action Starring David Robinson (USA, Brazil) (En) (Beta 2)
gg	6896B65D	NBA Action Starring David Robinson (USA, Brazil) (En) (Beta 20)
gg	AB721F11	NBA Action Starring David Robinson (USA, Brazil) (En) (Beta 21)
gg	82E882D6	NBA Action Starring David Robinson (USA, Brazil) (En) (Beta 22)
gg	D15AA940	NBA Action Starring David Robinson (USA, Brazil) (En) (Beta 23)
gg	4415C0BB	NBA Action Starring David Robinson (USA, Brazil) (En) (Beta 24)
gg	5254577A	NBA Action Starring David Robinson (USA, Brazil) (En) (Beta 25)
gg	75A5BC5D	NBA Action Starring David Robinson (USA, Brazil) (En) (Beta 26)
gg	80C0586C	NBA Action Starring David Robinson (USA, Brazil) (En) (Beta 27)
gg	A82049DF	NBA Action Starring David Robinson (USA, Brazil) (En) (Beta 28)
gg	E197A0BB	NBA Action Starring David Robinson (USA, Brazil) (En) (Beta 29)
gg	C658B5B3	NBA Action Starring David Robinson (USA, Brazil) (En) (Beta 3)
gg	C9E98A49	NBA Action Starring David Robinson (USA, Brazil) (En) (Beta 30)
gg	41DABD84	NBA Action Starring David Robinson (USA, Brazil) (En) (Beta 4)
gg	A34B2B4C	NBA Action Starring David Robinson (USA, Brazil) (En) (Beta 5)
gg	9824F77D	NBA Action Starring David Robinson (USA, Brazil) (En) (Beta 6)
gg	0D6BF79D	NBA Action Starring David Robinson (USA, Brazil) (En) (Beta 7)
gg	F9D5500B	NBA Action Starring David Robinson (USA, Brazil) (En) (Beta 8)
gg	E2341DCE	NBA Action Starring David Robinson (USA, Brazil) (En) (Beta 9)
gg	A49E9033	NBA Jam (Japan) (En)
gg	820FA4AB	NBA Jam (USA) (Rev 1) (Putative Proto)
gg	8F17597E	NBA Jam (USA, Europe)
gg	86C32E5B	NBA Jam - Tournament Edition (World)
gg	DC5B0407	NFL '95 (USA)
gg	8CD96D95	NFL '95 (USA) (Beta 1)
gg	088E4B6D	NFL '95 (USA) (Beta 10)
gg	B38F48B6	NFL '95 (USA) (Beta 11)
gg	474A162B	NFL '95 (USA) (Beta 12)
gg	2828CB66	NFL '95 (USA) (Beta 13)
gg	7F769052	NFL '95 (USA) (Beta 2)
gg	FE140EAA	NFL '95 (USA) (Beta 3)
gg	F77138DD	NFL '95 (USA) (Beta 4)
gg	A3B046E7	NFL '95 (USA) (Beta 5)
gg	3978387B	NFL '95 (USA) (Beta 6)
gg	FF70A26F	NFL '95 (USA) (Beta 7)
gg	132DB489	NFL '95 (USA) (Beta 8)
gg	C57C6AFD	NFL '95 (USA) (Beta 9)
gg	61785ED5	NFL Quarterback Club (World)
gg	C348E53A	NFL Quarterback Club 96 (USA)
gg	4680C7AA	NHL All-Star Hockey (USA)
gg	E583D999	NHL All-Star Hockey (USA) (Beta 1)
gg	50DCF5B6	NHL All-Star Hockey (USA) (Beta 10)
gg	499B06C2	NHL All-Star Hockey (USA) (Beta 11)
gg	16AF7995	NHL All-Star Hockey (USA) (Beta 12)
gg	74BE3C4C	NHL All-Star Hockey (USA) (Beta 13)
gg	0B1C38F4	NHL All-Star Hockey (USA) (Beta 14)
gg	0A4A6830	NHL All-Star Hockey (USA) (Beta 15)
gg	54F5EFB2	NHL All-Star Hockey (USA) (Beta 16)
gg	A587B13E	NHL All-Star Hockey (USA) (Beta 17)
gg	DFBA792A	NHL All-Star Hockey (USA) (Beta 2)
gg	E14D071B	NHL All-Star Hockey (USA) (Beta 3)
gg	8A2B6323	NHL All-Star Hockey (USA) (Beta 4)
gg	2551F22C	NHL All-Star Hockey (USA) (Beta 5)
gg	ECE5633B	NHL All-Star Hockey (USA) (Beta 6)
gg	82504476	NHL All-Star Hockey (USA) (Beta 7)
gg	49F8B9E4	NHL All-Star Hockey (USA) (Beta 8)
gg	87D8FE13	NHL All-Star Hockey (USA) (Beta 9)
gg	658713A5	NHL Hockey (USA, Europe)
gg	BCCE5FD4	Nazo Puyo (Japan)
gg	D8D11F8D	Nazo Puyo (Japan) (Rev A)
gg	54AB42A4	Nazo Puyo - Arle no Roux (Japan)
gg	4C874466	Nazo Puyo - Arle no Roux (Japan) (Beta)
gg	73939DE4	Nazo Puyo 2 (Japan)
gg	D0CDFAFC	Neko (World) (Demo 1)
gg	743B96A0	Neko (World) (Demo 2)
gg	3679BE80	Neko Daisuki! (Japan)
gg	A2B97DB3	Neuras Mini (World)
gg	20EF017A	Ninja Gaiden (Japan)
gg	C578756B	Ninja Gaiden (USA, Europe, Brazil) (En)
gg	C3056E15	Ninku (Japan)
gg	06247DD2	Ninku 2 - Tenkuuryuu-e no Michi (Japan)
gg	9140F239	Ninku Gaiden - Hiroyuki Daikatsugeki (Japan)
gg	4ED45BDA	Nomo Hideo no World Series Baseball (Japan)
gg	71FE9C80	Off the Wall (USA) (Proto)
gg	1D93246E	Olympic Gold (Europe) (En,Fr,De,Es,It,Nl,Pt,Sv)
gg	A2F9C7AF	Olympic Gold (Japan, USA, Brazil) (En,Fr,De,Es,It,Nl,Pt,Sv)
gg	3382D73F	Olympic Gold (Taiwan) (En,Fr,De,Es,It,Nl,Pt,Sv)
gg	3DCA13E6	Osotos Mini (World)
gg	1E673168	Ottifants, The (Europe) (En,Fr,De,Es,It)
gg	9014B322	OutRun (Europe, Brazil) (En)
gg	D58CB27C	OutRun (Japan, Korea) (En)
gg	01EAB89D	OutRun Europa (Europe)
gg	F037EC00	OutRun Europa (USA)
gg	542B6D8E	PGA Tour 96 (USA, Europe)
gg	1C77D996	PGA Tour Golf (USA) (Rev 1) (Putative Proto)
gg	9700BB65	PGA Tour Golf (USA, Europe)
gg	4A8AC851	PGA Tour Golf II (USA, Europe)
gg	9273EE2C	Pac-Attack (USA)
gg	A16C5E58	Pac-Man (Japan) (En)
gg	B318DD37	Pac-Man (USA)
gg	85595C91	Pac-Man (World)
gg	64C28E20	Pac-in-Time (USA) (Proto)
gg	E9783CEA	Panzer Dragoon Mini (Japan) (En)
gg	F54B6803	Paperboy (USA, Europe)
gg	8B2C454B	Paperboy 2 (USA)
gg	0B271DB6	Paperboy 2 (USA) (Beta)
gg	A3E06E7A	Pegged (World) (v1.02)
gg	0DA23CC1	Pengo (Europe)
gg	CE863DBA	Pengo (Japan) (En)
gg	B42D8430	Pet Club - Inu Daisuki! (Japan)
gg	C1756BEE	Pete Sampras Tennis (Europe)
gg	C597BA5D	Pete Sampras Tennis (USA)
gg	058D54F4	Petris (World) (v1.1) (Proto)
gg	1A51579D	Phantasy Star Adventure (Japan)
gg	A942514A	Phantasy Star Gaiden (Japan)
gg	281B1C3A	Phantom 2040 (USA, Europe)
gg	635C483A	Pinball Dreams (USA)
gg	CC90C723	Pocket Jansou (Japan)
gg	39DC7C0C	Pokemon - Red Version (World) (Proto)
gg	89D34067	Poker Face Paul's Blackjack (USA)
gg	D2E644B4	Poker Face Paul's Cribbage (USA) (Proto)
gg	23A56FB0	Poker Face Paul's Cribbage (USA) (Proto) (Source Code)
gg	AFD61B89	Poker Face Paul's Gin (USA)
gg	E783DAF8	Poker Face Paul's Poker (USA)
gg	0E9B0C0A	Poker Face Paul's Solitaire (USA)
gg	8DA58E3C	Polka Sheep (World)
gg	71DEBA5A	Pop Breaker (Japan) (En)
gg	3EF66810	Popeye no Beach Volleyball (Japan)
gg	AC369AE3	Power Drive (Europe)
gg	09DE1528	Power Strike II (Japan, Europe) (En)
gg	E5F789B9	Predator 2 (USA, Europe)
gg	2A34B5C7	Primal Rage (USA, Europe)
gg	22F5DD10	Prime (USA) (Proto 1)
gg	A4B46022	Prime (USA) (Proto 2)
gg	311D2863	Prince of Persia (USA, Europe)
gg	45F058D6	Prince of Persia (USA, Europe) (Beta)
gg	23E52698	Princess Gardening (Japan)
gg	6D3A10D3	Pro Yakyuu '91, The (Japan)
gg	A1A19135	Pro Yakyuu GG League '94 (Japan)
gg	2DA8E943	Pro Yakyuu GG League (Japan)
gg	AFCC7828	Psychic World (Japan)
gg	73779B22	Psychic World (USA, Europe, Brazil) (En) (Rev 1)
gg	407AC070	Putt & Putter (Japan, Korea) (En)
gg	ECC301DD	Putt & Putter (USA, Europe, Brazil) (En)
gg	D173A06F	Puyo Puyo (Japan) (En,Ja)
gg	3AB2393B	Puyo Puyo Tsuu (Japan)
gg	1095528D	Puyo Puyo Tsuu (Japan) (Virtual Console)
gg	9F64C2BB	Puzzle & Action - Ichidanto-R (Japan)
gg	09151743	Puzzle & Action - Tanto-R (Japan)
gg	8E54EE04	Puzzle Bobble (Japan)
gg	6C451EE1	Quest for the Shaven Yak Starring Ren Hoek & Stimpy (USA, Europe)
gg	736CDB76	Quiz Gear Fight!!, The (Japan)
gg	6DC3295E	R.B.I. Baseball '94 (USA)
gg	56201996	R.C. Grand Prix (USA)
gg	CCA47191	R.C. Grand Prix (USA) (Beta)
gg	9C76FB3A	Rastan Saga (Japan) (En)
gg	03E9C607	Revenge of Drancon (USA, Brazil) (En)
gg	A45FFFB7	Riddick Bowe Boxing (Japan) (En)
gg	38D8EC56	Riddick Bowe Boxing (USA)
gg	471C09B7	Ring Dash GG (World)
gg	100B77B2	Rise of the Robots (USA, Europe)
gg	EFE65B3B	Ristar (World)
gg	A1C214BD	Ristar (World) (Beta 1)
gg	672D38D5	Ristar (World) (Beta 2)
gg	A302413C	Ristar (World) (Beta 3)
gg	44FA6AE6	Ristar (World) (Beta 4)
gg	302D2B4B	Ristar (World) (Beta 5)
gg	176505D4	Road Rash (Europe)
gg	96045F76	Road Rash (USA)
gg	C71E6FA1	Road Toad (World) (v0.19) (Proto)
gg	069A0704	RoboCop 3 (World)
gg	4AB7FA4E	RoboCop Versus The Terminator (USA, Europe)
gg	445D7CD2	Royal Stone - Hirakareshi Toki no Tobira (Japan)
gg	591350A8	Ruptus Mini (World)
gg	95EFD52B	Ryuukyuu (Japan)
gg	5E2B39B8	SD Gundam - Winner's History (Japan)
gg	98171DEB	Samurai Shodown (USA)
gg	93FD73DC	Samurai Spirits (Japan)
gg	C7598B81	Sassou Shounen Eiyuuden - Coca-Cola Kid (Japan)
gg	3EB337DF	Schtroumpfs Autour du Monde, Les (Europe) (En,Fr,De,Es)
gg	EC0F2C72	Scratch Golf (Japan)
gg	C10DF4CE	Scratch Golf (USA)
gg	0924D2EC	Sega Game Pack 4 in 1 (Europe)
gg	758A7123	Sega Game Pack 4 in 1 (Europe) (Beta)
gg	5B68DA75	Sensible Soccer - European Champions (Europe)
gg	09F9ED60	Shadam Crusader - Harukanaru Oukoku (Japan)
gg	2AE8C75F	Shanghai II (Japan) (En)
gg	81314249	Shanghai II (Japan) (En) (Rev A)
gg	6FCB8AB0	Shaq Fu (USA)
gg	9C5C7F53	Shikinjou (Japan) (En)
gg	A6CA6FA9	Shining Force - The Sword of Hajya (USA)
gg	65E5345C	Shining Force - The Sword of Hajya (USA) (Beta 1)
gg	E97EC011	Shining Force - The Sword of Hajya (USA) (Beta 2)
gg	8BFC56C3	Shining Force - The Sword of Hajya (USA) (Beta 3)
gg	80DCA91D	Shining Force - The Sword of Hajya (USA) (Beta 4)
gg	1DC56BEB	Shining Force - The Sword of Hajya (USA, Europe) (Virtual Console)
gg	4D1F4699	Shining Force Gaiden - Ensei, Jashin no Kuni e (Japan)
gg	6019FE5E	Shining Force Gaiden - Final Conflict (Japan)
gg	EB05C8EC	Shining Force Gaiden - Final Conflict (Japan) (Virtual Console)
gg	30374681	Shining Force Gaiden II - Jashin no Kakusei (Japan)
gg	30F1C984	Shinobi (World) (Rev A)
gg	B62D934A	Shinobi (World) (Rev A) (Virtual Console)
gg	6201C694	Shinobi II - The Silent Fury (World)
gg	6A603EED	Side Pocket (USA)
gg	C0009274	Simpsons, The - Bart vs. the Space Mutants (USA, Europe)
gg	DA7BD5C7	Simpsons, The - Bart vs. the World (World)
gg	FFA447A9	Simpsons, The - Bartman Meets Radioactive Man (USA)
gg	3D9C92C7	Skweek (Japan)
gg	4DC6F555	Slider (USA, Europe)
gg	354E1CBD	Smurfs, The (Europe) (En,Fr,De,Es)
gg	D252DC65	Snake GBGG (World)
gg	FD06798C	Snepzhen Solitaire (World)
gg	F6F24B75	Solitaire FunPak (USA)
gg	06F2FC46	Solitaire Poker (USA, Europe)
gg	8AC0DADE	Sonic & Tails (Japan) (En)
gg	E0E3FB6A	Sonic & Tails (Japan) (En) (Sample)
gg	496BCE64	Sonic & Tails 2 (Japan) (En)
gg	031B9DA9	Sonic Blast (World)
gg	C09EF45B	Sonic Blast (World) (Beta 1)
gg	362B186D	Sonic Blast (World) (Beta 2)
gg	19DAD067	Sonic Blast (World) (Beta 3)
gg	5EECB549	Sonic Blast (World) (Beta 4)
gg	E6847AC0	Sonic Blast (World) (Beta 5)
gg	2F22A352	Sonic Blast (World) (Beta 6)
gg	663F2ABB	Sonic Chaos (USA, Europe, Brazil) (En)
gg	F95BBD91	Sonic Chaos (USA, Europe, Brazil) (En) (Beta)
gg	68F0A776	Sonic Drift (Japan) (En)
gg	BAAC1FC0	Sonic Drift (Japan) (En) (Auto Demo)
gg	D6E8A305	Sonic Drift 2 (World)
gg	5550173B	Sonic Labyrinth (World)
gg	B531A09E	Sonic Labyrinth (World) (Virtual Console)
gg	A9210434	Sonic Spinball (USA, Europe, Brazil) (En)
gg	3283580D	Sonic Spinball (USA, Europe, Brazil) (En) (Beta 1)
gg	1F1ABF2C	Sonic Spinball (USA, Europe, Brazil) (En) (Beta 10)
gg	E3B5CD1E	Sonic Spinball (USA, Europe, Brazil) (En) (Beta 11)
gg	BBAECF7C	Sonic Spinball (USA, Europe, Brazil) (En) (Beta 12)
gg	07D32244	Sonic Spinball (USA, Europe, Brazil) (En) (Beta 13)
gg	30A7D062	Sonic Spinball (USA, Europe, Brazil) (En) (Beta 14)
gg	221C4BA4	Sonic Spinball (USA, Europe, Brazil) (En) (Beta 15)
gg	E2FE976A	Sonic Spinball (USA, Europe, Brazil) (En) (Beta 16)
gg	BE76BF30	Sonic Spinball (USA, Europe, Brazil) (En) (Beta 17)
gg	A4833D27	Sonic Spinball (USA, Europe, Brazil) (En) (Beta 18)
gg	A035FD5C	Sonic Spinball (USA, Europe, Brazil) (En) (Beta 19)
gg	1A736612	Sonic Spinball (USA, Europe, Brazil) (En) (Beta 2)
gg	6107819D	Sonic Spinball (USA, Europe, Brazil) (En) (Beta 20)
gg	1AED8F62	Sonic Spinball (USA, Europe, Brazil) (En) (Beta 3)
gg	46657B4E	Sonic Spinball (USA, Europe, Brazil) (En) (Beta 4)
gg	1233C3E3	Sonic Spinball (USA, Europe, Brazil) (En) (Beta 5)
gg	AA7AEDB0	Sonic Spinball (USA, Europe, Brazil) (En) (Beta 6)
gg	2CA34AB2	Sonic Spinball (USA, Europe, Brazil) (En) (Beta 7)
gg	09B913D5	Sonic Spinball (USA, Europe, Brazil) (En) (Beta 8)
gg	F8A432F6	Sonic Spinball (USA, Europe, Brazil) (En) (Beta 9)
gg	3E31CB8C	Sonic The Hedgehog (Japan, USA) (En)
gg	816C0A1E	Sonic The Hedgehog (Japan, USA) (En) (Beta)
gg	D163356E	Sonic The Hedgehog (World) (Rev A)
gg	C2572208	Sonic The Hedgehog (World) (Rev A) (Virtual Console)
gg	D23A2A93	Sonic The Hedgehog - Triple Trouble (USA, Europe, Brazil) (En)
gg	80EB7CFB	Sonic The Hedgehog - Triple Trouble (USA, Europe, Brazil) (En) (Beta)
gg	15AD37A5	Sonic The Hedgehog 2 (USA) (Auto Demo)
gg	95A18EC7	Sonic The Hedgehog 2 (World)
gg	850727A0	Sonic The Hedgehog 2 (World) (Virtual Console)
gg	0F3E3840	Soukoban (Japan) (En)
gg	600C15B3	Space Harrier (World)
gg	BFEBEBC8	Space Tonbow (World)
gg	2651024E	Spider-Man (USA, Europe)
gg	BC240779	Spider-Man - Return of the Sinister Six (USA, Europe)
gg	742A372B	Spider-Man - X-Men - Arcade's Revenge (USA)
gg	7CA0FB6B	Spider-Man - X-Men - Arcade's Revenge (World) (Marvel MaXimum Collection)
gg	AB622ADC	Spirou (Europe) (Proto)
gg	920EA193	Sports Illustrated - Championship Football & Baseball (USA)
gg	A7AF7CA9	Sports Trivia (USA)
gg	C38D41C3	Sports Trivia (USA) (Beta 1)
gg	34407FE9	Sports Trivia (USA) (Beta 2)
gg	464F1B51	Sports Trivia (USA) (Beta 3)
gg	895AF58A	Sports Trivia (USA) (Beta 4)
gg	7524957C	Sports Trivia (USA) (Beta 5)
gg	7898919F	Sports Trivia (USA) (Beta 6)
gg	BBA4CF7B	Sports Trivia (USA) (Beta 7)
gg	15E7E261	Sports Trivia - Championship Edition (USA)
gg	A8D1AC51	Sports Trivia - Championship Edition (USA) (Beta 1)
gg	511B1D24	Sports Trivia - Championship Edition (USA) (Beta 10)
gg	517BD817	Sports Trivia - Championship Edition (USA) (Beta 11)
gg	E80459B3	Sports Trivia - Championship Edition (USA) (Beta 12)
gg	05047357	Sports Trivia - Championship Edition (USA) (Beta 13)
gg	E906FBD8	Sports Trivia - Championship Edition (USA) (Beta 14)
gg	F3F9A87B	Sports Trivia - Championship Edition (USA) (Beta 15)
gg	302B9B36	Sports Trivia - Championship Edition (USA) (Beta 16)
gg	3E3D6728	Sports Trivia - Championship Edition (USA) (Beta 17)
gg	C68762E6	Sports Trivia - Championship Edition (USA) (Beta 18)
gg	D61A366F	Sports Trivia - Championship Edition (USA) (Beta 19)
gg	CAF87D8B	Sports Trivia - Championship Edition (USA) (Beta 2)
gg	93B98F19	Sports Trivia - Championship Edition (USA) (Beta 20)
gg	818EC54C	Sports Trivia - Championship Edition (USA) (Beta 21)
gg	F88A55F4	Sports Trivia - Championship Edition (USA) (Beta 22)
gg	CAB74070	Sports Trivia - Championship Edition (USA) (Beta 23)
gg	961AE378	Sports Trivia - Championship Edition (USA) (Beta 24)
gg	352E8B8C	Sports Trivia - Championship Edition (USA) (Beta 25)
gg	8BDB184D	Sports Trivia - Championship Edition (USA) (Beta 26)
gg	1E360A20	Sports Trivia - Championship Edition (USA) (Beta 27)
gg	5B5DE94D	Sports Trivia - Championship Edition (USA) (Beta 28)
gg	26470D2B	Sports Trivia - Championship Edition (USA) (Beta 29)
gg	43BB6B10	Sports Trivia - Championship Edition (USA) (Beta 3)
gg	A3E57816	Sports Trivia - Championship Edition (USA) (Beta 4)
gg	E7AFF566	Sports Trivia - Championship Edition (USA) (Beta 5)
gg	18CF6145	Sports Trivia - Championship Edition (USA) (Beta 6)
gg	9A8AD5CA	Sports Trivia - Championship Edition (USA) (Beta 7)
gg	ACB7E580	Sports Trivia - Championship Edition (USA) (Beta 8)
gg	27816C09	Sports Trivia - Championship Edition (USA) (Beta 9)
gg	80156323	Star Trek - The Next Generation - The Advanced Holodeck Tutorial (USA)
gg	087FC5F0	Star Trek Generations - Beyond the Nexus (USA)
gg	0228769C	Star Wars (USA, Europe)
gg	DB9BC599	Star Wars (USA, Europe) (Rev 1)
gg	FC7C64E4	Stargate (World)
gg	4EB39BBA	Stinger (World)
gg	01A2D595	Street Battle (USA) (Proto)
gg	9FA727A0	Street Hero (USA) (Proto 1)
gg	FB481971	Street Hero (USA) (Proto 2)
gg	3D8BCF1D	Streets of Rage (World)
gg	0B618409	Streets of Rage 2 (World)
gg	6C395A69	Streets of Rage 2 (World) (Beta)
gg	B421C057	Striker (Europe) (En,Fr,De,Es,It)
gg	73D6745A	Super Battletank (USA)
gg	2A100717	Super Columns (Japan)
gg	8BA43AF3	Super Columns (USA, Europe)
gg	F28F89D1	Super Columns (USA, Europe) (Beta 1)
gg	56CF1D4F	Super Columns (USA, Europe) (Beta 2)
gg	ABE92434	Super Columns (USA, Europe) (Beta 3)
gg	81451FC0	Super Columns (USA, Europe) (Beta 4)
gg	5C4C633D	Super Columns (USA, Europe) (Beta 5)
gg	3D931952	Super Columns (USA, Europe) (Beta 6)
gg	096F4FF5	Super Columns (USA, Europe) (Beta 7)
gg	528CBBCE	Super Golf (Japan) (En)
gg	E9570F36	Super Golf (USA)
gg	10DBBEF4	Super Kick Off (Europe) (En,Fr,De,Es,It,Nl,Pt,Sv)
gg	B731BB80	Super Momotarou Dentetsu III (Japan)
gg	4F686C4A	Super Monaco GP (Japan, Korea) (En)
gg	FCF12547	Super Monaco GP (USA, Europe, Brazil) (En)
gg	E8B42B1F	Super Off Road (USA, Europe)
gg	A1160814	Super Off Road (USA, Europe) (Beta)
gg	3429D807	Super Princess' 2092 - Exodus (World)
gg	273218CA	Super Princess' 2092 - Exodus (World) (v1.1)
gg	1006E4E3	Super Smash T.V. (World)
gg	DFE38E24	Super Space Invaders (USA, Europe)
gg	4A38B6B6	Super Star Wars - Return of the Jedi (USA, Europe)
gg	73DF5A15	Superman - The Man of Steel (Europe)
gg	AA3F2172	Superman - The Man of Steel (Europe) (Beta)
gg	284482A8	Surf Ninjas (USA, Europe, Brazil) (En)
gg	F2984436	Sushi Nights (World)
gg	BDC4C3C9	Sushi Nights (World) (v1.01)
gg	934523BB	Sushi Nights (World) (v1.04)
gg	D0A447DD	Svellas Micro (World)
gg	B814AD3D	Swabby (World) (v1.11)
gg	45EF2062	Sylvan Tale (Japan)
gg	0B1BA87F	T2 - The Arcade Game (Japan) (En)
gg	9479C83A	T2 - The Arcade Game (USA, Europe)
gg	5BB6E5D6	Tails Adventure (World) (En,Ja)
gg	A354EA49	Tails Adventure (World) (En,Ja) (Virtual Console)
gg	88618AFA	Tails' Skypatrol (Japan) (En)
gg	CF9C607C	Taisen Mahjong HaoPai (Japan)
gg	20527530	Taisen Mahjong HaoPai 2 (Japan)
gg	7B7717B8	Taisen-gata Daisenryaku G (Japan)
gg	7BB81E3D	Taito Chase H.Q. (Japan) (En)
gg	F1732FFE	TaleSpin (USA, Europe, Brazil) (En)
gg	DD1D2EBF	Tama & Friends - 3 Choume Kouen Tamalympic (Japan)
gg	57834C03	Tarot no Yakata (Japan)
gg	EF3AFE8B	Tarzan - Lord of the Jungle (Europe)
gg	BEC57602	Tatakae! Pro Yakyuu Twin League (Japan)
gg	EEBAD66B	Taz in Escape from Mars (USA, Europe, Brazil) (En)
gg	030F396A	Taz in Escape from Mars (USA, Europe, Brazil) (En) (Beta 1)
gg	D84A631C	Taz in Escape from Mars (USA, Europe, Brazil) (En) (Beta 10)
gg	61330A58	Taz in Escape from Mars (USA, Europe, Brazil) (En) (Beta 11)
gg	1F040BCA	Taz in Escape from Mars (USA, Europe, Brazil) (En) (Beta 12)
gg	C867DA05	Taz in Escape from Mars (USA, Europe, Brazil) (En) (Beta 13)
gg	FAF4BEC0	Taz in Escape from Mars (USA, Europe, Brazil) (En) (Beta 14)
gg	92388016	Taz in Escape from Mars (USA, Europe, Brazil) (En) (Beta 2)
gg	9267D968	Taz in Escape from Mars (USA, Europe, Brazil) (En) (Beta 3)
gg	57747640	Taz in Escape from Mars (USA, Europe, Brazil) (En) (Beta 4)
gg	A43FDFAD	Taz in Escape from Mars (USA, Europe, Brazil) (En) (Beta 5)
gg	6CD0FD78	Taz in Escape from Mars (USA, Europe, Brazil) (En) (Beta 6)
gg	3C03919D	Taz in Escape from Mars (USA, Europe, Brazil) (En) (Beta 7)
gg	09679B89	Taz in Escape from Mars (USA, Europe, Brazil) (En) (Beta 8)
gg	18913D93	Taz in Escape from Mars (USA, Europe, Brazil) (En) (Beta 9)
gg	36040C24	Taz-Mania (USA, Europe, Brazil) (En)
gg	DE466796	Tempo Jr. (World)
gg	A33B5B92	Tempo Jr. (World) (Beta 1)
gg	3475D48E	Tempo Jr. (World) (Beta 2)
gg	FB9A5885	Tempo Jr. (World) (Beta 3)
gg	E484E41C	Tempo Jr. (World) (Beta 4)
gg	AB6DC88C	Tempo Jr. (World) (Beta 5)
gg	96D64B16	Tempo Jr. (World) (Beta 6)
gg	7AFEDF36	Tempo Jr. (World) (Beta 7)
gg	3EF6551C	Tempo Jr. (World) (Beta 8)
gg	79E83D67	Tempo Jr. (World) (Beta 9)
gg	DD6D2E34	Tengen World Cup Soccer (USA, Europe)
gg	8E6818AE	Tengen World Cup Soccer (USA, Europe) (Beta)
gg	1BD15773	Terminator 2 - Judgment Day (World)
gg	C029A5FD	Terminator, The (USA, Europe)
gg	BF696F94	Tesserae (USA)
gg	1CDDD2A3	Tesserae (USA) (Beta)
gg	E0654D27	Tetris4GG (World) (v0.9)
gg	969CF389	Tintin in Tibet (Europe) (En,Fr,De,Es,Nl,Sv)
gg	A1453EFA	Tom and Jerry - The Movie (Japan, Brazil) (En,Ja)
gg	5CD33FF2	Tom and Jerry - The Movie (USA, Europe) (En,Ja)
gg	5BCF9B97	Torarete Tamaruka (Japan)
gg	5173B02A	True Lies (World)
gg	820965A3	Ultimate Soccer (Japan, Europe, Brazil) (En,Fr,De,Es,It)
gg	185E9FC1	Urban Strike (USA)
gg	B0F22745	VR Troopers (USA, Europe, Brazil) (En)
gg	7EC64025	Vampire - Master of Darkness (USA)
gg	5856849C	Vampire - Master of Darkness (USA) (Virtual Console)
gg	3C456BBF	Vexed (World) (v1.15)
gg	D431C452	Virtua Fighter Animation (USA, Europe)
gg	C05657F8	Virtua Fighter Mini (Japan)
gg	8DC68D92	WWF Raw (USA, Europe)
gg	DA8E95A9	WWF Wrestlemania - Steel Cage Challenge (USA, Europe)
gg	29E697B2	Wagyan Land (Japan)
gg	6BB36DFC	Waternet (World)
gg	E91CDB2A	Wheel of Fortune (USA)
gg	D460CC7F	WildSnake (USA) (Proto)
gg	CE1108FD	Wimbledon (World)
gg	5CDB0762	Wing Warriors (World)
gg	DC5885FF	Wing Warriors (World) (En,Fr,Es) (v1.0)
gg	0BEB8382	Wing Warriors (World) (En,Fr,Es) (v1.1)
gg	7FC13192	Wing Warriors (World) (En,Fr,Es,Pt)
gg	D5195A39	Winter Olympics (Japan) (En,Fr,De,Es,It,Pt,Sv,No)
gg	D15D335B	Winter Olympics (USA, Europe) (En,Fr,De,Es,It,Pt,Sv,No)
gg	9E03F96C	Wizard Pinball (Europe)
gg	840A8F8E	Wolfchild (Europe)
gg	C2760884	Wolfenstein (World) (v1.16)
gg	EA2DD3A7	Wonder Boy (Europe)
gg	9977FCB3	Wonder Boy (Japan) (En)
gg	523C92CB	Wonder Boy (USA) (Beta)
gg	A74C97A7	Wonder Boy - The Dragon's Trap (Europe)
gg	DB1B5B44	Wonder Boy III - The Dragon's Trap (Europe) (Beta)
gg	5E7B18C8	Wonder Kid (USA) (Proto)
gg	9C0E5A04	Woody Pop (Japan) (En)
gg	B74F3A4F	Woody Pop (USA, Europe, Brazil) (En)
gg	868FE528	World Class Leaderboard (USA, Europe)
gg	D2BB3690	World Cup USA 94 (USA, Europe, Brazil) (En,Fr,De,Es,It,Nl,Pt,Sv)
gg	1E81861F	World Derby (Japan)
gg	578A8A38	World Series Baseball '95 (USA)
gg	496515A6	World Series Baseball '95 (USA) (Beta 1)
gg	410F1CA0	World Series Baseball '95 (USA) (Beta 2)
gg	5F7CCA5F	World Series Baseball '95 (USA) (Beta 3)
gg	6073CD59	World Series Baseball '95 (USA) (Beta 4)
gg	4190AD97	World Series Baseball '95 (USA) (Beta 5)
gg	F1987DE6	World Series Baseball '95 (USA) (Beta 6)
gg	3D8D0DD6	World Series Baseball (USA)
gg	BB38CFD7	World Series Baseball (USA) (Rev A)
gg	A7E07D1E	World of Sport, The - Golf (USA) (Proto)
gg	567A5EE6	X-Men (USA)
gg	66CC4034	X-Men - GameMaster's Legacy (USA, Europe) (Beta 1)
gg	271A0A1D	X-Men - GameMaster's Legacy (USA, Europe) (Beta 2)
gg	A3CF94BA	X-Men - GameMaster's Legacy (USA, Europe) (Beta 3)
gg	C169C344	X-Men - Gamemaster's Legacy (USA, Europe)
gg	C2CBA9D7	X-Men - Mojo World (USA)
gg	626F9987	X-Men - Mojo World (USA) (Beta 1)
gg	C4F3CED4	X-Men - Mojo World (USA) (Beta 2)
gg	78001A5D	X-Men - Mojo World (USA) (Beta 3)
gg	D4D2F077	X-Men - Mojo World (USA) (Beta 4)
gg	425AC73F	X-Men - Mojo World (USA) (Beta 5)
gg	D44925EA	X-Men - Mojo World (USA) (Beta 6)
gg	BA71DA19	X-Men - Mojo World (USA) (Beta 7)
gg	BFB52BB3	Yakitori Meijin Torigin (Japan)
gg	52CB91DF	Yewdow Mini (World)
gg	E678F264	Yogi Bear in Yogi Bear's Goldrush (Europe) (Proto)
gg	88EBBF9E	Yu Yu Hakusho - Horobishimono no Gyakushuu (Japan) (En)
gg	46AE9159	Yu Yu Hakusho II - Gekitou! Nanakyou no Tatakai (Japan)
gg	26DEC9CE	Yum! (World) (v0.33) (Proto)
gg	141AAF96	Zan Gear (Japan)
gg	23904898	Zool - Ninja of the 'Nth' Dimension (Europe)
gg	B287C695	Zool - Ninja of the 'Nth' Dimension (USA)
gg	E35EF7ED	Zool no Yume Bouken (Japan) (En)
gg	3247FF8B	Zoop (USA)
gg	F397F041	Zoop (USA) (Beta)
gg	590F9C54	Zoop'em Up (World)
sg	90160849	007 James Bond (Japan) (Othello Multivision)
sg	A8B5B57F	007 James Bond (Japan) (Othello Multivision) (Alt)
sg	76D6C64D	007 James Bond (Taiwan) (Othello Multivision)
sg	EA921F7C	Arno Dash (World) (v1.00)
sg	6DAD65D3	Arno Dash (World) (v1.03)
sg	D8A87095	Bank Panic (Japan)
sg	BD43FDE4	Bank Panic (Taiwan)
sg	26ECD094	Black Onyx, The (Japan)
sg	EA0F2691	Bomb Jack (Japan, Australia) (Ja)
sg	0C69D837	Bomb Jack (Korea) (En) (English Logo)
sg	B0C7B310	Bomb Jack (Korea) (En) (Korean Logo)
sg	DEB213FE	Bomb Jack (Taiwan) (Chinese Logo)
sg	CDA3A335	Bomb Jack (Taiwan) (English Logo)
sg	CE5648C3	Bomberman Special (Taiwan) (Chinese Logo)
sg	69FC1494	Bomberman Special (Taiwan) (English Logo)
sg	0B4BCA74	Borderline (Japan, Europe, Australia, New Zealand) (En)
sg	BE7ED0EB	C_So! (Japan)
sg	82C4E3E5	C_So! (Taiwan)
sg	9D91AB78	Cabbage Patch Kids (Taiwan)
sg	092F29D6	Castle, The (Japan)
sg	2E366CCF	Castle, The (Taiwan)
sg	D37BDA49	Chack'n Pop (Japan)
sg	D81A72CE	Chack'n Pop (Taiwan)
sg	C5F014DC	Challenge Derby (Japan) (Othello Multivision)
sg	C91551DA	Challenge Derby (Japan) (Rev 1) (Othello Multivision)
sg	02BC891F	Challenge Derby (Japan) (Rev 1) (Othello Multivision) (Alt)
sg	5970A12B	Champion Baseball (Japan)
sg	C0C16FA7	Champion Baseball (Japan, Australia, New Zealand) (Ja)
sg	677E6878	Champion Baseball (Taiwan)
sg	62B21E31	Champion Billiards (Japan)
sg	56D85BD4	Champion Billiards (Taiwan)
sg	F8B2AC1D	Champion Boxing (Japan) (Rev 1)
sg	26F947D1	Champion Boxing (Japan, New Zealand) (Ja)
sg	15D2CE33	Champion Boxing (Taiwan)
sg	5A904122	Champion Golf (Japan) (Rev 1)
sg	868419B5	Champion Golf (Japan, Europe, Australia, New Zealand) (Ja)
sg	35AF42AD	Champion Golf (Korea) (En)
sg	BDC05652	Champion Ice Hockey (Japan)
sg	EC0B862C	Champion Ice Hockey (Korea) (En)
sg	C6E5192F	Champion Ice Hockey (Taiwan)
sg	10CDEBCE	Champion Kendou (Japan)
sg	A5F61363	Champion Kendou (Taiwan)
sg	372FE6BC	Champion Pro Wrestling (Japan)
sg	6F39719E	Champion Soccer (Japan, Europe) (Ja)
sg	269C1AEE	Champion Soccer (Taiwan)
sg	7C663316	Champion Tennis (Japan, Europe, Australia, New Zealand) (Ja)
sg	11DB4B1D	Championship Lode Runner (Japan, Australia) (Ja)
sg	EC95EBCB	Championship Lode Runner (Taiwan)
sg	60D5C65D	Cheril Perils Classic (World)
sg	B260B74E	Cheril Perils Classic (World) (PAL)
sg	732B7180	Choplifter (Japan, Australia) (Ja)
sg	FF435469	Choplifter (Japan, Australia) (Ja) (Beta)
sg	954D8F26	Choplifter (Korea) (En)
sg	746A8D86	Choplifter (Taiwan) (Chinese Logo)
sg	7C603987	Choplifter (Taiwan) (English Logo)
sg	825E1AAE	Choplifter (Taiwan) (No Logo)
sg	7F7F009D	Circus Charlie (Korea)
sg	3404FCE4	Circus Charlie (Taiwan)
sg	AD19C0A0	Complete Arcade Pack Collection, The (New Zealand) (SF-7000)
sg	5EB48A20	Congo Bongo (Japan)
sg	F1506565	Congo Bongo (Japan, Europe) (Ja) (Rev 1) (Alt)
sg	5A24C7CF	Congo Bongo (Japan, Europe, Australia, New Zealand) (En) (Rev 1)
sg	F7EB94C5	Congo Bongo (Taiwan)
sg	346556B9	Doki Doki Penguin Land (Japan)
sg	FDC095BC	Doki Doki Penguin Land (Taiwan)
sg	60F30138	Dragon Wang (Japan)
sg	99C3DE21	Dragon Wang (Japan) (Rev 1)
sg	7C7D4397	Dragon Wang (Taiwan) (Chinese Logo)
sg	6F94E5C0	Dragon Wang (Taiwan) (English Logo)
sg	288940CB	Drol (Japan, Australia) (Ja)
sg	1D7C53BB	Drol (Korea)
sg	B7FC033D	Drol (Taiwan)
sg	5AF8F69D	Elevator Action (Japan)
sg	6846E36D	Elevator Action (Taiwan)
sg	A2C45B61	Exerion (Japan, Europe, Australia, New Zealand) (En)
sg	FC628D0D	Exerion (Korea)
sg	B5C84A32	Exerion (Taiwan)
sg	26D2862C	Flicky (Japan) (Rev 1)
sg	BD24D27B	Flicky (Japan, New Zealand) (Ja)
sg	CD0666A7	Flicky (Taiwan)
sg	942ADF84	GP World (Japan)
sg	191FFE0A	GP World (Japan) (Rev 1)
sg	F19F7548	GP World (Taiwan)
sg	1898F274	Girl's Garden (Japan, Australia) (Ja)
sg	B9635AC4	Girl's Garden (Taiwan)
sg	0D159ED0	Golgo 13 (Japan)
sg	15A754A3	Gulkave (Japan)
sg	DDCB708B	Gulkave (Korea)
sg	61FA9EA0	Guzzler (Japan) (Othello Multivision)
sg	EB808158	Guzzler (Taiwan) (Othello Multivision)
sg	4587DE6E	H.E.R.O. (Japan)
sg	83958998	H.E.R.O. (Taiwan) (Chinese Logo)
sg	96F09C6D	H.E.R.O. (Taiwan) (English Logo)
sg	9BE3C6BD	Hang On II (Japan, Australia) (Ja)
sg	E98A111E	Hang On II (Taiwan) (Chinese Logo)
sg	CABD451B	Hang On II (Taiwan) (English Logo)
sg	C9D1AE7D	Home Mahjong (Japan)
sg	E7E0F0E3	Home Mahjong (Japan) (Rev 1)
sg	0583A9FA	Home Mahjong (Taiwan)
sg	A627D440	Hustle Chumy (Japan)
sg	C4ED1FD9	Hustle Chumy (Taiwan)
sg	BA09A0FD	Hyper Sports (Japan)
sg	3157EF9C	Hyper Sports (Korea)
sg	87619AC2	Hyper Sports (Taiwan)
sg	B0234E12	Hyper Sports 2 (Taiwan)
sg	89BAFEC5	I.Q. (Korea)
sg	7654E077	Kamikaze (France) (En) (SF-7000)
sg	223397A1	King's Valley (Taiwan)
sg	281D2888	Knightmare (Taiwan)
sg	2E7166D5	Legend of Kage, The (Taiwan)
sg	00ED3970	Lode Runner (Japan, Europe, Australia) (En)
sg	E68BC7D6	Lode Runner (Korea)
sg	D953BDB7	Lode Runner (Taiwan)
sg	FFC4EE3F	Magical Kid Wiz (Taiwan)
sg	B3A8291A	Magical Tree (Taiwan)
sg	6D909857	Mahjong (Japan)
sg	1C137CAB	Mahjong (Japan) (Rev 1)
sg	BC823A89	Mahjong (Taiwan)
sg	DA2D57F3	Monaco GP (Japan) (Rev 1)
sg	02E5D66A	Monaco GP (Japan, Europe) (Ja) (Rev 2)
sg	8572D73A	Monaco GP (Japan, Europe, Australia, New Zealand) (Ja)
sg	01CDA679	Monaco GP (Taiwan)
sg	B377D6E1	N-Sub (Japan) (Alt)
sg	652BBD1E	N-Sub (Japan, Europe, Australia, New Zealand) (Ja)
sg	3E371769	N-Sub (Taiwan)
sg	3B912408	Ninja Princess (Japan, Australia) (Ja)
sg	464D144B	Ninja Princess (Taiwan)
sg	547DD7FD	Okamoto Ayako no Match Play Golf (Japan) (Othello Multivision)
sg	49D3DB2C	Okamoto Ayako no Match Play Golf (Japan) (Rev 1) (Othello Multivision)
sg	B60492D5	Okamoto Ayako no Match Play Golf (Taiwan) (Othello Multivision)
sg	F4F78B76	Orguss (Japan, Europe, Australia, New Zealand) (En)
sg	AF4F14BC	Othello (Japan)
sg	1D1A0CA3	Othello (Taiwan)
sg	19949375	Pacar (Japan) (Alt)
sg	30C52E5E	Pacar (Japan, Europe, Australia, New Zealand) (En)
sg	DD6817A0	Pacar (Taiwan)
sg	326587E1	Pachinko (Japan)
sg	FD7CB50A	Pachinko II (Japan)
sg	6EBE81BF	Pachinko II (Taiwan)
sg	4D972A9E	Ping Pong (Taiwan)
sg	DF7CBFA5	Pippols (Taiwan)
sg	476A079B	Pitfall II (Taiwan) (Chinese Logo)
sg	4E93BC8E	Pitfall II (Taiwan) (English Logo)
sg	37FCA2EB	Pitfall II - The Lost Caverns (Japan)
sg	3DB74761	Pitfall II - The Lost Caverns (Japan) (Rev 1)
sg	DB6404BA	Pop Flamer (Japan, Europe, Australia, New Zealand) (En)
sg	AB1DA8A6	Pop Flamer (Taiwan)
sg	5CA7B5C4	Poseidon Wars + Space Panic + Rambo (France) (En) (SF-7000)
sg	77DB4704	Q-bert (Japan) (Othello Multivision)
sg	306D5F78	Rally-X (Taiwan) (Chinese Logo)
sg	AAAC12CF	Rally-X (Taiwan) (English Logo)
sg	29E047CC	Road Fighter (Taiwan) (Chinese Logo)
sg	D2EDD329	Road Fighter (Taiwan) (English Logo)
sg	0FFDD03D	Rock n' Bolt (Japan)
sg	4EACB981	Rock n' Bolt (Taiwan) (Chinese Logo)
sg	09A82AF7	Rock n' Bolt (Taiwan) (English Logo)
sg	49E9718B	Safari Hunting (Japan, Europe, Australia, New Zealand) (Ja)
sg	6DC51C01	Safari Hunting (Taiwan)
sg	08707FE3	Safari Race (Japan, Europe, Australia, New Zealand) (Ja)
sg	B2724428	Safari Race (Taiwan)
sg	885FA64D	San-nin Mahjong (Japan) (Othello Multivision)
sg	0E641F36	San-nin Mahjong (Japan) (Othello Multivision) (Alt)
sg	6FD17655	San-nin Mahjong (Taiwan) (Othello Multivision)
sg	FD76AD99	Sega Flipper (Japan) (Alt)
sg	8EFC77BC	Sega Flipper (Japan, Europe, Australia, New Zealand) (En)
sg	042C36BA	Sega Flipper (Taiwan)
sg	31283003	Sega-Galaga (Japan)
sg	981E36C1	Sega-Galaga (Japan, Australia) (Ja)
sg	845BBB22	Sega-Galaga (Taiwan)
sg	545FC9BB	Serizawa Hachidan no Tsumeshougi (Japan)
sg	5A917E06	Shinnyushain Tooru-kun (Japan)
sg	33FC5CF6	Shinnyushain Tooru-kun (Taiwan)
sg	01932DF9	Sindbad Mystery (Japan, Europe, Australia, New Zealand) (En)
sg	945F7847	Sindbad Mystery (Taiwan)
sg	922C5468	Soukoban (Japan, Australia) (Ja)
sg	148EA752	Soukoban (Korea)
sg	A2C3FC97	Soukoban (Taiwan)
sg	D5FDB4A3	Space Armor (Japan) (Othello Multivision)
sg	D23B0E3E	Space Armor (Japan) (Othello Multivision) (Alt)
sg	AC4F0A5C	Space Armor (Japan) (Rev 1) (Othello Multivision)
sg	6AD5CB3D	Space Invaders (Japan)
sg	0760EA93	Space Invaders (Taiwan)
sg	BBD87D8F	Space Mountain (Japan) (Othello Multivision)
sg	B8B58B30	Space Slalom (Japan)
sg	B846B52A	Star Force (Japan, Australia) (Ja)
sg	1F736931	Star Force (Taiwan)
sg	6F9B1CCD	Star Force (Taiwan) (Alt)
sg	1AE94122	Star Jacker (Japan)
sg	3FE59505	Star Jacker (Japan, Europe) (En) (Rev 2)
sg	7F25DECA	Star Jacker (Japan, Europe, Australia, New Zealand) (En) (Rev 1)
sg	DF162201	Star Jacker (Taiwan)
sg	E0816BB7	Star Soldier (Taiwan)
sg	084CC13E	Super Tank (Japan)
sg	4C48B7AC	Super Tank (Korea)
sg	D0C3DF3F	Super Tank (Taiwan)
sg	5CBD1163	Tank Battalion (Taiwan)
sg	C550B4F0	TwinBee (Taiwan)
sg	6159A842	Vexed (World) (v1.03)
sg	E8F0344D	Wonder Boy (Japan) (Rev 1)
sg	160535C5	Wonder Boy (Japan, Australia) (Ja)
sg	953FC2B2	Wonder Boy (Taiwan)
sg	9C7497FF	Yamato (Japan) (Alt)
sg	E2FD5201	Yamato (Japan, Europe, Australia, New Zealand) (En)
sg	B65A093F	Yamato (Taiwan)
sg	BB0F1930	Yie Ar Kung-Fu (Taiwan)
sg	FC87463C	Yie Ar Kung-Fu II (Taiwan)
sg	905467E4	Zaxxon (Japan)
sg	49CAE925	Zaxxon (Taiwan)
sg	BC5D20DF	Zippy Race (Japan, Australia) (Ja)
sg	BCF441A5	Zippy Race (Taiwan)
sg	093830D8	Zoom 909 (Japan)
sg	9943FC2B	Zoom 909 (Taiwan)
